image;plate_num;plate_type;bbox;quad;is_vehicle;is_synthetic;source;license;conditions
images/synthetic/synth_00000.jpg;E775OA763;type1a;171,165,353,284;187,165,520,243,524,449,171,401;1;1;generator_v1;CC-BY-4.0;day,angle
images/synthetic/synth_00001.jpg;C804CY16;type1a;435,326,360,260;479,326,795,381,752,586,435,579;1;1;generator_v1;CC-BY-4.0;day,angle,glare,dirt
images/synthetic/synth_00002.jpg;X071EM196;type1b;212,288,338,109;235,288,550,319,529,397,212,355;1;1;generator_v1;CC-BY-4.0;day,angle
images/synthetic/synth_00003.jpg;E208BM78;type1a;504,76,485,306;504,131,922,76,989,305,544,382;1;1;generator_v1;CC-BY-4.0;day,angle,dirt,motion_blur
images/synthetic/synth_00004.jpg;H277CO116;type1b;159,345,292,94;166,345,451,373,444,439,159,406;1;1;generator_v1;CC-BY-4.0;day,angle,dirt
images/synthetic/synth_00005.jpg;Y762AH102;type1;728,160,359,127;728,198,1069,160,1087,235,746,287;1;1;generator_v1;CC-BY-4.0;day,angle,glare,dirt
images/synthetic/synth_00006.jpg;T001PK66;type1;651,350,452,141;662,350,1103,397,1093,491,651,460;1;1;generator_v1;CC-BY-4.0;day,angle,dirt,motion_blur
images/synthetic/synth_00007.jpg;X457XA38;type1;553,468,159,43;553,469,712,468,712,511,553,508;1;1;generator_v1;CC-BY-4.0;day,angle
images/synthetic/synth_00008.jpg;E750AP193;type1;499,570,265,75;508,570,764,582,756,645,499,626;1;1;generator_v1;CC-BY-4.0;day,angle,glare
images/synthetic/synth_00009.jpg;Y461KB716;type1;137,485,441,120;155,485,578,516,571,605,137,567;1;1;generator_v1;CC-BY-4.0;day,angle,dirt
images/synthetic/synth_00010.jpg;X418OO178;type1b;209,593,265,71;210,593,470,612,474,664,209,647;1;1;generator_v1;CC-BY-4.0;day,angle,dirt
images/synthetic/synth_00011.jpg;E977OH190;type1a;350,152,444,361;350,189,760,152,794,407,399,513;1;1;generator_v1;CC-BY-4.0;day,angle,dirt,motion_blur
images/synthetic/synth_00012.jpg;T384BK177;type1a;640,153,444,285;662,153,1084,197,1060,438,640,411;1;1;generator_v1;CC-BY-4.0;day,angle
images/synthetic/synth_00013.jpg;M361AT750;type1a;253,88,330,255;253,148,551,88,583,318,280,343;1;1;generator_v1;CC-BY-4.0;day,angle,glare,dirt
images/synthetic/synth_00014.jpg;C439ME38;type1b;275,357,340,111;292,357,615,386,600,468,275,428;1;1;generator_v1;CC-BY-4.0;day,angle,glare,dirt
images/synthetic/synth_00015.jpg;Y392PX178;type1b;366,299,245,78;366,320,604,299,611,362,372,377;1;1;generator_v1;CC-BY-4.0;day,angle,glare
images/synthetic/synth_00016.jpg;K046BK198;type1a;102,122,495,298;150,122,597,182,527,420,102,407;1;1;generator_v1;CC-BY-4.0;day,angle
images/synthetic/synth_00017.jpg;T338OP154;type1b;682,50,348,126;682,102,1007,50,1030,115,701,176;1;1;generator_v1;CC-BY-4.0;day,angle,motion_blur
images/synthetic/synth_00018.jpg;Y245CB93;type1a;296,161,491,293;296,161,743,182,787,435,312,454;1;1;generator_v1;CC-BY-4.0;day,angle,motion_blur
images/synthetic/synth_00019.jpg;X013BY154;type1b;243,61,457,161;243,128,688,61,700,167,250,222;1;1;generator_v1;CC-BY-4.0;day,angle
images/synthetic/synth_00020.jpg;E618OE97;type1a;817,162,332,247;841,162,1149,224,1138,409,817,363;1;1;generator_v1;CC-BY-4.0;day,angle,glare
images/synthetic/synth_00021.jpg;H290BY54;type1b;676,540,389,144;676,605,1042,540,1065,613,691,684;1;1;generator_v1;CC-BY-4.0;day,angle
images/synthetic/synth_00022.jpg;P563MK61;type1;329,321,338,150;329,376,657,321,667,399,343,471;1;1;generator_v1;CC-BY-4.0;day,angle,glare,dirt
images/synthetic/synth_00023.jpg;B089CB790;type1a;930,459,234,162;954,459,1164,494,1140,621,930,581;1;1;generator_v1;CC-BY-4.0;day,angle
images/synthetic/synth_00024.jpg;B952AE196;type1b;760,499,372,111;761,506,1132,499,1131,610,760,594;1;1;generator_v1;CC-BY-4.0;day,angle
images/synthetic/synth_00025.jpg;A474EM702;type1a;292,221,379,252;331,249,671,221,644,473,292,459;1;1;generator_v1;CC-BY-4.0;day,angle,glare
images/synthetic/synth_00026.jpg;M353MT93;type1b;539,217,384,87;539,217,923,218,923,304,544,296;1;1;generator_v1;CC-BY-4.0;day,angle,glare,dirt
images/synthetic/synth_00027.jpg;E388HY97;type1a;546,155,405,276;587,155,951,216,920,431,546,368;1;1;generator_v1;CC-BY-4.0;day,angle,glare,dirt
images/synthetic/synth_00028.jpg;P660MY198;type1;756,618,243,72;756,639,995,618,999,669,761,690;1;1;generator_v1;CC-BY-4.0;day,angle,dirt,motion_blur
images/synthetic/synth_00029.jpg;A909TO797;type1;53,355,224,57;53,365,270,355,277,400,58,412;1;1;generator_v1;CC-BY-4.0;day,angle,glare,dirt
images/synthetic/synth_00030.jpg;Y824YB52;type1a;115,201,311,186;115,211,422,201,426,382,122,387;1;1;generator_v1;CC-BY-4.0;day,angle
images/synthetic/synth_00031.jpg;A831PH761;type1b;63,357,242,60;63,357,305,367,302,417,63,406;1;1;generator_v1;CC-BY-4.0;day,angle,motion_blur
images/synthetic/synth_00032.jpg;K132AT702;type1a;135,167,478,294;164,167,613,200,611,461,135,431;1;1;generator_v1;CC-BY-4.0;day,angle,dirt
images/synthetic/synth_00033.jpg;C855EP54;type1a;635,392,357,216;635,417,976,392,992,598,660,608;1;1;generator_v1;CC-BY-4.0;day,angle,glare,dirt
images/synthetic/synth_00034.jpg;K050TB138;type1b;205,192,338,131;214,192,543,249,538,323,205,277;1;1;generator_v1;CC-BY-4.0;day,angle,glare,dirt
images/synthetic/synth_00035.jpg;M143YY78;type1b;820,87,262,81;825,87,1082,112,1078,168,820,148;1;1;generator_v1;CC-BY-4.0;day,angle,glare
images/synthetic/synth_00036.jpg;A027AE198;type1;484,310,368,105;486,310,852,322,850,408,484,415;1;1;generator_v1;CC-BY-4.0;day,angle
images/synthetic/synth_00037.jpg;K675CK77;type1;180,310,399,143;180,373,569,310,579,396,181,453;1;1;generator_v1;CC-BY-4.0;day,angle
images/synthetic/synth_00038.jpg;P038HB96;type1;475,440,319,137;483,440,794,500,781,577,475,509;1;1;generator_v1;CC-BY-4.0;day,angle,dirt,motion_blur
images/synthetic/synth_00039.jpg;B377HY150;type1a;599,271,403,246;611,271,998,293,1002,517,599,504;1;1;generator_v1;CC-BY-4.0;day,angle,dirt
images/synthetic/synth_00040.jpg;E002YO93;type1a;255,172,205,125;264,172,460,183,455,297,255,286;1;1;generator_v1;CC-BY-4.0;day,angle,dirt,motion_blur
images/synthetic/synth_00041.jpg;M518HP23;type1a;950,284,270,169;958,284,1219,304,1220,453,950,439;1;1;generator_v1;CC-BY-4.0;day,angle,motion_blur
images/synthetic/synth_00042.jpg;B361YM61;type1b;263,157,328,125;263,157,591,207,584,282,263,225;1;1;generator_v1;CC-BY-4.0;day,angle,dirt
images/synthetic/synth_00043.jpg;O357EH199;type1b;211,484,268,59;212,484,479,486,479,543,211,540;1;1;generator_v1;CC-BY-4.0;day,angle
images/synthetic/synth_00044.jpg;B005TH23;type1a;544,390,392,302;544,424,889,390,936,609,598,692;1;1;generator_v1;CC-BY-4.0;day,angle
images/synthetic/synth_00045.jpg;M101KA177;type1;393,96,168,66;393,122,557,96,561,133,398,162;1;1;generator_v1;CC-BY-4.0;day,angle
images/synthetic/synth_00046.jpg;E836XA152;type1a;722,115,392,237;737,115,1114,133,1114,352,722,337;1;1;generator_v1;CC-BY-4.0;day,angle,motion_blur
images/synthetic/synth_00047.jpg;O841OB78;type1b;326,635,231,78;326,655,543,635,557,685,340,713;1;1;generator_v1;CC-BY-4.0;day,angle,glare,dirt
images/synthetic/synth_00048.jpg;T195MC02;type1a;868,40,304,181;880,40,1172,57,1151,221,868,215;1;1;generator_v1;CC-BY-4.0;day,angle,dirt,motion_blur
images/synthetic/synth_00049.jpg;M103TE25;type1;528,46,452,185;546,46,980,141,975,231,528,143;1;1;generator_v1;CC-BY-4.0;day,angle
images/synthetic/synth_00050.jpg;H881OX761;type1;110,500,178,58;119,500,288,520,279,558,110,540;1;1;generator_v1;CC-BY-4.0;day,angle,dirt
images/synthetic/synth_00051.jpg;B763HY174;type1b;849,140,256,69;852,140,1105,155,1102,209,849,196;1;1;generator_v1;CC-BY-4.0;day,angle,glare
images/synthetic/synth_00052.jpg;M575YK02;type1a;559,386,261,159;559,398,814,386,820,538,566,545;1;1;generator_v1;CC-BY-4.0;day,angle,glare
images/synthetic/synth_00053.jpg;X576XC163;type1;641,165,434,114;641,187,1071,165,1075,270,646,279;1;1;generator_v1;CC-BY-4.0;day,angle
images/synthetic/synth_00054.jpg;O893BO66;type1a;670,82,502,324;741,82,1172,136,1123,406,670,320;1;1;generator_v1;CC-BY-4.0;day,angle
images/synthetic/synth_00055.jpg;Y928XT777;type1a;737,160,376,226;754,160,1113,168,1080,367,737,386;1;1;generator_v1;CC-BY-4.0;day,angle
images/synthetic/synth_00056.jpg;B068OP23;type1;210,158,453,157;222,158,663,222,657,315,210,260;1;1;generator_v1;CC-BY-4.0;day,angle
images/synthetic/synth_00057.jpg;O552MA154;type1b;151,510,417,116;151,511,553,510,568,601,163,626;1;1;generator_v1;CC-BY-4.0;day,angle,glare,dirt
images/synthetic/synth_00058.jpg;H854AX93;type1a;238,219,494,351;238,275,656,219,732,461,312,570;1;1;generator_v1;CC-BY-4.0;day,angle,glare,motion_blur
images/synthetic/synth_00059.jpg;O198PY123;type1a;380,67,198,117;380,77,571,67,578,177,391,184;1;1;generator_v1;CC-BY-4.0;day,angle
images/synthetic/synth_00060.jpg;P850AK799;type1a;533,452,337,210;533,483,823,452,870,662,585,659;1;1;generator_v1;CC-BY-4.0;day,angle,dirt
images/synthetic/synth_00061.jpg;A730CH78;type1b;579,332,423,126;587,332,1002,370,994,458,579,426;1;1;generator_v1;CC-BY-4.0;day,angle,glare,motion_blur
images/synthetic/synth_00062.jpg;H011CB198;type1b;280,528,388,129;280,574,661,528,668,607,291,657;1;1;generator_v1;CC-BY-4.0;day,angle,glare
images/synthetic/synth_00063.jpg;C875BX163;type1b;299,194,291,74;299,204,585,194,590,255,302,268;1;1;generator_v1;CC-BY-4.0;day,angle,dirt
images/synthetic/synth_00064.jpg;P660CA763;type1b;276,433,257,107;276,486,522,433,533,490,287,540;1;1;generator_v1;CC-BY-4.0;day,angle,dirt,motion_blur
images/synthetic/synth_00065.jpg;K595CH199;type1a;294,331,523,302;294,345,754,331,817,584,322,633;1;1;generator_v1;CC-BY-4.0;day,angle,glare
images/synthetic/synth_00066.jpg;H708YE25;type1b;866,234,261,85;878,234,1127,249,1115,319,866,294;1;1;generator_v1;CC-BY-4.0;day,angle,glare,dirt
images/synthetic/synth_00067.jpg;O957YY150;type1b;665,384,239,103;671,384,904,425,896,487,665,438;1;1;generator_v1;CC-BY-4.0;day,angle,dirt
images/synthetic/synth_00068.jpg;K149MT193;type1;301,440,367,147;317,440,668,510,655,587,301,527;1;1;generator_v1;CC-BY-4.0;day,angle
images/synthetic/synth_00069.jpg;B682YA178;type1a;621,283,197,120;621,292,818,283,816,392,624,403;1;1;generator_v1;CC-BY-4.0;day,angle
images/synthetic/synth_00070.jpg;E509YP02;type1a;410,242,355,224;423,248,765,242,757,466,410,449;1;1;generator_v1;CC-BY-4.0;day,angle,dirt,motion_blur
images/synthetic/synth_00071.jpg;X408BP177;type1a;465,340,429,301;480,406,881,340,894,608,465,641;1;1;generator_v1;CC-BY-4.0;day,angle,glare,dirt
images/synthetic/synth_00072.jpg;P920EP163;type1b;942,171,196,46;942,176,1135,171,1138,212,944,217;1;1;generator_v1;CC-BY-4.0;day,angle,glare,dirt
images/synthetic/synth_00073.jpg;Y063YX178;type1a;371,56,482,340;371,101,851,56,853,320,402,396;1;1;generator_v1;CC-BY-4.0;day,angle,glare,dirt
images/synthetic/synth_00074.jpg;H159TC52;type1a;674,470,321,213;674,509,971,470,995,644,696,683;1;1;generator_v1;CC-BY-4.0;day,angle,dirt
images/synthetic/synth_00075.jpg;H590BA25;type1b;120,53,196,76;120,84,310,53,316,95,127,129;1;1;generator_v1;CC-BY-4.0;day,angle,dirt
images/synthetic/synth_00076.jpg;B036OK198;type1b;591,352,339,116;591,400,919,352,930,425,604,468;1;1;generator_v1;CC-BY-4.0;day,angle,glare,dirt
images/synthetic/synth_00077.jpg;A881XB125;type1b;639,166,413,141;639,203,1052,166,1050,255,643,307;1;1;generator_v1;CC-BY-4.0;day,angle,glare
images/synthetic/synth_00078.jpg;T579KM97;type1b;523,67,355,121;548,67,878,118,851,188,523,153;1;1;generator_v1;CC-BY-4.0;day,angle
images/synthetic/synth_00079.jpg;M385HE23;type1a;668,336,412,310;668,385,1071,336,1080,646,671,636;1;1;generator_v1;CC-BY-4.0;day,angle
images/synthetic/synth_00080.jpg;H581KC797;type1a;472,288,314,198;472,288,777,294,786,486,494,460;1;1;generator_v1;CC-BY-4.0;day,angle,glare,dirt,motion_blur
images/synthetic/synth_00081.jpg;C028TC77;type1;741,91,386,149;757,91,1127,160,1112,240,741,170;1;1;generator_v1;CC-BY-4.0;day,angle,glare
images/synthetic/synth_00082.jpg;C382HY123;type1a;553,94,290,200;553,149,808,94,843,249,591,294;1;1;generator_v1;CC-BY-4.0;day,angle,dirt
images/synthetic/synth_00083.jpg;H269MT98;type1b;986,580,199,52;988,580,1185,588,1183,632,986,627;1;1;generator_v1;CC-BY-4.0;day,angle,glare
images/synthetic/synth_00084.jpg;X061KK63;type1b;424,395,321,122;428,395,743,448,745,517,424,472;1;1;generator_v1;CC-BY-4.0;day,angle,motion_blur
images/synthetic/synth_00085.jpg;Y416ET63;type1a;880,445,271,165;912,445,1151,461,1114,605,880,610;1;1;generator_v1;CC-BY-4.0;day,angle,glare
images/synthetic/synth_00086.jpg;E750EC90;type1a;1037,492,157,119;1039,502,1194,492,1193,611,1037,611;1;1;generator_v1;CC-BY-4.0;day,angle,dirt
images/synthetic/synth_00087.jpg;K389YB777;type1a;650,405,428,294;650,453,1064,405,1078,636,682,699;1;1;generator_v1;CC-BY-4.0;day,angle,dirt
images/synthetic/synth_00088.jpg;C989HP52;type1b;819,115,203,52;820,115,1022,127,1018,167,819,155;1;1;generator_v1;CC-BY-4.0;day,angle,glare
images/synthetic/synth_00089.jpg;P217PX74;type1;699,187,384,134;699,240,1071,187,1083,266,710,321;1;1;generator_v1;CC-BY-4.0;day,angle,glare
images/synthetic/synth_00090.jpg;P171TT50;type1a;320,375,275,211;322,375,595,412,582,586,320,534;1;1;generator_v1;CC-BY-4.0;day,angle,glare,dirt
images/synthetic/synth_00091.jpg;X087EE50;type1;293,31,492,172;293,98,768,31,785,131,308,203;1;1;generator_v1;CC-BY-4.0;day,angle,glare
images/synthetic/synth_00092.jpg;B434TB61;type1a;592,19,476,327;592,109,1016,19,1068,285,651,346;1;1;generator_v1;CC-BY-4.0;day,angle
images/synthetic/synth_00093.jpg;H179XP116;type1;899,313,188,52;900,313,1087,322,1087,365,899,359;1;1;generator_v1;CC-BY-4.0;day,angle
images/synthetic/synth_00094.jpg;A391BK774;type1a;793,248,296,167;793,248,1067,259,1089,413,803,415;1;1;generator_v1;CC-BY-4.0;day,angle,glare,dirt
images/synthetic/synth_00095.jpg;C465TB174;type1a;526,451,340,222;545,451,866,468,848,673,526,640;1;1;generator_v1;CC-BY-4.0;day,angle,glare,dirt,motion_blur
images/synthetic/synth_00096.jpg;O289BT138;type1a;306,193,220,159;332,193,526,228,499,352,306,310;1;1;generator_v1;CC-BY-4.0;day,angle,glare
images/synthetic/synth_00097.jpg;E176AB799;type1a;476,99,183,133;481,99,659,120,651,232,476,204;1;1;generator_v1;CC-BY-4.0;day,angle
images/synthetic/synth_00098.jpg;C412PB97;type1a;833,111,301,199;833,145,1110,111,1134,296,860,310;1;1;generator_v1;CC-BY-4.0;day,angle,glare
images/synthetic/synth_00099.jpg;T993AM774;type1a;277,69,281,207;277,69,558,88,553,276,280,237;1;1;generator_v1;CC-BY-4.0;day,angle
images/synthetic/synth_00100.jpg;Y477AB98;type1a;65,67,247,192;99,67,312,118,282,259,65,226;1;1;generator_v1;CC-BY-4.0;day,angle,dirt
images/synthetic/synth_00101.jpg;Y903HA23;type1b;706,311,429,90;706,311,1135,312,1130,399,708,401;1;1;generator_v1;CC-BY-4.0;day,angle
images/synthetic/synth_00102.jpg;O898BA790;type1a;617,315,322,229;617,374,910,315,939,492,634,544;1;1;generator_v1;CC-BY-4.0;day,angle
images/synthetic/synth_00103.jpg;O004YH38;type1b;296,220,298,110;307,220,594,267,583,330,296,290;1;1;generator_v1;CC-BY-4.0;day,angle,motion_blur
images/synthetic/synth_00104.jpg;A286YO154;type1;426,50,248,79;426,50,671,71,674,129,428,116;1;1;generator_v1;CC-BY-4.0;day,angle,glare,dirt
images/synthetic/synth_00105.jpg;C204PK177;type1a;623,240,418,299;623,315,1014,240,1041,456,671,539;1;1;generator_v1;CC-BY-4.0;day,angle
images/synthetic/synth_00106.jpg;T945BC99;type1;417,294,194,77;417,331,604,294,611,333,425,371;1;1;generator_v1;CC-BY-4.0;day,angle,dirt
images/synthetic/synth_00107.jpg;C328KO116;type1b;401,447,183,50;401,458,580,447,584,489,406,497;1;1;generator_v1;CC-BY-4.0;day,angle,glare
images/synthetic/synth_00108.jpg;A502AY38;type1b;63,593,253,62;63,602,314,593,316,647,64,655;1;1;generator_v1;CC-BY-4.0;day,angle
images/synthetic/synth_00109.jpg;H504TT38;type1b;601,383,487,177;601,461,1070,383,1088,488,613,560;1;1;generator_v1;CC-BY-4.0;day,angle,glare
images/synthetic/synth_00110.jpg;P986AM774;type1b;300,241,457,100;300,241,757,241,756,341,304,335;1;1;generator_v1;CC-BY-4.0;day,angle
images/synthetic/synth_00111.jpg;M782BB797;type1;166,157,204,93;166,202,366,157,370,210,168,250;1;1;generator_v1;CC-BY-4.0;day,angle
images/synthetic/synth_00112.jpg;Y787EP190;type1a;704,394,375,224;704,394,1036,412,1079,605,730,618;1;1;generator_v1;CC-BY-4.0;day,angle
images/synthetic/synth_00113.jpg;C151HA193;type1a;339,363,190,108;339,363,529,368,524,471,340,466;1;1;generator_v1;CC-BY-4.0;day,angle,glare
images/synthetic/synth_00114.jpg;C761KH38;type1a;326,57,432,356;342,57,758,85,725,413,326,316;1;1;generator_v1;CC-BY-4.0;day,angle,dirt
images/synthetic/synth_00115.jpg;C158HK102;type1a;536,237,234,166;536,273,748,237,770,376,557,403;1;1;generator_v1;CC-BY-4.0;day,angle
images/synthetic/synth_00116.jpg;P051EY66;type1a;468,324,208,128;485,324,676,338,656,452,468,447;1;1;generator_v1;CC-BY-4.0;day,angle,glare
images/synthetic/synth_00117.jpg;Y178BE02;type1a;686,76,377,246;686,122,1030,76,1063,275,706,322;1;1;generator_v1;CC-BY-4.0;day,angle,glare
images/synthetic/synth_00118.jpg;X507YY78;type1a;51,384,203,153;51,409,234,384,254,501,73,537;1;1;generator_v1;CC-BY-4.0;day,angle,glare,dirt
images/synthetic/synth_00119.jpg;B395YT50;type1b;188,507,353,93;192,507,541,526,540,600,188,583;1;1;generator_v1;CC-BY-4.0;day,angle
images/synthetic/synth_00120.jpg;A584OX199;type1b;326,407,344,98;327,407,670,407,668,505,326,487;1;1;generator_v1;CC-BY-4.0;day,angle,glare
images/synthetic/synth_00121.jpg;O806PT702;type1b;408,134,264,100;408,170,660,134,672,190,420,234;1;1;generator_v1;CC-BY-4.0;day,angle,glare,dirt
images/synthetic/synth_00122.jpg;Y756KP02;type1a;104,210,235,149;104,233,331,210,339,335,120,359;1;1;generator_v1;CC-BY-4.0;day,angle
images/synthetic/synth_00123.jpg;X138CX199;type1;719,597,194,64;719,621,908,597,913,637,724,661;1;1;generator_v1;CC-BY-4.0;day,angle
images/synthetic/synth_00124.jpg;M236KY96;type1a;387,193,185,113;387,203,572,193,571,295,390,306;1;1;generator_v1;CC-BY-4.0;day,angle,glare
images/synthetic/synth_00125.jpg;A062KX163;type1b;411,441,283,97;412,441,693,473,694,538,411,517;1;1;generator_v1;CC-BY-4.0;day,angle,dirt,motion_blur
images/synthetic/synth_00126.jpg;A387KM38;type1a;618,143,361,261;618,175,934,143,979,337,664,404;1;1;generator_v1;CC-BY-4.0;day,angle,glare
images/synthetic/synth_00127.jpg;E865MX138;type1;432,186,225,58;432,200,656,186,657,230,436,244;1;1;generator_v1;CC-BY-4.0;day,angle,glare,dirt
images/synthetic/synth_00128.jpg;M749MB90;type1;370,439,283,95;370,477,645,439,653,498,374,534;1;1;generator_v1;CC-BY-4.0;day,angle
images/synthetic/synth_00129.jpg;C308MH99;type1b;314,332,433,101;314,342,747,332,747,424,318,433;1;1;generator_v1;CC-BY-4.0;day,angle
images/synthetic/synth_00130.jpg;Y371BH78;type1;398,46,496,159;398,113,876,46,894,153,426,205;1;1;generator_v1;CC-BY-4.0;day,angle
images/synthetic/synth_00131.jpg;Y773PO50;type1a;398,260,427,354;398,360,799,260,825,575,402,614;1;1;generator_v1;CC-BY-4.0;day,angle,glare
images/synthetic/synth_00132.jpg;X645KA774;type1a;577,349,327,203;577,349,878,369,904,549,591,552;1;1;generator_v1;CC-BY-4.0;day,angle,motion_blur
images/synthetic/synth_00133.jpg;M456OK116;type1b;654,192,298,112;668,192,952,236,939,304,654,253;1;1;generator_v1;CC-BY-4.0;day,angle
images/synthetic/synth_00134.jpg;M452BA97;type1a;328,77,373,224;343,85,701,77,696,301,328,292;1;1;generator_v1;CC-BY-4.0;day,angle,dirt
images/synthetic/synth_00135.jpg;P867TE138;type1a;291,414,285,173;294,416,576,414,574,587,291,581;1;1;generator_v1;CC-BY-4.0;day,angle,glare,motion_blur
images/synthetic/synth_00136.jpg;C907TK02;type1a;383,149,368,243;417,149,751,196,729,392,383,342;1;1;generator_v1;CC-BY-4.0;day,angle
images/synthetic/synth_00137.jpg;H418BP16;type1b;630,488,397,112;630,504,1018,488,1027,600,640,593;1;1;generator_v1;CC-BY-4.0;day,angle
images/synthetic/synth_00138.jpg;O754CT77;type1a;832,330,264,174;862,330,1096,364,1063,504,832,486;1;1;generator_v1;CC-BY-4.0;day,angle,glare,dirt,motion_blur
images/synthetic/synth_00139.jpg;A121CO97;type1b;479,369,471,121;479,391,945,369,950,474,480,490;1;1;generator_v1;CC-BY-4.0;day,angle,motion_blur
images/synthetic/synth_00140.jpg;T361OB74;type1a;404,297,538,380;404,397,893,297,942,577,469,677;1;1;generator_v1;CC-BY-4.0;day,angle,glare,dirt
images/synthetic/synth_00141.jpg;H058MH774;type1b;88,101,383,112;88,126,448,101,471,175,106,213;1;1;generator_v1;CC-BY-4.0;day,angle,motion_blur
images/synthetic/synth_00142.jpg;P213MY154;type1a;413,78,371,215;416,78,774,85,784,292,413,293;1;1;generator_v1;CC-BY-4.0;day,angle,dirt
images/synthetic/synth_00143.jpg;K144OB102;type1;678,489,306,116;686,489,984,539,973,605,678,552;1;1;generator_v1;CC-BY-4.0;day,angle
images/synthetic/synth_00144.jpg;X102OY54;type1b;302,197,438,174;302,278,717,197,740,282,322,371;1;1;generator_v1;CC-BY-4.0;day,angle
images/synthetic/synth_00145.jpg;M725TT66;type1;169,221,402,162;189,221,571,292,551,383,169,302;1;1;generator_v1;CC-BY-4.0;day,angle,dirt
images/synthetic/synth_00146.jpg;O710YA777;type1;335,618,286,101;345,618,621,669,610,719,335,677;1;1;generator_v1;CC-BY-4.0;day,angle
images/synthetic/synth_00147.jpg;K996TY177;type1b;517,255,240,70;517,255,753,270,757,325,520,317;1;1;generator_v1;CC-BY-4.0;day,angle,glare,dirt
images/synthetic/synth_00148.jpg;O965OM150;type1a;351,449,239,165;351,461,590,449,586,590,353,614;1;1;generator_v1;CC-BY-4.0;day,angle
images/synthetic/synth_00149.jpg;E158AT99;type1a;699,253,429,272;699,290,1111,253,1128,506,722,525;1;1;generator_v1;CC-BY-4.0;day,angle,glare
images/synthetic/synth_00150.jpg;O414OC777;type1a;653,70,219,133;653,70,861,83,872,203,658,196;1;1;generator_v1;CC-BY-4.0;day,angle,glare
images/synthetic/synth_00151.jpg;Y339CH777;type1a;577,63,334,228;585,63,911,94,908,291,577,285;1;1;generator_v1;CC-BY-4.0;day,angle,glare,dirt,motion_blur
images/synthetic/synth_00152.jpg;P564PO66;type1a;138,402,369,249;184,402,507,466,456,651,138,611;1;1;generator_v1;CC-BY-4.0;day,angle,motion_blur
images/synthetic/synth_00153.jpg;A651EK23;type1a;845,380,337,220;860,380,1182,414,1180,600,845,575;1;1;generator_v1;CC-BY-4.0;day,angle
images/synthetic/synth_00154.jpg;T244MC777;type1;545,472,337,126;563,472,882,523,865,598,545,565;1;1;generator_v1;CC-BY-4.0;day,angle,dirt
images/synthetic/synth_00155.jpg;T342OM199;type1a;538,175,292,214;560,211,830,175,814,386,538,389;1;1;generator_v1;CC-BY-4.0;day,angle,dirt
images/synthetic/synth_00156.jpg;X569HB199;type1a;313,85,256,187;313,116,522,85,569,220,361,272;1;1;generator_v1;CC-BY-4.0;day,angle,glare,dirt,motion_blur
images/synthetic/synth_00157.jpg;M426HO61;type1a;597,135,484,316;640,135,1081,208,1025,451,597,408;1;1;generator_v1;CC-BY-4.0;day,angle,glare,dirt
images/synthetic/synth_00158.jpg;P981PB193;type1a;251,503,272,169;256,503,523,521,510,672,251,652;1;1;generator_v1;CC-BY-4.0;day,angle,glare,dirt
images/synthetic/synth_00159.jpg;T216BT163;type1b;667,365,358,88;677,365,1025,370,1019,453,667,439;1;1;generator_v1;CC-BY-4.0;day,angle,glare
images/synthetic/synth_00160.jpg;E379OP154;type1a;83,144,514,332;113,144,597,195,582,476,83,439;1;1;generator_v1;CC-BY-4.0;day,angle,glare
images/synthetic/synth_00161.jpg;T856HP790;type1a;210,93,445,360;210,145,636,93,655,347,250,453;1;1;generator_v1;CC-BY-4.0;day,angle
images/synthetic/synth_00162.jpg;A118BB116;type1a;857,245,317,197;866,245,1174,263,1164,442,857,430;1;1;generator_v1;CC-BY-4.0;day,angle
images/synthetic/synth_00163.jpg;Y422CP199;type1a;172,91,415,344;172,130,579,91,587,339,200,435;1;1;generator_v1;CC-BY-4.0;day,angle
images/synthetic/synth_00164.jpg;E334CM774;type1b;875,14,180,46;882,14,1055,24,1048,60,875,53;1;1;generator_v1;CC-BY-4.0;day,angle
images/synthetic/synth_00165.jpg;H039KT93;type1a;532,155,348,202;561,155,880,155,864,357,532,339;1;1;generator_v1;CC-BY-4.0;day,angle,glare,dirt
images/synthetic/synth_00166.jpg;K477CX54;type1;418,304,213,82;418,304,631,338,628,386,418,349;1;1;generator_v1;CC-BY-4.0;day,angle
images/synthetic/synth_00167.jpg;M194HE38;type1;420,235,395,117;420,272,801,235,815,311,426,352;1;1;generator_v1;CC-BY-4.0;day,angle,glare
images/synthetic/synth_00168.jpg;C132AO702;type1b;354,193,315,105;354,225,651,193,669,257,370,298;1;1;generator_v1;CC-BY-4.0;day,angle,glare
images/synthetic/synth_00169.jpg;H344MT74;type1;791,8,372,151;807,8,1163,83,1152,159,791,87;1;1;generator_v1;CC-BY-4.0;day,angle,dirt,motion_blur
images/synthetic/synth_00170.jpg;Y808MX123;type1a;119,104,441,262;119,104,543,109,560,354,121,366;1;1;generator_v1;CC-BY-4.0;day,angle
images/synthetic/synth_00171.jpg;H961KB23;type1b;334,557,225,105;334,606,556,557,559,621,334,662;1;1;generator_v1;CC-BY-4.0;day,angle,dirt
images/synthetic/synth_00172.jpg;E622PK799;type1;859,168,317,72;859,173,1175,168,1176,239,862,240;1;1;generator_v1;CC-BY-4.0;day,angle
images/synthetic/synth_00173.jpg;B310YC61;type1a;323,45,450,280;323,73,748,45,773,293,336,325;1;1;generator_v1;CC-BY-4.0;day,angle,dirt,motion_blur
images/synthetic/synth_00174.jpg;P435PH777;type1a;268,45,378,262;304,45,646,110,607,307,268,246;1;1;generator_v1;CC-BY-4.0;day,angle,dirt
images/synthetic/synth_00175.jpg;B085HA197;type1;571,86,192,60;581,86,763,105,752,146,571,130;1;1;generator_v1;CC-BY-4.0;day,angle
images/synthetic/synth_00176.jpg;H038PK198;type1b;745,516,339,93;756,516,1084,545,1068,609,745,587;1;1;generator_v1;CC-BY-4.0;day,angle,glare
images/synthetic/synth_00177.jpg;P208YE193;type1b;389,555,172,74;400,555,561,590,550,629,389,598;1;1;generator_v1;CC-BY-4.0;day,angle,glare
images/synthetic/synth_00178.jpg;C832CY96;type1a;444,345,221,143;444,363,635,345,665,487,475,488;1;1;generator_v1;CC-BY-4.0;day,angle
images/synthetic/synth_00179.jpg;C524PP02;type1b;200,250,197,85;200,288,391,250,397,294,207,335;1;1;generator_v1;CC-BY-4.0;day,angle,dirt
images/synthetic/synth_00180.jpg;P365AP196;type1b;634,457,234,71;634,457,865,474,868,528,635,516;1;1;generator_v1;CC-BY-4.0;day,angle,dirt
images/synthetic/synth_00181.jpg;P770PP799;type1;327,592,312,117;350,592,639,636,618,709,327,654;1;1;generator_v1;CC-BY-4.0;day,angle,glare
images/synthetic/synth_00182.jpg;B505CE90;type1a;966,526,235,148;974,526,1201,544,1201,674,966,659;1;1;generator_v1;CC-BY-4.0;day,angle,glare,motion_blur
images/synthetic/synth_00183.jpg;O358YK93;type1b;638,616,197,61;638,638,828,616,835,654,643,677;1;1;generator_v1;CC-BY-4.0;day,angle
images/synthetic/synth_00184.jpg;P939BC123;type1b;612,64,448,122;612,82,1060,64,1056,157,614,186;1;1;generator_v1;CC-BY-4.0;day,angle
images/synthetic/synth_00185.jpg;O897CT74;type1b;131,545,404,131;131,545,534,574,535,676,141,630;1;1;generator_v1;CC-BY-4.0;day,angle
images/synthetic/synth_00186.jpg;H550XM16;type1;522,270,425,187;522,349,939,270,947,362,538,457;1;1;generator_v1;CC-BY-4.0;day,angle
images/synthetic/synth_00187.jpg;Y733AX716;type1b;625,498,237,85;637,498,862,533,852,583,625,545;1;1;generator_v1;CC-BY-4.0;day,angle,glare,dirt
images/synthetic/synth_00188.jpg;A083MP98;type1b;127,491,363,104;127,510,476,491,490,565,137,595;1;1;generator_v1;CC-BY-4.0;day,angle
images/synthetic/synth_00189.jpg;T981TC125;type1a;415,305,393,276;415,331,799,305,808,526,435,581;1;1;generator_v1;CC-BY-4.0;day,angle
images/synthetic/synth_00190.jpg;E662PH90;type1b;182,257,435,135;193,257,617,305,601,392,182,356;1;1;generator_v1;CC-BY-4.0;day,angle,dirt
images/synthetic/synth_00191.jpg;H637EP02;type1b;706,560,201,72;706,579,903,560,907,607,711,632;1;1;generator_v1;CC-BY-4.0;day,angle
images/synthetic/synth_00192.jpg;T008KM90;type1a;181,272,363,265;181,327,508,272,544,527,215,537;1;1;generator_v1;CC-BY-4.0;day,angle,glare,dirt
images/synthetic/synth_00193.jpg;P051MY96;type1b;110,564,345,93;110,567,437,564,455,639,126,657;1;1;generator_v1;CC-BY-4.0;day,angle,glare
images/synthetic/synth_00194.jpg;M281MY99;type1a;190,187,499,339;248,187,689,277,623,526,190,483;1;1;generator_v1;CC-BY-4.0;day,angle
images/synthetic/synth_00195.jpg;Y251OB54;type1b;775,150,276,68;775,161,1049,150,1051,210,777,218;1;1;generator_v1;CC-BY-4.0;day,angle,glare,dirt
images/synthetic/synth_00196.jpg;O929AH23;type1;137,188,357,130;137,246,478,188,494,269,154,318;1;1;generator_v1;CC-BY-4.0;day,angle,glare
images/synthetic/synth_00197.jpg;A651EC50;type1b;602,309,303,92;611,309,905,333,898,401,602,372;1;1;generator_v1;CC-BY-4.0;day,angle
images/synthetic/synth_00198.jpg;H679BK750;type1b;820,72,206,52;820,82,1021,72,1026,117,825,124;1;1;generator_v1;CC-BY-4.0;day,angle,glare,dirt
images/synthetic/synth_00199.jpg;A816MX197;type1;585,452,473,109;588,452,1054,463,1058,561,585,556;1;1;generator_v1;CC-BY-4.0;day,angle,glare,dirt
images/synthetic/synth_00200.jpg;M365HM750;type1b;603,43,217,59;603,55,819,43,820,92,604,102;1;1;generator_v1;CC-BY-4.0;day,angle,glare
images/synthetic/synth_00201.jpg;Y257KT750;type1;146,413,344,86;148,413,490,426,489,499,146,489;1;1;generator_v1;CC-BY-4.0;day,angle,glare
images/synthetic/synth_00202.jpg;T866YB38;type1b;593,215,424,118;593,253,1005,215,1017,306,613,333;1;1;generator_v1;CC-BY-4.0;day,angle,dirt
images/synthetic/synth_00203.jpg;C539YO102;type1a;63,411,252,176;63,445,296,411,315,565,82,587;1;1;generator_v1;CC-BY-4.0;day,angle,glare,dirt
images/synthetic/synth_00204.jpg;C737TB196;type1;761,422,386,153;761,487,1130,422,1147,500,779,575;1;1;generator_v1;CC-BY-4.0;day,angle,glare
images/synthetic/synth_00205.jpg;H507BE790;type1b;600,521,320,118;603,521,918,569,920,639,600,601;1;1;generator_v1;CC-BY-4.0;day,angle,dirt
images/synthetic/synth_00206.jpg;O677MB174;type1;514,194,226,73;522,194,740,220,734,267,514,240;1;1;generator_v1;CC-BY-4.0;day,angle,glare,motion_blur
images/synthetic/synth_00207.jpg;C414PH02;type1a;682,98,377,265;682,135,1051,98,1059,307,705,363;1;1;generator_v1;CC-BY-4.0;day,angle
images/synthetic/synth_00208.jpg;O335CK761;type1a;480,272,210,152;480,294,673,272,690,392,498,424;1;1;generator_v1;CC-BY-4.0;day,angle
images/synthetic/synth_00209.jpg;E851EC63;type1b;179,446,314,135;179,513,474,446,493,526,196,581;1;1;generator_v1;CC-BY-4.0;day,angle,dirt
images/synthetic/synth_00210.jpg;P828EB50;type1b;486,286,435,119;488,298,921,286,912,377,486,405;1;1;generator_v1;CC-BY-4.0;day,angle
images/synthetic/synth_00211.jpg;O788AB97;type1a;293,274,341,217;293,306,617,274,634,466,313,491;1;1;generator_v1;CC-BY-4.0;day,angle,glare
images/synthetic/synth_00212.jpg;Y828MO777;type1b;141,209,477,153;141,268,606,209,618,311,160,362;1;1;generator_v1;CC-BY-4.0;day,angle
images/synthetic/synth_00213.jpg;A428ET16;type1a;193,341,442,324;228,341,635,418,585,665,193,572;1;1;generator_v1;CC-BY-4.0;day,angle,glare
images/synthetic/synth_00214.jpg;Y886CA38;type1b;806,208,370,112;806,241,1161,208,1176,280,816,320;1;1;generator_v1;CC-BY-4.0;day,angle,glare
images/synthetic/synth_00215.jpg;B317OB790;type1b;896,494,191,46;896,494,1081,498,1087,540,901,540;1;1;generator_v1;CC-BY-4.0;day,angle,glare,dirt
images/synthetic/synth_00216.jpg;C577CH50;type1b;500,223,334,124;522,223,834,269,813,347,500,290;1;1;generator_v1;CC-BY-4.0;day,angle,glare,motion_blur
images/synthetic/synth_00217.jpg;P898XH199;type1a;399,146,222,146;399,183,579,146,621,268,442,292;1;1;generator_v1;CC-BY-4.0;day,angle,motion_blur
images/synthetic/synth_00218.jpg;Y922BY702;type1;383,531,169,64;393,531,552,558,543,595,383,571;1;1;generator_v1;CC-BY-4.0;day,angle,glare,dirt
images/synthetic/synth_00219.jpg;Y074MA774;type1;856,162,191,56;856,175,1043,162,1047,209,861,218;1;1;generator_v1;CC-BY-4.0;day,angle,dirt
images/synthetic/synth_00220.jpg;P126EY797;type1b;566,558,356,124;566,611,908,558,922,636,582,682;1;1;generator_v1;CC-BY-4.0;day,angle,glare
images/synthetic/synth_00221.jpg;P553EA193;type1b;235,171,376,134;251,171,611,226,598,305,235,246;1;1;generator_v1;CC-BY-4.0;day,angle
images/synthetic/synth_00222.jpg;H225CK161;type1;323,168,380,133;323,219,697,168,703,246,335,301;1;1;generator_v1;CC-BY-4.0;day,angle
images/synthetic/synth_00223.jpg;M974OA198;type1a;290,120,414,281;326,120,704,180,678,401,290,347;1;1;generator_v1;CC-BY-4.0;day,angle,glare
images/synthetic/synth_00224.jpg;P897TM750;type1;144,546,207,73;144,576,342,546,351,593,153,619;1;1;generator_v1;CC-BY-4.0;day,angle,glare,dirt,motion_blur
images/synthetic/synth_00225.jpg;K846XX750;type1;622,43,221,89;622,78,832,43,843,91,633,132;1;1;generator_v1;CC-BY-4.0;day,angle
images/synthetic/synth_00226.jpg;M792PC193;type1a;240,97,184,137;240,126,412,97,424,199,255,234;1;1;generator_v1;CC-BY-4.0;day,angle
images/synthetic/synth_00227.jpg;B021OA54;type1;180,379,356,148;180,454,518,379,536,460,197,527;1;1;generator_v1;CC-BY-4.0;day,angle,glare,dirt
images/synthetic/synth_00228.jpg;P730ET761;type1b;715,566,344,134;715,566,1059,616,1053,700,716,641;1;1;generator_v1;CC-BY-4.0;day,angle,motion_blur
images/synthetic/synth_00229.jpg;A087HP702;type1;568,275,341,134;586,275,909,343,897,409,568,339;1;1;generator_v1;CC-BY-4.0;day,angle,glare,dirt
images/synthetic/synth_00230.jpg;P607TO761;type1b;506,361,482,187;506,451,969,361,988,461,527,548;1;1;generator_v1;CC-BY-4.0;day,angle
images/synthetic/synth_00231.jpg;X992PH61;type1;282,500,465,187;282,591,728,500,747,605,297,687;1;1;generator_v1;CC-BY-4.0;day,angle,dirt,motion_blur
images/synthetic/synth_00232.jpg;X439BK777;type1a;578,175,391,307;578,232,958,175,969,394,609,482;1;1;generator_v1;CC-BY-4.0;day,angle,motion_blur
images/synthetic/synth_00233.jpg;M767EM99;type1a;211,249,191,125;229,249,402,260,385,374,211,355;1;1;generator_v1;CC-BY-4.0;day,angle,motion_blur
images/synthetic/synth_00234.jpg;C403EC97;type1a;581,496,188,140;587,503,769,496,760,616,581,636;1;1;generator_v1;CC-BY-4.0;day,angle
images/synthetic/synth_00235.jpg;O784KE196;type1b;806,23,290,133;812,23,1096,76,1086,156,806,91;1;1;generator_v1;CC-BY-4.0;day,angle
images/synthetic/synth_00236.jpg;C738XY761;type1;75,0,339,127;89,0,414,60,398,127,75,62;1;1;generator_v1;CC-BY-4.0;day,angle,glare
images/synthetic/synth_00237.jpg;B318EB774;type1b;299,19,365,104;308,19,664,46,658,123,299,94;1;1;generator_v1;CC-BY-4.0;day,angle,glare
images/synthetic/synth_00238.jpg;B155KA178;type1;599,446,418,135;614,446,1017,491,1006,581,599,530;1;1;generator_v1;CC-BY-4.0;day,angle,dirt
images/synthetic/synth_00239.jpg;T884BB774;type1b;720,95,288,103;731,95,1008,142,995,198,720,154;1;1;generator_v1;CC-BY-4.0;day,angle,glare,motion_blur
images/synthetic/synth_00240.jpg;B313EX716;type1;399,16,484,133;403,16,883,53,869,149,399,115;1;1;generator_v1;CC-BY-4.0;day,angle,dirt
images/synthetic/synth_00241.jpg;Y962PE161;type1b;788,415,403,125;793,415,1191,440,1184,540,788,501;1;1;generator_v1;CC-BY-4.0;day,angle,glare,dirt
images/synthetic/synth_00242.jpg;B373KX52;type1b;191,509,294,116;191,546,484,509,485,577,195,625;1;1;generator_v1;CC-BY-4.0;day,angle,motion_blur
images/synthetic/synth_00243.jpg;E265BH178;type1b;464,441,419,98;464,441,869,456,883,539,468,536;1;1;generator_v1;CC-BY-4.0;day,angle,motion_blur
images/synthetic/synth_00244.jpg;E594OH90;type1;527,264,472,177;551,264,999,343,982,441,527,355;1;1;generator_v1;CC-BY-4.0;day,angle,glare,dirt,motion_blur
images/synthetic/synth_00245.jpg;K698MB63;type1;768,267,332,88;768,287,1100,267,1096,332,772,355;1;1;generator_v1;CC-BY-4.0;day,angle,dirt,motion_blur
images/synthetic/synth_00246.jpg;Y904PT52;type1a;835,104,357,244;835,162,1151,104,1192,286,866,348;1;1;generator_v1;CC-BY-4.0;day,angle,glare
images/synthetic/synth_00247.jpg;T729BA23;type1b;92,396,434,157;109,396,526,462,513,553,92,483;1;1;generator_v1;CC-BY-4.0;day,angle,dirt
images/synthetic/synth_00248.jpg;X316AE150;type1;504,196,369,110;504,224,866,196,873,294,511,306;1;1;generator_v1;CC-BY-4.0;day,angle
images/synthetic/synth_00249.jpg;P649OX190;type1;722,0,363,125;722,52,1076,0,1085,62,737,125;1;1;generator_v1;CC-BY-4.0;day,angle,glare,motion_blur
images/synthetic/synth_00250.jpg;A736MO54;type1b;573,358,434,146;585,358,1007,416,1001,504,573,452;1;1;generator_v1;CC-BY-4.0;day,angle,glare,motion_blur
images/synthetic/synth_00251.jpg;K820XH25;type1b;478,180,226,78;478,197,692,180,704,232,489,258;1;1;generator_v1;CC-BY-4.0;day,angle
images/synthetic/synth_00252.jpg;X027OY116;type1a;295,267,311,203;314,267,606,298,588,470,295,438;1;1;generator_v1;CC-BY-4.0;day,angle,glare,motion_blur
images/synthetic/synth_00253.jpg;H673BX90;type1b;320,113,176,50;320,128,489,113,496,151,329,163;1;1;generator_v1;CC-BY-4.0;day,angle,glare,motion_blur
images/synthetic/synth_00254.jpg;M912YB178;type1a;393,340,367,211;427,350,760,340,744,551,393,540;1;1;generator_v1;CC-BY-4.0;day,angle,motion_blur
images/synthetic/synth_00255.jpg;C079EO25;type1a;663,88,494,304;663,117,1145,88,1157,379,678,392;1;1;generator_v1;CC-BY-4.0;day,angle,glare
images/synthetic/synth_00256.jpg;M962MH23;type1a;517,186,358,246;517,186,866,189,875,432,538,393;1;1;generator_v1;CC-BY-4.0;day,angle,dirt
images/synthetic/synth_00257.jpg;T301AT50;type1b;390,352,380,146;390,417,758,352,770,445,398,498;1;1;generator_v1;CC-BY-4.0;day,angle,dirt
images/synthetic/synth_00258.jpg;O568KA77;type1b;683,135,445,142;683,190,1110,135,1128,237,706,277;1;1;generator_v1;CC-BY-4.0;day,angle
images/synthetic/synth_00259.jpg;C955KO116;type1a;908,268,311,212;908,305,1184,268,1219,429,940,480;1;1;generator_v1;CC-BY-4.0;day,angle,dirt
images/synthetic/synth_00260.jpg;X569CH702;type1a;559,274,348,252;559,315,869,274,907,460,599,526;1;1;generator_v1;CC-BY-4.0;day,angle,dirt,motion_blur
images/synthetic/synth_00261.jpg;P851KH761;type1a;483,270,463,315;510,270,946,295,902,547,483,585;1;1;generator_v1;CC-BY-4.0;day,angle,dirt
images/synthetic/synth_00262.jpg;A853HM761;type1;302,421,291,71;302,431,592,421,593,483,304,492;1;1;generator_v1;CC-BY-4.0;day,angle
images/synthetic/synth_00263.jpg;H983EH174;type1b;526,470,315,89;526,494,828,470,841,544,541,559;1;1;generator_v1;CC-BY-4.0;day,angle
images/synthetic/synth_00264.jpg;Y418TH77;type1a;531,190,435,295;542,190,961,238,966,485,531,472;1;1;generator_v1;CC-BY-4.0;day,angle,motion_blur
images/synthetic/synth_00265.jpg;E528HK799;type1;153,345,202,60;160,345,355,363,347,405,153,389;1;1;generator_v1;CC-BY-4.0;day,angle
images/synthetic/synth_00266.jpg;K468OH198;type1a;209,373,320,216;235,373,529,418,509,589,209,547;1;1;generator_v1;CC-BY-4.0;day,angle
images/synthetic/synth_00267.jpg;Y260OK96;type1b;482,84,328,116;482,133,799,84,810,153,491,200;1;1;generator_v1;CC-BY-4.0;day,angle,dirt,motion_blur
images/synthetic/synth_00268.jpg;O983CO774;type1;202,0,427,164;202,74,609,0,629,92,218,164;1;1;generator_v1;CC-BY-4.0;day,angle
images/synthetic/synth_00269.jpg;X039AK190;type1;248,348,453,110;260,348,701,356,697,458,248,440;1;1;generator_v1;CC-BY-4.0;day,angle,dirt
images/synthetic/synth_00270.jpg;H811YX97;type1b;275,441,484,166;289,441,759,509,744,607,275,546;1;1;generator_v1;CC-BY-4.0;day,angle,glare,motion_blur
images/synthetic/synth_00271.jpg;B397OT716;type1;425,374,427,112;425,374,852,393,847,486,425,463;1;1;generator_v1;CC-BY-4.0;day,angle
images/synthetic/synth_00272.jpg;A377MT38;type1a;730,345,446,311;773,345,1176,421,1130,656,730,580;1;1;generator_v1;CC-BY-4.0;day,angle
images/synthetic/synth_00273.jpg;K157CM750;type1a;268,178,344,222;268,222,584,178,612,358,276,400;1;1;generator_v1;CC-BY-4.0;day,angle
images/synthetic/synth_00274.jpg;A620HB174;type1a;800,289,392,243;808,289,1192,312,1174,532,800,509;1;1;generator_v1;CC-BY-4.0;day,angle,glare,dirt,motion_blur
images/synthetic/synth_00275.jpg;A878EH138;type1b;544,381,496,121;544,398,1030,381,1040,482,545,502;1;1;generator_v1;CC-BY-4.0;day,angle,glare
images/synthetic/synth_00276.jpg;H960TP761;type1a;360,260,200,122;360,270,527,260,560,361,391,382;1;1;generator_v1;CC-BY-4.0;day,angle,glare,dirt,motion_blur
images/synthetic/synth_00277.jpg;E790PH23;type1a;271,281,341,228;278,310,610,281,612,504,271,509;1;1;generator_v1;CC-BY-4.0;day,angle,glare,dirt
images/synthetic/synth_00278.jpg;O855BY790;type1a;768,325,388,296;768,357,1140,325,1156,549,795,621;1;1;generator_v1;CC-BY-4.0;day,angle,dirt,motion_blur
images/synthetic/synth_00279.jpg;M767AA790;type1a;615,271,385,235;615,271,1000,273,997,506,626,487;1;1;generator_v1;CC-BY-4.0;day,angle
images/synthetic/synth_00280.jpg;X794MB763;type1a;709,405,301,213;713,405,1010,441,994,618,709,571;1;1;generator_v1;CC-BY-4.0;day,angle,glare,dirt
images/synthetic/synth_00281.jpg;C628AH716;type1a;218,209,249,154;218,229,447,209,467,339,231,363;1;1;generator_v1;CC-BY-4.0;day,angle,glare
images/synthetic/synth_00282.jpg;A289AA16;type1a;349,331,271,179;382,331,620,358,585,510,349,506;1;1;generator_v1;CC-BY-4.0;day,angle
images/synthetic/synth_00283.jpg;C006KP190;type1b;690,16,227,50;690,17,916,16,917,65,691,66;1;1;generator_v1;CC-BY-4.0;day,angle
images/synthetic/synth_00284.jpg;E383KT763;type1b;72,356,285,108;87,356,357,407,347,464,72,411;1;1;generator_v1;CC-BY-4.0;day,angle,glare
images/synthetic/synth_00285.jpg;B961XK193;type1b;684,179,258,77;687,179,942,187,939,256,684,240;1;1;generator_v1;CC-BY-4.0;day,angle,glare
images/synthetic/synth_00286.jpg;M928BX123;type1;611,324,341,105;611,358,942,324,952,405,622,429;1;1;generator_v1;CC-BY-4.0;day,angle,glare,dirt
images/synthetic/synth_00287.jpg;X095KB178;type1a;393,156,425,281;393,171,757,156,818,374,449,437;1;1;generator_v1;CC-BY-4.0;day,angle
images/synthetic/synth_00288.jpg;X179MT77;type1a;379,417,430,249;379,417,809,426,796,666,390,650;1;1;generator_v1;CC-BY-4.0;day,angle
images/synthetic/synth_00289.jpg;P315MA38;type1b;712,246,343,124;712,307,1043,246,1055,313,730,370;1;1;generator_v1;CC-BY-4.0;day,angle,glare,dirt
images/synthetic/synth_00290.jpg;O013OK161;type1b;183,9,232,69;185,9,415,30,410,78,183,56;1;1;generator_v1;CC-BY-4.0;day,angle,motion_blur
images/synthetic/synth_00291.jpg;X723EM78;type1b;105,50,498,188;105,145,588,50,603,149,132,238;1;1;generator_v1;CC-BY-4.0;day,angle,dirt
images/synthetic/synth_00292.jpg;C284TA198;type1a;148,230,307,226;148,282,434,230,455,422,161,456;1;1;generator_v1;CC-BY-4.0;day,angle,dirt
images/synthetic/synth_00293.jpg;P821CT152;type1a;441,268,467,282;441,268,867,279,908,524,460,550;1;1;generator_v1;CC-BY-4.0;day,angle,dirt
images/synthetic/synth_00294.jpg;A375HA177;type1a;81,215,352,227;144,215,433,237,374,442,81,388;1;1;generator_v1;CC-BY-4.0;day,angle
images/synthetic/synth_00295.jpg;C744BX761;type1;141,463,364,122;141,505,485,463,505,534,156,585;1;1;generator_v1;CC-BY-4.0;day,angle
images/synthetic/synth_00296.jpg;B974OO96;type1a;844,323,199,129;844,323,1043,325,1043,452,847,443;1;1;generator_v1;CC-BY-4.0;day,angle
images/synthetic/synth_00297.jpg;X581AY16;type1b;206,278,398,150;213,341,603,278,604,381,206,428;1;1;generator_v1;CC-BY-4.0;day,angle
images/synthetic/synth_00298.jpg;B741HE197;type1a;537,87,378,253;537,137,886,87,915,293,564,340;1;1;generator_v1;CC-BY-4.0;day,angle,glare,dirt
images/synthetic/synth_00299.jpg;C002MM77;type1;629,176,315,127;646,176,944,230,927,303,629,241;1;1;generator_v1;CC-BY-4.0;day,angle,glare
images/synthetic/synth_00300.jpg;M065BM799;type1b;547,587,334,132;547,643,871,587,881,659,561,719;1;1;generator_v1;CC-BY-4.0;day,angle,dirt
images/synthetic/synth_00301.jpg;Y031KP797;type1;666,67,358,91;673,67,1024,87,1013,158,666,146;1;1;generator_v1;CC-BY-4.0;day,angle
images/synthetic/synth_00302.jpg;H184EX197;type1b;274,198,405,101;274,210,673,198,679,299,283,295;1;1;generator_v1;CC-BY-4.0;day,angle,glare
images/synthetic/synth_00303.jpg;B312TH90;type1b;769,580,207,80;769,616,967,580,976,622,779,660;1;1;generator_v1;CC-BY-4.0;day,angle
images/synthetic/synth_00304.jpg;B288CX50;type1a;594,335,214,153;594,364,785,335,808,473,616,488;1;1;generator_v1;CC-BY-4.0;day,angle,glare,dirt
images/synthetic/synth_00305.jpg;X271YM774;type1b;62,163,319,101;62,204,373,163,381,226,76,264;1;1;generator_v1;CC-BY-4.0;day,angle,glare
images/synthetic/synth_00306.jpg;X627TY123;type1a;757,174,394,250;757,175,1105,174,1151,384,796,424;1;1;generator_v1;CC-BY-4.0;day,angle,glare,dirt
images/synthetic/synth_00307.jpg;A051YK16;type1b;882,157,193,67;882,178,1071,157,1075,199,887,224;1;1;generator_v1;CC-BY-4.0;day,angle,dirt
images/synthetic/synth_00308.jpg;T635MO154;type1a;667,428,319,207;667,459,966,428,986,603,684,635;1;1;generator_v1;CC-BY-4.0;day,angle,glare
images/synthetic/synth_00309.jpg;K229KP138;type1a;773,57,310,223;803,72,1083,57,1056,280,773,258;1;1;generator_v1;CC-BY-4.0;day,angle
images/synthetic/synth_00310.jpg;X121HX193;type1b;384,596,297,73;385,596,679,608,681,669,384,660;1;1;generator_v1;CC-BY-4.0;day,angle,glare
images/synthetic/synth_00311.jpg;K965BT197;type1;168,600,251,86;174,600,419,633,416,686,168,655;1;1;generator_v1;CC-BY-4.0;day,angle,glare
images/synthetic/synth_00312.jpg;A673MP152;type1b;79,638,206,81;80,675,284,638,285,689,79,719;1;1;generator_v1;CC-BY-4.0;day,angle,glare,dirt,motion_blur
images/synthetic/synth_00313.jpg;K085MM102;type1a;531,313,315,249;531,378,826,313,846,522,540,562;1;1;generator_v1;CC-BY-4.0;day,angle
images/synthetic/synth_00314.jpg;T324PA763;type1a;452,334,398,269;452,386,818,334,850,586,487,603;1;1;generator_v1;CC-BY-4.0;day,angle,dirt,motion_blur
images/synthetic/synth_00315.jpg;C502YA196;type1;612,391,396,137;612,447,996,391,1008,476,622,528;1;1;generator_v1;CC-BY-4.0;day,angle
images/synthetic/synth_00316.jpg;K483OP123;type1a;748,157,392,241;748,193,1109,157,1140,391,790,398;1;1;generator_v1;CC-BY-4.0;day,angle
images/synthetic/synth_00317.jpg;C225MO152;type1b;44,323,201,68;44,346,239,323,245,365,49,391;1;1;generator_v1;CC-BY-4.0;day,angle,dirt
images/synthetic/synth_00318.jpg;C276PC797;type1a;314,304,320,211;339,304,634,330,611,515,314,476;1;1;generator_v1;CC-BY-4.0;day,angle,motion_blur
images/synthetic/synth_00319.jpg;E038YT178;type1b;402,67,372,95;402,73,764,67,774,145,409,162;1;1;generator_v1;CC-BY-4.0;day,angle,glare,dirt
images/synthetic/synth_00320.jpg;O264AC790;type1a;284,426,222,156;284,465,487,426,506,542,307,582;1;1;generator_v1;CC-BY-4.0;day,angle
images/synthetic/synth_00321.jpg;X319TM177;type1a;465,357,272,173;494,357,737,392,703,530,465,506;1;1;generator_v1;CC-BY-4.0;day,angle,glare
images/synthetic/synth_00322.jpg;E356BY98;type1b;597,463,284,104;597,507,875,463,881,521,606,567;1;1;generator_v1;CC-BY-4.0;day,angle
images/synthetic/synth_00323.jpg;M296AK702;type1b;331,132,411,105;331,141,725,132,742,214,343,237;1;1;generator_v1;CC-BY-4.0;day,angle
images/synthetic/synth_00324.jpg;T139HO52;type1b;615,390,333,117;615,437,938,390,948,466,624,507;1;1;generator_v1;CC-BY-4.0;day,angle,glare
images/synthetic/synth_00325.jpg;O067CK78;type1;563,515,381,136;586,515,944,555,922,651,563,593;1;1;generator_v1;CC-BY-4.0;day,angle,glare,motion_blur
images/synthetic/synth_00326.jpg;B083CO797;type1b;962,302,174,45;962,308,1135,302,1136,339,963,347;1;1;generator_v1;CC-BY-4.0;day,angle,glare,dirt
images/synthetic/synth_00327.jpg;P046PX163;type1b;452,466,421,182;464,466,873,553,869,648,452,584;1;1;generator_v1;CC-BY-4.0;day,angle,glare,motion_blur
images/synthetic/synth_00328.jpg;C758BM150;type1b;723,250,314,92;723,260,1033,250,1037,321,728,342;1;1;generator_v1;CC-BY-4.0;day,angle
images/synthetic/synth_00329.jpg;C119CC799;type1b;795,125,300,94;795,149,1084,125,1095,187,805,219;1;1;generator_v1;CC-BY-4.0;day,angle
images/synthetic/synth_00330.jpg;A779OK66;type1a;122,143,422,277;122,196,477,143,544,340,177,420;1;1;generator_v1;CC-BY-4.0;day,angle,motion_blur
images/synthetic/synth_00331.jpg;M456CT178;type1a;332,333,421,256;384,333,753,373,726,589,332,534;1;1;generator_v1;CC-BY-4.0;day,angle,motion_blur
images/synthetic/synth_00332.jpg;C400KX125;type1;555,278,380,87;555,285,934,278,935,364,556,365;1;1;generator_v1;CC-BY-4.0;day,angle,dirt
images/synthetic/synth_00333.jpg;H612PO716;type1;887,40,184,68;887,63,1065,40,1071,91,893,108;1;1;generator_v1;CC-BY-4.0;day,angle
images/synthetic/synth_00334.jpg;E816EK93;type1b;750,172,281,95;750,208,1022,172,1031,234,759,267;1;1;generator_v1;CC-BY-4.0;day,angle,glare
images/synthetic/synth_00335.jpg;P555XO799;type1b;674,238,294,81;674,254,961,238,968,299,679,319;1;1;generator_v1;CC-BY-4.0;day,angle,glare,dirt,motion_blur
images/synthetic/synth_00336.jpg;B572AY152;type1a;521,428,349,206;521,428,869,428,870,630,522,634;1;1;generator_v1;CC-BY-4.0;day,angle,glare,dirt,motion_blur
images/synthetic/synth_00337.jpg;E703HB790;type1a;563,90,354,235;563,142,882,90,917,272,582,325;1;1;generator_v1;CC-BY-4.0;day,angle
images/synthetic/synth_00338.jpg;C986XX96;type1b;541,556,377,118;541,596,900,556,918,651,562,674;1;1;generator_v1;CC-BY-4.0;day,angle,glare,dirt
images/synthetic/synth_00339.jpg;C639XX102;type1b;602,239,283,95;602,256,871,239,885,304,615,334;1;1;generator_v1;CC-BY-4.0;day,angle,dirt
images/synthetic/synth_00340.jpg;C164BB761;type1a;61,319,253,147;61,319,306,320,314,462,64,466;1;1;generator_v1;CC-BY-4.0;day,angle,motion_blur
images/synthetic/synth_00341.jpg;H516TK774;type1a;609,286,296,205;640,286,905,336,880,491,609,442;1;1;generator_v1;CC-BY-4.0;day,angle,glare,dirt,motion_blur
images/synthetic/synth_00342.jpg;E023XB774;type1b;570,394,369,120;570,441,920,394,939,463,581,514;1;1;generator_v1;CC-BY-4.0;day,angle
images/synthetic/synth_00343.jpg;C716XM97;type1b;668,307,429,107;668,328,1086,307,1097,391,669,414;1;1;generator_v1;CC-BY-4.0;day,angle,glare,motion_blur
images/synthetic/synth_00344.jpg;K415MK116;type1a;212,375,367,256;212,431,552,375,579,589,228,631;1;1;generator_v1;CC-BY-4.0;day,angle
images/synthetic/synth_00345.jpg;Y834BM178;type1;429,6,425,144;429,60,854,6,854,91,440,150;1;1;generator_v1;CC-BY-4.0;day,angle,glare
images/synthetic/synth_00346.jpg;X642MY66;type1a;469,114,455,311;469,139,924,114,902,362,477,425;1;1;generator_v1;CC-BY-4.0;day,angle,glare,dirt
images/synthetic/synth_00347.jpg;M969EA52;type1a;369,404,391,285;412,404,760,484,726,689,369,625;1;1;generator_v1;CC-BY-4.0;day,angle,glare,dirt
images/synthetic/synth_00348.jpg;A286HY77;type1;256,511,388,127;257,511,644,555,635,638,256,589;1;1;generator_v1;CC-BY-4.0;day,angle,motion_blur
images/synthetic/synth_00349.jpg;A471PX66;type1a;163,51,307,203;163,64,455,51,470,254,183,242;1;1;generator_v1;CC-BY-4.0;day,angle
images/synthetic/synth_00350.jpg;H615CE38;type1a;164,54,433,284;164,71,531,54,597,272,223,338;1;1;generator_v1;CC-BY-4.0;day,angle
images/synthetic/synth_00351.jpg;O001EO154;type1a;295,95,218,152;312,115,513,95,499,242,295,247;1;1;generator_v1;CC-BY-4.0;day,angle,glare
images/synthetic/synth_00352.jpg;P813CO163;type1b;815,522,280,104;815,569,1085,522,1095,582,825,626;1;1;generator_v1;CC-BY-4.0;day,angle,motion_blur
images/synthetic/synth_00353.jpg;B815TK154;type1;833,196,343,87;833,215,1171,196,1176,268,843,283;1;1;generator_v1;CC-BY-4.0;day,angle,dirt
images/synthetic/synth_00354.jpg;A143BX138;type1b;382,461,196,77;390,461,578,499,571,538,382,501;1;1;generator_v1;CC-BY-4.0;day,angle,dirt
images/synthetic/synth_00355.jpg;O931PA38;type1b;202,194,439,153;202,255,631,194,641,298,204,347;1;1;generator_v1;CC-BY-4.0;day,angle,dirt
images/synthetic/synth_00356.jpg;Y500AA50;type1b;172,0,272,105;174,0,444,46,437,105,172,56;1;1;generator_v1;CC-BY-4.0;day,angle,glare,dirt
images/synthetic/synth_00357.jpg;P715PK193;type1b;561,476,300,115;561,476,861,511,861,591,565,544;1;1;generator_v1;CC-BY-4.0;day,angle,dirt
images/synthetic/synth_00358.jpg;O673OH90;type1b;390,338,178,74;392,338,568,372,567,412,390,380;1;1;generator_v1;CC-BY-4.0;day,angle
images/synthetic/synth_00359.jpg;K760MA66;type1b;753,597,178,74;755,628,931,597,931,645,753,671;1;1;generator_v1;CC-BY-4.0;day,angle,dirt
images/synthetic/synth_00360.jpg;A383PX138;type1b;897,91,305,102;897,124,1195,91,1202,155,904,193;1;1;generator_v1;CC-BY-4.0;day,angle,glare
images/synthetic/synth_00361.jpg;O616PH702;type1a;503,187,475,314;544,187,978,190,944,501,503,444;1;1;generator_v1;CC-BY-4.0;day,angle
images/synthetic/synth_00362.jpg;P281HC150;type1;583,556,318,88;583,560,901,556,899,628,583,644;1;1;generator_v1;CC-BY-4.0;day,angle
images/synthetic/synth_00363.jpg;H124OX174;type1a;734,159,451,272;769,159,1185,214,1128,431,734,400;1;1;generator_v1;CC-BY-4.0;day,angle,glare
images/synthetic/synth_00364.jpg;E353HE799;type1b;188,203,479,168;204,203,667,282,641,371,188,301;1;1;generator_v1;CC-BY-4.0;day,angle
images/synthetic/synth_00365.jpg;Y342CK174;type1b;117,552,425,95;132,552,542,554,535,647,117,634;1;1;generator_v1;CC-BY-4.0;day,angle
images/synthetic/synth_00366.jpg;P326TM154;type1b;738,74,313,100;745,74,1051,103,1043,174,738,140;1;1;generator_v1;CC-BY-4.0;day,angle,glare,motion_blur
images/synthetic/synth_00367.jpg;H337EK90;type1b;78,329,337,126;78,386,403,329,415,400,86,455;1;1;generator_v1;CC-BY-4.0;day,angle
images/synthetic/synth_00368.jpg;O621BY23;type1b;577,572,454,103;578,580,1028,572,1031,669,577,675;1;1;generator_v1;CC-BY-4.0;day,angle,glare
images/synthetic/synth_00369.jpg;C656YE98;type1a;600,231,300,207;600,284,867,231,900,385,623,438;1;1;generator_v1;CC-BY-4.0;day,angle,glare
images/synthetic/synth_00370.jpg;E689KO99;type1a;467,348,411,307;467,377,826,348,878,572,523,655;1;1;generator_v1;CC-BY-4.0;day,angle,dirt
images/synthetic/synth_00371.jpg;H493AY97;type1a;636,365,365,252;678,365,1001,427,956,617,636,583;1;1;generator_v1;CC-BY-4.0;day,angle,glare
images/synthetic/synth_00372.jpg;C061MC190;type1b;313,172,497,187;336,172,810,260,800,359,313,270;1;1;generator_v1;CC-BY-4.0;day,angle,motion_blur
images/synthetic/synth_00373.jpg;M847YM96;type1b;673,239,465,186;673,329,1112,239,1138,329,692,425;1;1;generator_v1;CC-BY-4.0;day,angle
images/synthetic/synth_00374.jpg;B359HY63;type1b;701,413,396,142;701,477,1079,413,1097,503,723,555;1;1;generator_v1;CC-BY-4.0;day,angle,glare,dirt
images/synthetic/synth_00375.jpg;K309BP25;type1b;534,317,287,80;549,317,821,331,808,397,534,375;1;1;generator_v1;CC-BY-4.0;day,angle,dirt
images/synthetic/synth_00376.jpg;K717EE178;type1a;533,316,289,200;533,338,807,316,822,479,551,516;1;1;generator_v1;CC-BY-4.0;day,angle,glare
images/synthetic/synth_00377.jpg;A925PX763;type1;836,178,355,105;841,178,1191,208,1184,283,836,251;1;1;generator_v1;CC-BY-4.0;day,angle,dirt
images/synthetic/synth_00378.jpg;Y857CT750;type1b;374,251,242,74;381,273,616,251,612,309,374,325;1;1;generator_v1;CC-BY-4.0;day,angle,glare,motion_blur
images/synthetic/synth_00379.jpg;B076TP38;type1;957,457,207,82;973,457,1164,492,1149,539,957,500;1;1;generator_v1;CC-BY-4.0;day,angle
images/synthetic/synth_00380.jpg;P323OK750;type1b;223,602,253,69;225,602,476,613,473,671,223,656;1;1;generator_v1;CC-BY-4.0;day,angle,glare,dirt
images/synthetic/synth_00381.jpg;C331CT98;type1b;593,57,257,64;596,57,849,68,850,121,593,110;1;1;generator_v1;CC-BY-4.0;day,angle,dirt
images/synthetic/synth_00382.jpg;M601XT702;type1b;392,209,245,84;392,209,637,231,637,293,395,265;1;1;generator_v1;CC-BY-4.0;day,angle
images/synthetic/synth_00383.jpg;T468HX763;type1a;730,91,384,240;730,91,1065,99,1114,300,770,331;1;1;generator_v1;CC-BY-4.0;day,angle,glare
images/synthetic/synth_00384.jpg;P057XY66;type1a;784,342,389,275;784,383,1146,342,1173,554,816,617;1;1;generator_v1;CC-BY-4.0;day,angle
images/synthetic/synth_00385.jpg;A552TP97;type1b;850,262,284,65;850,262,1134,270,1130,327,850,320;1;1;generator_v1;CC-BY-4.0;day,angle,glare,dirt
images/synthetic/synth_00386.jpg;A532KE02;type1a;428,250,220,134;428,250,648,252,646,384,429,377;1;1;generator_v1;CC-BY-4.0;day,angle,glare
images/synthetic/synth_00387.jpg;O073TP90;type1b;249,408,442,140;249,463,684,408,691,497,267,548;1;1;generator_v1;CC-BY-4.0;day,angle,glare
images/synthetic/synth_00388.jpg;P605XB125;type1;874,439,238,81;880,439,1112,472,1104,520,874,488;1;1;generator_v1;CC-BY-4.0;day,angle,glare,dirt
images/synthetic/synth_00389.jpg;Y855EH61;type1a;123,175,264,202;126,218,382,175,387,352,123,377;1;1;generator_v1;CC-BY-4.0;day,angle,dirt
images/synthetic/synth_00390.jpg;A859XO763;type1b;618,209,367,117;622,209,982,251,985,326,618,291;1;1;generator_v1;CC-BY-4.0;day,angle
images/synthetic/synth_00391.jpg;X659AP178;type1;263,251,437,142;280,251,700,299,688,393,263,338;1;1;generator_v1;CC-BY-4.0;day,angle,glare,motion_blur
images/synthetic/synth_00392.jpg;T105OY98;type1b;642,104,306,124;642,166,936,104,948,166,656,228;1;1;generator_v1;CC-BY-4.0;day,angle,glare
images/synthetic/synth_00393.jpg;K408BK98;type1;850,396,300,71;850,409,1145,396,1150,458,859,467;1;1;generator_v1;CC-BY-4.0;day,angle,dirt
images/synthetic/synth_00394.jpg;C543KC777;type1b;927,540,232,70;927,562,1154,540,1159,589,931,610;1;1;generator_v1;CC-BY-4.0;day,angle,dirt
images/synthetic/synth_00395.jpg;E068AH78;type1;457,331,423,170;457,417,846,331,880,439,490,501;1;1;generator_v1;CC-BY-4.0;day,angle,glare
images/synthetic/synth_00396.jpg;H965MP97;type1b;774,281,203,45;779,281,977,284,974,326,774,322;1;1;generator_v1;CC-BY-4.0;day,angle,glare
images/synthetic/synth_00397.jpg;E834HE150;type1b;567,157,200,74;569,157,767,182,766,231,567,212;1;1;generator_v1;CC-BY-4.0;day,angle
images/synthetic/synth_00398.jpg;M584TO25;type1a;572,316,215,138;584,316,787,336,774,454,572,437;1;1;generator_v1;CC-BY-4.0;day,angle,glare
images/synthetic/synth_00399.jpg;A004BC799;type1;367,584,357,96;367,590,704,584,724,658,384,680;1;1;generator_v1;CC-BY-4.0;day,angle,glare
images/synthetic/synth_00400.jpg;H163TK138;type1a;361,49,238,150;361,84,573,49,599,170,392,199;1;1;generator_v1;CC-BY-4.0;day,angle,glare,dirt
images/synthetic/synth_00401.jpg;M314TM61;type1b;806,311,357,113;806,341,1159,311,1163,413,808,424;1;1;generator_v1;CC-BY-4.0;day,angle,motion_blur
images/synthetic/synth_00402.jpg;A164HY77;type1a;200,282,463,290;200,287,621,282,663,526,229,572;1;1;generator_v1;CC-BY-4.0;day,angle
images/synthetic/synth_00403.jpg;X591EM74;type1a;704,298,339,211;712,320,1038,298,1043,499,704,509;1;1;generator_v1;CC-BY-4.0;day,angle,glare
images/synthetic/synth_00404.jpg;E276YA23;type1b;441,237,443,112;441,257,884,237,883,328,448,349;1;1;generator_v1;CC-BY-4.0;day,angle,dirt
images/synthetic/synth_00405.jpg;O765YT174;type1a;863,87,356,222;889,87,1219,114,1204,309,863,277;1;1;generator_v1;CC-BY-4.0;day,angle,dirt,motion_blur
images/synthetic/synth_00406.jpg;B132OY16;type1;423,492,332,74;423,492,742,493,755,559,430,566;1;1;generator_v1;CC-BY-4.0;day,angle,dirt
images/synthetic/synth_00407.jpg;A353PM50;type1b;668,316,221,84;668,356,879,316,889,358,676,400;1;1;generator_v1;CC-BY-4.0;day,angle,dirt
images/synthetic/synth_00408.jpg;P562CH54;type1a;912,66,202,138;929,66,1114,103,1091,204,912,167;1;1;generator_v1;CC-BY-4.0;day,angle,glare,dirt
images/synthetic/synth_00409.jpg;B240XX38;type1a;712,378,425,256;712,406,1074,378,1137,577,756,634;1;1;generator_v1;CC-BY-4.0;day,angle
images/synthetic/synth_00410.jpg;X299CO161;type1b;162,409,416,166;187,409,578,464,552,575,162,496;1;1;generator_v1;CC-BY-4.0;day,angle,glare
images/synthetic/synth_00411.jpg;P785OX716;type1a;711,542,169,132;711,562,873,542,880,646,720,674;1;1;generator_v1;CC-BY-4.0;day,angle,glare
images/synthetic/synth_00412.jpg;T833BC163;type1a;214,83,459,287;214,102,669,83,673,370,219,363;1;1;generator_v1;CC-BY-4.0;day,angle
images/synthetic/synth_00413.jpg;Y866HM77;type1a;204,278,316,217;204,334,477,278,520,460,248,495;1;1;generator_v1;CC-BY-4.0;day,angle,glare
images/synthetic/synth_00414.jpg;Y091HX152;type1;631,174,425,126;640,174,1056,213,1054,300,631,265;1;1;generator_v1;CC-BY-4.0;day,angle,glare
images/synthetic/synth_00415.jpg;H619TE78;type1b;581,239,249,88;581,264,817,239,830,294,593,327;1;1;generator_v1;CC-BY-4.0;day,angle
images/synthetic/synth_00416.jpg;T440EX38;type1;374,450,258,56;374,451,632,450,632,505,375,506;1;1;generator_v1;CC-BY-4.0;day,angle
images/synthetic/synth_00417.jpg;T345YK774;type1a;180,264,377,244;180,297,544,264,557,471,203,508;1;1;generator_v1;CC-BY-4.0;day,angle
images/synthetic/synth_00418.jpg;C245XO178;type1b;787,156,195,71;789,156,981,186,982,227,787,201;1;1;generator_v1;CC-BY-4.0;day,angle,dirt
images/synthetic/synth_00419.jpg;Y094YK154;type1;314,0,414,135;324,0,728,53,711,135,314,77;1;1;generator_v1;CC-BY-4.0;day,angle,dirt
images/synthetic/synth_00420.jpg;E240BC99;type1b;361,338,452,112;361,353,804,338,813,430,364,450;1;1;generator_v1;CC-BY-4.0;day,angle,dirt
images/synthetic/synth_00421.jpg;E189TM66;type1a;995,392,187,112;998,392,1182,392,1176,498,995,504;1;1;generator_v1;CC-BY-4.0;day,angle,glare,dirt
images/synthetic/synth_00422.jpg;X793XP799;type1;218,337,318,84;218,352,532,337,536,414,222,421;1;1;generator_v1;CC-BY-4.0;day,angle
images/synthetic/synth_00423.jpg;P941AK702;type1;651,53,198,49;651,56,840,53,849,102,661,100;1;1;generator_v1;CC-BY-4.0;day,angle
images/synthetic/synth_00424.jpg;E669CY150;type1b;237,249,286,96;256,249,523,284,507,345,237,304;1;1;generator_v1;CC-BY-4.0;day,angle,glare
images/synthetic/synth_00425.jpg;H348YP150;type1a;119,56,385,281;119,130,463,56,504,292,156,337;1;1;generator_v1;CC-BY-4.0;day,angle,glare,motion_blur
images/synthetic/synth_00426.jpg;T655HA750;type1b;678,547,426,172;684,547,1099,631,1104,719,678,662;1;1;generator_v1;CC-BY-4.0;day,angle,glare,motion_blur
images/synthetic/synth_00427.jpg;M491AT54;type1a;522,339,498,338;578,339,1020,413,979,677,522,594;1;1;generator_v1;CC-BY-4.0;day,angle,glare,dirt
images/synthetic/synth_00428.jpg;O847EK161;type1;285,109,412,107;288,116,697,109,688,196,285,216;1;1;generator_v1;CC-BY-4.0;day,angle
images/synthetic/synth_00429.jpg;B696EB98;type1a;150,424,295,201;195,424,445,442,401,625,150,582;1;1;generator_v1;CC-BY-4.0;day,angle
images/synthetic/synth_00430.jpg;K792YO99;type1a;695,144,495,327;695,240,1148,144,1190,391,768,471;1;1;generator_v1;CC-BY-4.0;day,angle,dirt
images/synthetic/synth_00431.jpg;H839XA78;type1a;521,259,209,139;538,265,730,259,708,379,521,398;1;1;generator_v1;CC-BY-4.0;day,angle,glare,dirt
images/synthetic/synth_00432.jpg;E940KH193;type1;244,218,332,102;249,218,576,248,570,320,244,287;1;1;generator_v1;CC-BY-4.0;day,angle
images/synthetic/synth_00433.jpg;X601KY190;type1a;332,267,247,182;332,318,552,267,579,405,357,449;1;1;generator_v1;CC-BY-4.0;day,angle
images/synthetic/synth_00434.jpg;E468XX23;type1a;485,133,204,139;485,161,646,133,689,232,529,272;1;1;generator_v1;CC-BY-4.0;day,angle,glare
images/synthetic/synth_00435.jpg;C936BM199;type1a;629,255,462,287;644,255,1091,278,1076,542,629,514;1;1;generator_v1;CC-BY-4.0;day,angle,glare,dirt
images/synthetic/synth_00436.jpg;B386CE138;type1a;582,362,208,134;582,397,768,362,790,465,609,496;1;1;generator_v1;CC-BY-4.0;day,angle
images/synthetic/synth_00437.jpg;C326BX93;type1a;499,188,341,244;499,218,828,188,840,382,519,432;1;1;generator_v1;CC-BY-4.0;day,angle,dirt
images/synthetic/synth_00438.jpg;B858MP61;type1a;789,208,261,176;789,245,1005,208,1050,367,833,384;1;1;generator_v1;CC-BY-4.0;day,angle,glare
images/synthetic/synth_00439.jpg;Y423EK54;type1b;245,93,420,136;268,93,665,126,645,229,245,178;1;1;generator_v1;CC-BY-4.0;day,angle
images/synthetic/synth_00440.jpg;T717HT702;type1a;747,288,417,269;759,288,1161,324,1164,557,747,541;1;1;generator_v1;CC-BY-4.0;day,angle
images/synthetic/synth_00441.jpg;T893OP177;type1b;579,211,305,122;593,211,884,265,870,333,579,273;1;1;generator_v1;CC-BY-4.0;day,angle,glare
images/synthetic/synth_00442.jpg;H028XK61;type1a;656,155,475,332;656,237,1087,155,1131,440,697,487;1;1;generator_v1;CC-BY-4.0;day,angle
images/synthetic/synth_00443.jpg;H119KA98;type1b;377,139,498,109;378,139,870,142,875,245,377,248;1;1;generator_v1;CC-BY-4.0;day,angle
images/synthetic/synth_00444.jpg;C231TY02;type1a;833,476,273,163;844,480,1106,476,1101,639,833,633;1;1;generator_v1;CC-BY-4.0;day,angle,glare
images/synthetic/synth_00445.jpg;H107XK23;type1b;206,5,458,141;206,52,655,5,664,102,219,146;1;1;generator_v1;CC-BY-4.0;day,angle
images/synthetic/synth_00446.jpg;P056HB66;type1;605,40,296,82;605,50,894,40,901,122,613,119;1;1;generator_v1;CC-BY-4.0;day,angle,dirt
images/synthetic/synth_00447.jpg;B870YT138;type1;972,440,211,54;977,445,1183,440,1176,485,972,494;1;1;generator_v1;CC-BY-4.0;day,angle,glare,dirt
images/synthetic/synth_00448.jpg;Y247EM98;type1a;241,219,460,319;296,219,701,287,653,538,241,451;1;1;generator_v1;CC-BY-4.0;day,angle
images/synthetic/synth_00449.jpg;C645HH178;type1a;266,119,361,300;266,204,584,119,627,383,298,419;1;1;generator_v1;CC-BY-4.0;day,angle,dirt
images/synthetic/synth_00450.jpg;K339OY96;type1a;504,267,357,208;504,267,839,276,861,467,512,475;1;1;generator_v1;CC-BY-4.0;day,angle,glare
images/synthetic/synth_00451.jpg;K749PY196;type1b;364,496,285,102;375,496,649,528,638,598,364,558;1;1;generator_v1;CC-BY-4.0;day,angle
images/synthetic/synth_00452.jpg;O542TO154;type1a;611,373,414,277;647,373,1025,433,984,650,611,620;1;1;generator_v1;CC-BY-4.0;day,angle
images/synthetic/synth_00453.jpg;X349AB196;type1;762,44,304,136;765,44,1065,107,1066,180,762,132;1;1;generator_v1;CC-BY-4.0;day,angle,motion_blur
images/synthetic/synth_00454.jpg;M564CT163;type1b;896,201,229,62;896,201,1124,212,1125,263,896,256;1;1;generator_v1;CC-BY-4.0;day,angle,glare,dirt
images/synthetic/synth_00455.jpg;A537CB123;type1b;738,489,167,46;738,493,899,489,905,527,744,535;1;1;generator_v1;CC-BY-4.0;day,angle,glare
images/synthetic/synth_00456.jpg;B240TT77;type1;834,214,226,50;835,220,1058,214,1060,259,834,264;1;1;generator_v1;CC-BY-4.0;day,angle,motion_blur
images/synthetic/synth_00457.jpg;H808XO61;type1;656,549,451,170;672,549,1107,628,1095,719,656,663;1;1;generator_v1;CC-BY-4.0;day,angle,dirt
images/synthetic/synth_00458.jpg;H478OO77;type1b;592,170,368,136;599,170,960,233,944,306,592,242;1;1;generator_v1;CC-BY-4.0;day,angle
images/synthetic/synth_00459.jpg;A803KP97;type1b;357,522,471,150;357,565,815,522,828,618,368,672;1;1;generator_v1;CC-BY-4.0;day,angle,dirt
images/synthetic/synth_00460.jpg;A310XH63;type1;682,69,266,83;688,85,948,69,938,127,682,152;1;1;generator_v1;CC-BY-4.0;day,angle,glare,dirt
images/synthetic/synth_00461.jpg;M634PX90;type1b;282,271,194,71;294,271,476,298,464,342,282,312;1;1;generator_v1;CC-BY-4.0;day,angle
images/synthetic/synth_00462.jpg;E827HE199;type1b;805,233,301,104;805,278,1096,233,1106,292,810,337;1;1;generator_v1;CC-BY-4.0;day,angle
images/synthetic/synth_00463.jpg;C734AT178;type1a;99,203,212,157;111,203,311,237,294,360,99,320;1;1;generator_v1;CC-BY-4.0;day,angle,motion_blur
images/synthetic/synth_00464.jpg;C375HX193;type1b;802,479,373,132;802,522,1157,479,1175,556,818,611;1;1;generator_v1;CC-BY-4.0;day,angle,glare,dirt
images/synthetic/synth_00465.jpg;K683KC125;type1a;240,329,524,331;240,384,740,329,764,620,283,660;1;1;generator_v1;CC-BY-4.0;day,angle
images/synthetic/synth_00466.jpg;X608PX99;type1;304,614,257,92;304,653,553,614,561,667,314,706;1;1;generator_v1;CC-BY-4.0;day,angle,glare
images/synthetic/synth_00467.jpg;B345KT23;type1b;328,528,399,124;334,528,727,564,723,652,328,635;1;1;generator_v1;CC-BY-4.0;day,angle,glare
images/synthetic/synth_00468.jpg;P432YA02;type1b;154,549,299,106;158,549,453,580,447,655,154,616;1;1;generator_v1;CC-BY-4.0;day,angle,dirt
images/synthetic/synth_00469.jpg;E988KT61;type1b;717,322,199,79;717,358,909,322,916,364,725,401;1;1;generator_v1;CC-BY-4.0;day,angle
images/synthetic/synth_00470.jpg;A676PM96;type1a;393,124,491,304;393,124,866,135,884,407,398,428;1;1;generator_v1;CC-BY-4.0;day,angle,glare
images/synthetic/synth_00471.jpg;H799AC63;type1a;883,104,179,140;886,104,1062,133,1054,244,883,210;1;1;generator_v1;CC-BY-4.0;day,angle,glare
images/synthetic/synth_00472.jpg;H028ME196;type1;180,421,459,162;180,473,634,421,639,517,192,583;1;1;generator_v1;CC-BY-4.0;day,angle,glare
images/synthetic/synth_00473.jpg;H248AB74;type1;556,102,384,86;556,110,931,102,940,177,556,188;1;1;generator_v1;CC-BY-4.0;day,angle
images/synthetic/synth_00474.jpg;H125YA797;type1a;590,186,189,115;590,194,774,186,779,298,597,301;1;1;generator_v1;CC-BY-4.0;day,angle,glare,motion_blur
images/synthetic/synth_00475.jpg;P369MB716;type1a;608,343,351,273;608,348,951,343,959,563,622,616;1;1;generator_v1;CC-BY-4.0;day,angle
images/synthetic/synth_00476.jpg;X978OM38;type1b;185,19,359,98;185,41,538,19,544,95,189,117;1;1;generator_v1;CC-BY-4.0;day,angle
images/synthetic/synth_00477.jpg;H046OH196;type1a;288,478,208,135;301,478,496,500,485,613,288,591;1;1;generator_v1;CC-BY-4.0;day,angle,glare,motion_blur
images/synthetic/synth_00478.jpg;X298XA138;type1;264,144,434,175;264,231,680,144,698,237,284,319;1;1;generator_v1;CC-BY-4.0;day,angle
images/synthetic/synth_00479.jpg;H231XM66;type1b;464,446,466,139;471,446,930,491,917,585,464,543;1;1;generator_v1;CC-BY-4.0;day,angle,glare,motion_blur
images/synthetic/synth_00480.jpg;A960OA16;type1b;500,582,212,86;500,620,704,582,712,635,508,668;1;1;generator_v1;CC-BY-4.0;day,angle,dirt
images/synthetic/synth_00481.jpg;T154PA150;type1b;490,52,371,98;490,52,861,67,860,150,496,127;1;1;generator_v1;CC-BY-4.0;day,angle,motion_blur
images/synthetic/synth_00482.jpg;O010OM161;type1a;507,249,395,238;507,272,864,249,902,449,529,487;1;1;generator_v1;CC-BY-4.0;day,angle,dirt
images/synthetic/synth_00483.jpg;B284OM16;type1a;656,499,269,152;679,499,925,511,912,651,656,634;1;1;generator_v1;CC-BY-4.0;day,angle,motion_blur
images/synthetic/synth_00484.jpg;O914AA74;type1b;168,457,428,169;186,457,596,539,577,626,168,549;1;1;generator_v1;CC-BY-4.0;day,angle
images/synthetic/synth_00485.jpg;O095KK99;type1;148,343,246,66;154,346,394,343,385,398,148,409;1;1;generator_v1;CC-BY-4.0;day,angle,glare,dirt
images/synthetic/synth_00486.jpg;C697CO152;type1b;557,323,470,175;557,401,998,323,1027,409,577,498;1;1;generator_v1;CC-BY-4.0;day,angle,glare
images/synthetic/synth_00487.jpg;O503AY761;type1a;288,356,432,269;288,358,664,356,720,578,333,625;1;1;generator_v1;CC-BY-4.0;day,angle,glare
images/synthetic/synth_00488.jpg;M251XM799;type1;810,88,343,104;818,88,1153,127,1138,192,810,158;1;1;generator_v1;CC-BY-4.0;day,angle,dirt
images/synthetic/synth_00489.jpg;B604EK150;type1b;233,73,155,58;233,73,387,96,388,131,233,111;1;1;generator_v1;CC-BY-4.0;day,angle
images/synthetic/synth_00490.jpg;E731HB97;type1;435,14,258,105;435,54,679,14,693,71,450,119;1;1;generator_v1;CC-BY-4.0;day,angle,motion_blur
images/synthetic/synth_00491.jpg;B375AM763;type1a;990,515,218,140;1014,515,1208,522,1186,655,990,636;1;1;generator_v1;CC-BY-4.0;day,angle,glare,dirt,motion_blur
images/synthetic/synth_00492.jpg;K643ME152;type1b;617,553,242,67;617,553,859,555,858,612,617,620;1;1;generator_v1;CC-BY-4.0;day,angle,motion_blur
images/synthetic/synth_00493.jpg;B162XE50;type1;474,399,311,129;477,460,782,399,785,478,474,528;1;1;generator_v1;CC-BY-4.0;day,angle
images/synthetic/synth_00494.jpg;P943PA99;type1b;95,0,333,114;95,45,417,0,428,64,104,114;1;1;generator_v1;CC-BY-4.0;day,angle,dirt,motion_blur
images/synthetic/synth_00495.jpg;K282EB02;type1;965,102,241,66;965,102,1201,104,1206,168,971,158;1;1;generator_v1;CC-BY-4.0;day,angle,glare,motion_blur
images/synthetic/synth_00496.jpg;C042OK152;type1b;336,368,447,141;336,392,769,368,783,463,349,509;1;1;generator_v1;CC-BY-4.0;day,angle
images/synthetic/synth_00497.jpg;Y636PC174;type1;536,145,193,68;542,167,729,145,724,197,536,213;1;1;generator_v1;CC-BY-4.0;day,angle,glare
images/synthetic/synth_00498.jpg;A836PX763;type1a;182,397,426,276;182,426,599,397,608,632,204,673;1;1;generator_v1;CC-BY-4.0;day,angle,dirt
images/synthetic/synth_00499.jpg;T026AT177;type1a;846,347,290,207;846,373,1105,347,1136,508,878,554;1;1;generator_v1;CC-BY-4.0;day,angle
images/synthetic/synth_00500.jpg;K981XX198;type1a;327,258,179,136;333,258,506,292,504,394,327,365;1;1;generator_v1;CC-BY-4.0;day,angle,glare
images/synthetic/synth_00501.jpg;K970KX125;type1a;157,447,268,194;191,447,425,460,390,641,157,603;1;1;generator_v1;CC-BY-4.0;day,angle,glare,dirt
images/synthetic/synth_00502.jpg;Y138YE123;type1;462,357,362,150;494,357,824,435,794,507,462,446;1;1;generator_v1;CC-BY-4.0;day,angle,glare
images/synthetic/synth_00503.jpg;O020KC123;type1a;86,323,505,328;135,323,591,367,556,651,86,583;1;1;generator_v1;CC-BY-4.0;day,angle,glare
images/synthetic/synth_00504.jpg;A593HA78;type1;573,32,494,116;575,32,1055,53,1067,148,573,137;1;1;generator_v1;CC-BY-4.0;day,angle
images/synthetic/synth_00505.jpg;Y382TP138;type1b;786,104,275,75;786,123,1058,104,1061,161,791,179;1;1;generator_v1;CC-BY-4.0;day,angle
images/synthetic/synth_00506.jpg;M322HX38;type1a;439,192,258,160;439,192,686,198,697,345,446,352;1;1;generator_v1;CC-BY-4.0;day,angle
images/synthetic/synth_00507.jpg;O790EP123;type1a;672,228,418,265;677,271,1068,228,1090,460,672,493;1;1;generator_v1;CC-BY-4.0;day,angle
images/synthetic/synth_00508.jpg;K193YT138;type1b;740,558,328,130;740,599,1058,558,1068,632,753,688;1;1;generator_v1;CC-BY-4.0;day,angle,glare,motion_blur
images/synthetic/synth_00509.jpg;P631MM23;type1a;232,107,459,290;232,166,669,107,691,346,280,397;1;1;generator_v1;CC-BY-4.0;day,angle,motion_blur
images/synthetic/synth_00510.jpg;O123XM163;type1;153,50,249,100;153,87,391,50,402,106,165,150;1;1;generator_v1;CC-BY-4.0;day,angle,glare
images/synthetic/synth_00511.jpg;Y541TT193;type1a;582,39,477,310;613,39,1059,75,1031,349,582,295;1;1;generator_v1;CC-BY-4.0;day,angle
images/synthetic/synth_00512.jpg;T232AM77;type1b;254,627,202,57;254,627,455,634,456,684,255,683;1;1;generator_v1;CC-BY-4.0;day,angle,dirt
images/synthetic/synth_00513.jpg;H151AO196;type1b;520,565,249,80;520,581,758,565,769,620,531,645;1;1;generator_v1;CC-BY-4.0;day,angle,dirt
images/synthetic/synth_00514.jpg;M356CC102;type1b;474,241,205,51;476,241,679,249,675,292,474,285;1;1;generator_v1;CC-BY-4.0;day,angle,dirt
images/synthetic/synth_00515.jpg;P230BA123;type1b;661,279,368,84;664,279,1029,279,1028,363,661,356;1;1;generator_v1;CC-BY-4.0;day,angle,dirt
images/synthetic/synth_00516.jpg;B526KH178;type1a;577,511,199,139;577,545,757,511,776,618,595,650;1;1;generator_v1;CC-BY-4.0;day,angle,glare
images/synthetic/synth_00517.jpg;X993TC102;type1a;402,75,190,154;402,104,581,75,592,215,410,229;1;1;generator_v1;CC-BY-4.0;day,angle,glare,dirt
images/synthetic/synth_00518.jpg;T810XA790;type1a;228,256,244,162;228,278,462,256,472,404,236,418;1;1;generator_v1;CC-BY-4.0;day,angle,glare,dirt
images/synthetic/synth_00519.jpg;O381HP193;type1a;121,50,448,311;121,119,536,50,569,286,166,361;1;1;generator_v1;CC-BY-4.0;day,angle
images/synthetic/synth_00520.jpg;B510ET797;type1a;597,101,332,215;607,108,929,101,922,316,597,301;1;1;generator_v1;CC-BY-4.0;day,angle,dirt
images/synthetic/synth_00521.jpg;O085MK98;type1b;134,84,375,93;134,84,501,84,509,177,146,163;1;1;generator_v1;CC-BY-4.0;day,angle,dirt,motion_blur
images/synthetic/synth_00522.jpg;C165EX774;type1a;263,68,293,206;288,68,556,95,531,274,263,230;1;1;generator_v1;CC-BY-4.0;day,angle,glare,dirt,motion_blur
images/synthetic/synth_00523.jpg;C284CB790;type1b;876,616,298,73;877,616,1174,625,1173,689,876,682;1;1;generator_v1;CC-BY-4.0;day,angle,dirt
images/synthetic/synth_00524.jpg;E580BM763;type1;125,578,318,120;125,627,437,578,443,644,135,698;1;1;generator_v1;CC-BY-4.0;day,angle,glare,dirt
images/synthetic/synth_00525.jpg;K257EC78;type1b;711,473,388,109;711,503,1076,473,1099,572,737,582;1;1;generator_v1;CC-BY-4.0;day,angle,motion_blur
images/synthetic/synth_00526.jpg;X024AB02;type1b;615,601,174,68;615,630,785,601,789,638,619,669;1;1;generator_v1;CC-BY-4.0;day,angle,glare,dirt
images/synthetic/synth_00527.jpg;O468BT199;type1;216,364,466,113;216,364,682,380,675,477,216,461;1;1;generator_v1;CC-BY-4.0;day,angle,motion_blur
images/synthetic/synth_00528.jpg;T492XT763;type1b;312,276,417,156;327,276,729,341,718,432,312,387;1;1;generator_v1;CC-BY-4.0;day,angle,glare
images/synthetic/synth_00529.jpg;X407TC761;type1a;332,142,497,345;368,142,829,217,812,487,332,441;1;1;generator_v1;CC-BY-4.0;day,angle,glare
images/synthetic/synth_00530.jpg;M334EB174;type1;490,525,433,123;498,525,923,560,911,648,490,624;1;1;generator_v1;CC-BY-4.0;day,angle,glare
images/synthetic/synth_00531.jpg;E829XM98;type1;469,351,478,183;469,438,926,351,947,449,480,534;1;1;generator_v1;CC-BY-4.0;day,angle,dirt
images/synthetic/synth_00532.jpg;K892HA52;type1a;528,412,461,281;595,412,989,452,946,693,528,626;1;1;generator_v1;CC-BY-4.0;day,angle
images/synthetic/synth_00533.jpg;P382YX193;type1b;136,387,456,183;136,455,586,387,592,484,150,570;1;1;generator_v1;CC-BY-4.0;day,angle,dirt
images/synthetic/synth_00534.jpg;X099EE16;type1;540,248,314,119;555,248,854,307,834,367,540,313;1;1;generator_v1;CC-BY-4.0;day,angle,glare,motion_blur
images/synthetic/synth_00535.jpg;P777AY150;type1;677,433,411,129;677,474,1077,433,1088,517,686,562;1;1;generator_v1;CC-BY-4.0;day,angle,dirt
images/synthetic/synth_00536.jpg;K556HP163;type1b;1006,544,191,45;1006,548,1196,544,1197,587,1008,589;1;1;generator_v1;CC-BY-4.0;day,angle,glare,motion_blur
images/synthetic/synth_00537.jpg;C302EK125;type1b;772,107,327,114;779,107,1099,151,1089,221,772,174;1;1;generator_v1;CC-BY-4.0;day,angle
images/synthetic/synth_00538.jpg;X437MY66;type1a;363,233,498,331;400,233,861,252,828,564,363,499;1;1;generator_v1;CC-BY-4.0;day,angle,motion_blur
images/synthetic/synth_00539.jpg;A833YB90;type1a;255,133,381,238;317,133,636,156,582,371,255,316;1;1;generator_v1;CC-BY-4.0;day,angle,glare,dirt
images/synthetic/synth_00540.jpg;Y592XT152;type1a;551,568,172,127;557,583,723,568,718,692,551,695;1;1;generator_v1;CC-BY-4.0;day,angle,glare,dirt
images/synthetic/synth_00541.jpg;B610YO77;type1a;346,24,330,276;351,24,672,85,676,300,346,287;1;1;generator_v1;CC-BY-4.0;day,angle,glare
images/synthetic/synth_00542.jpg;Y225OP138;type1a;747,116,361,225;750,116,1108,129,1102,336,747,341;1;1;generator_v1;CC-BY-4.0;day,angle,glare,motion_blur
images/synthetic/synth_00543.jpg;T772HB199;type1a;870,462,204,121;870,462,1073,463,1074,581,870,583;1;1;generator_v1;CC-BY-4.0;day,angle
images/synthetic/synth_00544.jpg;X901XT63;type1;701,394,284,82;701,394,985,414,984,476,704,452;1;1;generator_v1;CC-BY-4.0;day,angle,glare,motion_blur
images/synthetic/synth_00545.jpg;H674PA152;type1a;118,187,356,210;118,191,474,187,474,394,122,397;1;1;generator_v1;CC-BY-4.0;day,angle,glare,dirt
images/synthetic/synth_00546.jpg;O836TB138;type1b;151,263,196,78;161,263,347,300,337,341,151,302;1;1;generator_v1;CC-BY-4.0;day,angle,glare
images/synthetic/synth_00547.jpg;X804CH163;type1a;567,257,472,304;597,257,1039,315,997,561,567,527;1;1;generator_v1;CC-BY-4.0;day,angle
images/synthetic/synth_00548.jpg;M390CM61;type1a;402,171,227,190;402,171,629,206,624,361,406,310;1;1;generator_v1;CC-BY-4.0;day,angle,dirt
images/synthetic/synth_00549.jpg;M064CX74;type1a;656,109,496,307;669,109,1152,143,1130,416,656,412;1;1;generator_v1;CC-BY-4.0;day,angle,dirt
images/synthetic/synth_00550.jpg;Y795HK716;type1b;697,138,401,107;697,159,1091,138,1098,220,702,245;1;1;generator_v1;CC-BY-4.0;day,angle
images/synthetic/synth_00551.jpg;T451AE63;type1a;746,486,221,138;746,508,962,486,967,602,759,624;1;1;generator_v1;CC-BY-4.0;day,angle
images/synthetic/synth_00552.jpg;A115OH93;type1b;129,319,187,58;129,341,306,319,316,357,140,377;1;1;generator_v1;CC-BY-4.0;day,angle
images/synthetic/synth_00553.jpg;B174KP96;type1b;593,273,256,71;593,275,847,273,849,344,596,336;1;1;generator_v1;CC-BY-4.0;day,angle,glare
images/synthetic/synth_00554.jpg;H363MO16;type1b;307,345,503,145;307,385,798,345,810,449,312,490;1;1;generator_v1;CC-BY-4.0;day,angle,motion_blur
images/synthetic/synth_00555.jpg;M845AM99;type1a;46,259,194,137;46,291,207,259,240,374,78,396;1;1;generator_v1;CC-BY-4.0;day,angle,glare,dirt
images/synthetic/synth_00556.jpg;M234KT77;type1;660,166,358,108;660,166,1016,192,1018,274,660,265;1;1;generator_v1;CC-BY-4.0;day,angle
images/synthetic/synth_00557.jpg;T706CY61;type1;648,111,381,127;648,132,1009,111,1029,195,668,238;1;1;generator_v1;CC-BY-4.0;day,angle,dirt,motion_blur
images/synthetic/synth_00558.jpg;M112MY193;type1a;559,459,339,216;586,459,898,499,889,675,559,636;1;1;generator_v1;CC-BY-4.0;day,angle,glare
images/synthetic/synth_00559.jpg;K353BX761;type1a;531,169,371,250;552,169,902,232,861,419,531,358;1;1;generator_v1;CC-BY-4.0;day,angle
images/synthetic/synth_00560.jpg;C532CP93;type1a;96,266,459,311;96,333,519,266,555,513,137,577;1;1;generator_v1;CC-BY-4.0;day,angle,dirt
images/synthetic/synth_00561.jpg;T349KH178;type1b;205,85,240,64;205,103,440,85,445,134,213,149;1;1;generator_v1;CC-BY-4.0;day,angle
images/synthetic/synth_00562.jpg;P109BB61;type1a;642,147,471,321;666,147,1113,202,1074,468,642,400;1;1;generator_v1;CC-BY-4.0;day,angle,glare,dirt
images/synthetic/synth_00563.jpg;X747XH761;type1b;291,508,305,109;305,508,596,536,582,617,291,577;1;1;generator_v1;CC-BY-4.0;day,angle
images/synthetic/synth_00564.jpg;B833XB93;type1b;288,172,166,53;288,172,449,183,454,225,293,210;1;1;generator_v1;CC-BY-4.0;day,angle
images/synthetic/synth_00565.jpg;Y345PY777;type1;119,451,393,149;141,451,512,514,493,600,119,527;1;1;generator_v1;CC-BY-4.0;day,angle,dirt
images/synthetic/synth_00566.jpg;O764XB198;type1;473,488,269,83;479,488,742,515,736,571,473,546;1;1;generator_v1;CC-BY-4.0;day,angle,dirt
images/synthetic/synth_00567.jpg;H410OP797;type1;253,566,332,122;253,615,580,566,585,650,254,688;1;1;generator_v1;CC-BY-4.0;day,angle,glare,dirt,motion_blur
images/synthetic/synth_00568.jpg;E264OH190;type1b;201,305,349,96;201,305,550,319,549,401,204,379;1;1;generator_v1;CC-BY-4.0;day,angle,dirt
images/synthetic/synth_00569.jpg;Y404ET66;type1b;207,478,492,183;207,566,681,478,699,583,231,661;1;1;generator_v1;CC-BY-4.0;day,angle
images/synthetic/synth_00570.jpg;E104BC74;type1b;691,274,394,125;691,318,1063,274,1085,376,714,399;1;1;generator_v1;CC-BY-4.0;day,angle,dirt
images/synthetic/synth_00571.jpg;K548TE90;type1;493,74,208,83;493,110,693,74,701,118,501,157;1;1;generator_v1;CC-BY-4.0;day,angle,motion_blur
images/synthetic/synth_00572.jpg;E079OP761;type1;275,366,321,102;275,399,590,366,596,441,280,468;1;1;generator_v1;CC-BY-4.0;day,angle
images/synthetic/synth_00573.jpg;P139PY138;type1b;209,472,364,147;209,544,559,472,573,546,225,619;1;1;generator_v1;CC-BY-4.0;day,angle,dirt
images/synthetic/synth_00574.jpg;X702AY99;type1b;573,165,192,78;573,199,764,165,765,206,577,243;1;1;generator_v1;CC-BY-4.0;day,angle
images/synthetic/synth_00575.jpg;P844TO774;type1a;897,288,284,214;897,310,1181,288,1169,458,897,502;1;1;generator_v1;CC-BY-4.0;day,angle,glare,dirt
images/synthetic/synth_00576.jpg;K857HH78;type1a;666,175,253,191;666,202,906,175,919,323,684,366;1;1;generator_v1;CC-BY-4.0;day,angle,dirt
images/synthetic/synth_00577.jpg;M357KX02;type1;183,395,495,174;183,467,666,395,678,497,202,569;1;1;generator_v1;CC-BY-4.0;day,angle,dirt
images/synthetic/synth_00578.jpg;P479MM163;type1a;314,145,443,299;337,145,757,187,727,444,314,385;1;1;generator_v1;CC-BY-4.0;day,angle
images/synthetic/synth_00579.jpg;P608BO116;type1;773,514,377,127;773,564,1141,514,1150,595,775,641;1;1;generator_v1;CC-BY-4.0;day,angle
images/synthetic/synth_00580.jpg;C383XB38;type1a;526,375,443,303;570,375,969,452,921,678,526,624;1;1;generator_v1;CC-BY-4.0;day,angle
images/synthetic/synth_00581.jpg;B069CO138;type1b;551,9,256,98;551,55,793,9,807,66,565,107;1;1;generator_v1;CC-BY-4.0;day,angle,glare,dirt
images/synthetic/synth_00582.jpg;B991CB116;type1;516,238,203,63;525,238,719,249,710,301,516,285;1;1;generator_v1;CC-BY-4.0;day,angle,glare,dirt
images/synthetic/synth_00583.jpg;K497XM102;type1b;788,147,278,101;791,147,1066,188,1066,248,788,214;1;1;generator_v1;CC-BY-4.0;day,angle,motion_blur
images/synthetic/synth_00584.jpg;Y531TB138;type1b;689,147,410,160;689,223,1082,147,1099,236,701,307;1;1;generator_v1;CC-BY-4.0;day,angle
images/synthetic/synth_00585.jpg;H550YB98;type1a;827,82,202,133;828,89,1029,82,1023,200,827,215;1;1;generator_v1;CC-BY-4.0;day,angle,glare,dirt
images/synthetic/synth_00586.jpg;Y679MK199;type1b;536,0,390,137;561,0,926,55,902,137,536,80;1;1;generator_v1;CC-BY-4.0;day,angle
images/synthetic/synth_00587.jpg;P691PE102;type1;891,396,242,68;891,410,1132,396,1133,454,892,464;1;1;generator_v1;CC-BY-4.0;day,angle,glare,dirt
images/synthetic/synth_00588.jpg;T989OH150;type1;435,133,363,140;444,133,798,198,783,273,435,206;1;1;generator_v1;CC-BY-4.0;day,angle,dirt
images/synthetic/synth_00589.jpg;C999XM50;type1;520,606,203,47;522,609,723,606,722,652,520,653;1;1;generator_v1;CC-BY-4.0;day,angle
images/synthetic/synth_00590.jpg;K340PK193;type1;229,155,434,98;229,155,663,159,662,253,236,243;1;1;generator_v1;CC-BY-4.0;day,angle
images/synthetic/synth_00591.jpg;B324TH199;type1a;495,322,454,335;516,322,949,390,905,657,495,564;1;1;generator_v1;CC-BY-4.0;day,angle,motion_blur
images/synthetic/synth_00592.jpg;A993CY102;type1a;687,171,488,288;689,171,1175,186,1158,459,687,455;1;1;generator_v1;CC-BY-4.0;day,angle,glare,dirt
images/synthetic/synth_00593.jpg;T082PT02;type1a;239,56,320,205;302,56,559,97,502,261,239,199;1;1;generator_v1;CC-BY-4.0;day,angle,dirt
images/synthetic/synth_00594.jpg;A386OP198;type1a;208,8,500,353;208,115,645,8,708,289,275,361;1;1;generator_v1;CC-BY-4.0;day,angle,glare
images/synthetic/synth_00595.jpg;Y268EK74;type1b;392,31,240,61;392,31,632,41,631,92,395,80;1;1;generator_v1;CC-BY-4.0;day,angle,dirt
images/synthetic/synth_00596.jpg;P348EH763;type1b;252,109,272,72;257,124,524,109,522,173,252,181;1;1;generator_v1;CC-BY-4.0;day,angle,glare
images/synthetic/synth_00597.jpg;B680HY102;type1a;670,313,243,161;670,313,894,338,913,474,681,463;1;1;generator_v1;CC-BY-4.0;day,angle,dirt
images/synthetic/synth_00598.jpg;B097PH196;type1b;564,323,403,86;564,325,954,323,967,401,567,409;1;1;generator_v1;CC-BY-4.0;day,angle,glare
images/synthetic/synth_00599.jpg;T277BH174;type1a;529,155,507,352;529,238,992,155,1036,447,561,507;1;1;generator_v1;CC-BY-4.0;day,angle,dirt
images/synthetic/synth_00600.jpg;A847MC150;type1a;309,56,379,208;309,56,655,57,688,249,322,264;1;1;generator_v1;CC-BY-4.0;day,angle,dirt,motion_blur
images/synthetic/synth_00601.jpg;T549PB199;type1b;89,324,173,61;92,324,262,349,261,385,89,361;1;1;generator_v1;CC-BY-4.0;day,angle,glare
images/synthetic/synth_00602.jpg;H894PH777;type1a;139,129,516,352;139,216,595,129,655,395,166,481;1;1;generator_v1;CC-BY-4.0;day,angle,dirt
images/synthetic/synth_00603.jpg;H608BK116;type1;127,82,338,85;141,92,465,82,454,167,127,164;1;1;generator_v1;CC-BY-4.0;day,angle,dirt
images/synthetic/synth_00604.jpg;O911MT99;type1b;363,78,382,103;363,100,741,78,745,158,368,181;1;1;generator_v1;CC-BY-4.0;day,angle,glare,dirt
images/synthetic/synth_00605.jpg;A569HA90;type1a;87,283,237,160;131,283,324,322,280,443,87,421;1;1;generator_v1;CC-BY-4.0;day,angle,glare
images/synthetic/synth_00606.jpg;Y495YX193;type1b;268,475,278,83;275,475,546,500,539,558,268,537;1;1;generator_v1;CC-BY-4.0;day,angle,glare
images/synthetic/synth_00607.jpg;B961BP150;type1a;85,131,448,308;85,164,448,131,533,348,170,439;1;1;generator_v1;CC-BY-4.0;day,angle
images/synthetic/synth_00608.jpg;B631TP99;type1b;431,425,457,158;453,425,888,470,868,583,431,518;1;1;generator_v1;CC-BY-4.0;day,angle
images/synthetic/synth_00609.jpg;P587AB138;type1a;194,360,433,334;236,360,627,414,574,694,194,595;1;1;generator_v1;CC-BY-4.0;day,angle,glare,motion_blur
images/synthetic/synth_00610.jpg;X127MB761;type1b;487,513,461,134;487,556,936,513,948,618,506,647;1;1;generator_v1;CC-BY-4.0;day,angle
images/synthetic/synth_00611.jpg;E202KM198;type1;789,536,392,157;789,609,1159,536,1181,613,808,693;1;1;generator_v1;CC-BY-4.0;day,angle
images/synthetic/synth_00612.jpg;Y719TK750;type1b;511,645,211,56;522,645,722,656,713,701,511,687;1;1;generator_v1;CC-BY-4.0;day,angle,dirt
images/synthetic/synth_00613.jpg;E633MB16;type1b;133,432,409,169;133,489,531,432,542,523,149,601;1;1;generator_v1;CC-BY-4.0;day,angle,motion_blur
images/synthetic/synth_00614.jpg;T318AK98;type1;177,302,332,121;177,348,496,302,509,371,189,423;1;1;generator_v1;CC-BY-4.0;day,angle,glare,dirt,motion_blur
images/synthetic/synth_00615.jpg;E028AM763;type1b;99,491,251,72;99,491,344,500,350,563,108,547;1;1;generator_v1;CC-BY-4.0;day,angle,glare
images/synthetic/synth_00616.jpg;M830ME61;type1a;449,321,505,303;488,321,954,355,953,624,449,586;1;1;generator_v1;CC-BY-4.0;day,angle,dirt
images/synthetic/synth_00617.jpg;E857KT50;type1;239,345,467,107;239,351,689,345,706,435,244,452;1;1;generator_v1;CC-BY-4.0;day,angle
images/synthetic/synth_00618.jpg;C051TC16;type1a;547,424,342,195;547,428,889,424,875,607,550,619;1;1;generator_v1;CC-BY-4.0;day,angle,glare,motion_blur
images/synthetic/synth_00619.jpg;B283HY77;type1b;614,604,342,115;614,655,951,604,956,673,626,719;1;1;generator_v1;CC-BY-4.0;day,angle,glare
images/synthetic/synth_00620.jpg;Y960XH52;type1b;108,584,357,96;112,584,465,605,463,680,108,663;1;1;generator_v1;CC-BY-4.0;day,angle,glare
images/synthetic/synth_00621.jpg;X295BC198;type1a;236,223,167,133;241,223,403,239,395,356,236,330;1;1;generator_v1;CC-BY-4.0;day,angle,motion_blur
images/synthetic/synth_00622.jpg;P165EY23;type1;671,272,270,106;687,272,941,325,924,378,671,329;1;1;generator_v1;CC-BY-4.0;day,angle
images/synthetic/synth_00623.jpg;T670OE177;type1b;717,119,190,53;718,119,907,130,905,172,717,159;1;1;generator_v1;CC-BY-4.0;day,angle,glare
images/synthetic/synth_00624.jpg;B203CE716;type1;588,203,327,137;588,203,913,247,915,340,596,280;1;1;generator_v1;CC-BY-4.0;day,angle,dirt,motion_blur
images/synthetic/synth_00625.jpg;O478AK716;type1b;491,387,368,145;510,387,859,428,838,532,491,469;1;1;generator_v1;CC-BY-4.0;day,angle
images/synthetic/synth_00626.jpg;B698KE50;type1a;629,143,403,287;652,149,1032,143,1009,430,629,385;1;1;generator_v1;CC-BY-4.0;day,angle
images/synthetic/synth_00627.jpg;K701EB74;type1b;110,332,327,124;110,384,422,332,437,398,124,456;1;1;generator_v1;CC-BY-4.0;day,angle
images/synthetic/synth_00628.jpg;C862TE174;type1a;696,75,199,143;696,109,882,75,895,187,703,218;1;1;generator_v1;CC-BY-4.0;day,angle,glare,motion_blur
images/synthetic/synth_00629.jpg;M012YM78;type1a;263,80,389,271;263,145,611,80,652,282,301,351;1;1;generator_v1;CC-BY-4.0;day,angle
images/synthetic/synth_00630.jpg;C354AB193;type1b;550,585,377,98;555,585,927,605,927,683,550,664;1;1;generator_v1;CC-BY-4.0;day,angle
images/synthetic/synth_00631.jpg;O791BH750;type1a;285,296,413,302;309,296,698,299,659,538,285,598;1;1;generator_v1;CC-BY-4.0;day,angle,motion_blur
images/synthetic/synth_00632.jpg;O559OP102;type1;330,574,197,78;330,600,524,574,527,621,335,652;1;1;generator_v1;CC-BY-4.0;day,angle
images/synthetic/synth_00633.jpg;E975KH66;type1a;419,26,221,133;427,26,640,38,629,159,419,150;1;1;generator_v1;CC-BY-4.0;day,angle,glare
images/synthetic/synth_00634.jpg;Y550CC750;type1b;141,514,215,98;149,514,356,554,347,612,141,565;1;1;generator_v1;CC-BY-4.0;day,angle,dirt
images/synthetic/synth_00635.jpg;Y591PH98;type1b;705,540,372,126;711,540,1077,587,1066,666,705,616;1;1;generator_v1;CC-BY-4.0;day,angle,glare
images/synthetic/synth_00636.jpg;Y348BK66;type1a;243,475,292,195;243,510,514,475,535,633,263,670;1;1;generator_v1;CC-BY-4.0;day,angle,glare
images/synthetic/synth_00637.jpg;C403KT196;type1b;304,411,324,81;308,411,628,422,623,492,304,490;1;1;generator_v1;CC-BY-4.0;day,angle,glare,dirt
images/synthetic/synth_00638.jpg;X036HY154;type1;476,572,312,117;487,572,788,624,776,689,476,636;1;1;generator_v1;CC-BY-4.0;day,angle
images/synthetic/synth_00639.jpg;B655OX16;type1a;466,369,432,248;490,369,898,369,895,617,466,602;1;1;generator_v1;CC-BY-4.0;day,angle
images/synthetic/synth_00640.jpg;A140AO797;type1b;238,142,467,185;245,142,705,233,685,327,238,233;1;1;generator_v1;CC-BY-4.0;day,angle
images/synthetic/synth_00641.jpg;Y031OT763;type1a;421,240,383,284;431,240,804,262,784,524,421,464;1;1;generator_v1;CC-BY-4.0;day,angle,dirt
images/synthetic/synth_00642.jpg;H987KY163;type1a;826,281,339,234;826,293,1118,281,1165,467,872,515;1;1;generator_v1;CC-BY-4.0;day,angle,dirt
images/synthetic/synth_00643.jpg;X371MH799;type1b;719,98,251,82;726,98,970,124,963,180,719,159;1;1;generator_v1;CC-BY-4.0;day,angle,motion_blur
images/synthetic/synth_00644.jpg;O078EP790;type1b;632,279,202,45;633,279,834,279,833,324,632,322;1;1;generator_v1;CC-BY-4.0;day,angle,glare
images/synthetic/synth_00645.jpg;E786AE16;type1;494,55,255,53;494,55,749,57,746,108,494,108;1;1;generator_v1;CC-BY-4.0;day,angle,dirt,motion_blur
images/synthetic/synth_00646.jpg;T363AM774;type1a;651,49,377,260;651,83,1028,49,1019,255,664,309;1;1;generator_v1;CC-BY-4.0;day,angle
images/synthetic/synth_00647.jpg;E389AH52;type1;233,290,255,85;243,290,488,319,479,375,233,353;1;1;generator_v1;CC-BY-4.0;day,angle,glare
images/synthetic/synth_00648.jpg;E556AO123;type1b;487,539,457,142;493,539,944,583,933,681,487,634;1;1;generator_v1;CC-BY-4.0;day,angle,dirt
images/synthetic/synth_00649.jpg;B834EK102;type1a;200,488,308,189;218,509,508,488,503,669,200,677;1;1;generator_v1;CC-BY-4.0;day,angle,glare,dirt
images/synthetic/synth_00650.jpg;K850EP98;type1a;414,34,391,273;414,100,782,34,805,236,456,307;1;1;generator_v1;CC-BY-4.0;day,angle,glare
images/synthetic/synth_00651.jpg;A902BX161;type1b;535,510,314,99;535,536,827,510,849,572,554,609;1;1;generator_v1;CC-BY-4.0;day,angle,dirt
images/synthetic/synth_00652.jpg;X748OE761;type1;380,623,239,63;380,623,618,630,619,686,381,685;1;1;generator_v1;CC-BY-4.0;day,angle
images/synthetic/synth_00653.jpg;M588EM96;type1b;766,221,279,104;766,262,1037,221,1045,279,776,325;1;1;generator_v1;CC-BY-4.0;day,angle,dirt
images/synthetic/synth_00654.jpg;P705HK138;type1;396,215,458,127;403,215,854,244,848,342,396,311;1;1;generator_v1;CC-BY-4.0;day,angle,glare
images/synthetic/synth_00655.jpg;H967XM190;type1a;576,135,418,285;614,135,994,168,958,420,576,358;1;1;generator_v1;CC-BY-4.0;day,angle,motion_blur
images/synthetic/synth_00656.jpg;A085OH774;type1a;313,460,356,240;313,482,609,460,669,641,371,700;1;1;generator_v1;CC-BY-4.0;day,angle
images/synthetic/synth_00657.jpg;H807ET96;type1a;730,214,375,244;769,214,1105,273,1057,458,730,419;1;1;generator_v1;CC-BY-4.0;day,angle
images/synthetic/synth_00658.jpg;A361YO77;type1;656,580,209,73;656,609,858,580,865,622,663,653;1;1;generator_v1;CC-BY-4.0;day,angle,glare,dirt
images/synthetic/synth_00659.jpg;E886TE63;type1b;783,323,306,72;796,326,1089,323,1080,395,783,389;1;1;generator_v1;CC-BY-4.0;day,angle,motion_blur
images/synthetic/synth_00660.jpg;E659XM16;type1b;371,43,164,46;371,47,534,43,535,82,372,89;1;1;generator_v1;CC-BY-4.0;day,angle,dirt
images/synthetic/synth_00661.jpg;K433HM54;type1;199,225,375,95;199,243,560,225,574,296,205,320;1;1;generator_v1;CC-BY-4.0;day,angle,glare,dirt
images/synthetic/synth_00662.jpg;P908TA138;type1a;641,436,261,173;641,438,893,436,902,591,650,609;1;1;generator_v1;CC-BY-4.0;day,angle
images/synthetic/synth_00663.jpg;K669BC777;type1b;344,432,496,191;363,432,840,533,809,623,344,530;1;1;generator_v1;CC-BY-4.0;day,angle,glare,dirt
images/synthetic/synth_00664.jpg;E326PE797;type1a;219,299,472,351;219,398,651,299,691,578,222,650;1;1;generator_v1;CC-BY-4.0;day,angle,dirt
images/synthetic/synth_00665.jpg;X760EE54;type1a;159,340,202,134;159,343,355,340,361,461,166,474;1;1;generator_v1;CC-BY-4.0;day,angle
images/synthetic/synth_00666.jpg;H648BT66;type1b;588,538,181,56;595,538,769,554,763,594,588,576;1;1;generator_v1;CC-BY-4.0;day,angle
images/synthetic/synth_00667.jpg;X768YP150;type1a;778,58,281,194;778,103,1033,58,1059,215,803,252;1;1;generator_v1;CC-BY-4.0;day,angle
images/synthetic/synth_00668.jpg;E957XA150;type1b;486,504,280,64;498,506,766,504,757,568,486,563;1;1;generator_v1;CC-BY-4.0;day,angle,glare,dirt
images/synthetic/synth_00669.jpg;K626KP197;type1b;439,191,472,163;460,191,911,245,893,354,439,285;1;1;generator_v1;CC-BY-4.0;day,angle,glare
images/synthetic/synth_00670.jpg;K000YT99;type1b;287,354,365,131;287,410,640,354,652,431,298,485;1;1;generator_v1;CC-BY-4.0;day,angle,glare
images/synthetic/synth_00671.jpg;H507XT138;type1a;63,157,432,293;63,213,469,157,495,388,100,450;1;1;generator_v1;CC-BY-4.0;day,angle,glare,dirt
images/synthetic/synth_00672.jpg;C674PK799;type1b;527,406,354,124;538,406,881,457,872,530,527,481;1;1;generator_v1;CC-BY-4.0;day,angle,glare
images/synthetic/synth_00673.jpg;P938OT196;type1;307,98,212,65;312,98,519,119,513,163,307,143;1;1;generator_v1;CC-BY-4.0;day,angle,glare,dirt
images/synthetic/synth_00674.jpg;E755HE63;type1b;321,162,373,117;337,162,694,175,679,279,321,246;1;1;generator_v1;CC-BY-4.0;day,angle,glare
images/synthetic/synth_00675.jpg;O188PC78;type1b;271,74,336,86;271,79,593,74,607,160,288,150;1;1;generator_v1;CC-BY-4.0;day,angle
images/synthetic/synth_00676.jpg;O932CA74;type1b;335,92,188,66;335,114,523,92,522,133,336,158;1;1;generator_v1;CC-BY-4.0;day,angle,glare
images/synthetic/synth_00677.jpg;H674PO99;type1;143,200,413,152;159,200,556,269,540,352,143,292;1;1;generator_v1;CC-BY-4.0;day,angle,motion_blur
images/synthetic/synth_00678.jpg;T375ET63;type1a;506,215,250,186;519,215,756,250,748,401,506,384;1;1;generator_v1;CC-BY-4.0;day,angle,glare
images/synthetic/synth_00679.jpg;C712OX23;type1b;380,12,365,163;380,77,733,12,745,93,397,175;1;1;generator_v1;CC-BY-4.0;day,angle
images/synthetic/synth_00680.jpg;M040HB96;type1a;380,283,276,185;417,283,656,314,617,468,380,463;1;1;generator_v1;CC-BY-4.0;day,angle
images/synthetic/synth_00681.jpg;E403PB123;type1a;355,83,520,373;413,83,875,188,828,456,355,379;1;1;generator_v1;CC-BY-4.0;day,angle
images/synthetic/synth_00682.jpg;E446CY99;type1a;132,262,445,325;132,358,519,262,577,527,187,587;1;1;generator_v1;CC-BY-4.0;day,angle
images/synthetic/synth_00683.jpg;M146CB97;type1a;248,167,471,305;248,210,705,167,719,422,281,472;1;1;generator_v1;CC-BY-4.0;day,angle
images/synthetic/synth_00684.jpg;M386ET66;type1a;376,418,190,124;376,448,536,418,566,519,408,542;1;1;generator_v1;CC-BY-4.0;day,angle
images/synthetic/synth_00685.jpg;A710KH90;type1a;215,187,273,177;215,232,459,187,488,326,252,364;1;1;generator_v1;CC-BY-4.0;day,angle
images/synthetic/synth_00686.jpg;Y841MB54;type1b;993,596,193,73;993,632,1176,596,1186,632,1001,669;1;1;generator_v1;CC-BY-4.0;day,angle,motion_blur
images/synthetic/synth_00687.jpg;P564BE161;type1a;169,177,403,303;222,177,572,198,514,480,169,401;1;1;generator_v1;CC-BY-4.0;day,angle
images/synthetic/synth_00688.jpg;O162TA66;type1b;673,554,180,64;688,554,853,577,838,618,673,590;1;1;generator_v1;CC-BY-4.0;day,angle,dirt
images/synthetic/synth_00689.jpg;B149EB197;type1;94,64,220,76;94,64,312,82,314,140,98,116;1;1;generator_v1;CC-BY-4.0;day,angle
images/synthetic/synth_00690.jpg;K494YK96;type1;657,394,396,125;657,394,1047,418,1053,519,670,477;1;1;generator_v1;CC-BY-4.0;day,angle,dirt
images/synthetic/synth_00691.jpg;K399BY102;type1b;330,365,447,143;338,365,777,416,763,508,330,458;1;1;generator_v1;CC-BY-4.0;day,angle,glare,dirt
images/synthetic/synth_00692.jpg;E676HY161;type1a;792,411,195,133;813,411,987,439,965,544,792,524;1;1;generator_v1;CC-BY-4.0;day,angle,dirt
images/synthetic/synth_00693.jpg;B807PB178;type1a;468,81,325,248;468,142,775,81,793,289,474,329;1;1;generator_v1;CC-BY-4.0;day,angle
images/synthetic/synth_00694.jpg;B373MP116;type1b;951,634,193,69;959,634,1144,656,1136,703,951,678;1;1;generator_v1;CC-BY-4.0;day,angle,dirt
images/synthetic/synth_00695.jpg;O829AY178;type1a;600,164,354,299;621,164,954,206,921,463,600,377;1;1;generator_v1;CC-BY-4.0;day,angle,dirt
images/synthetic/synth_00696.jpg;P174HA138;type1b;144,0,367,131;144,55,499,0,511,79,154,131;1;1;generator_v1;CC-BY-4.0;day,angle,glare
images/synthetic/synth_00697.jpg;H205XB799;type1b;175,538,413,96;178,538,588,545,586,634,175,624;1;1;generator_v1;CC-BY-4.0;day,angle,glare
images/synthetic/synth_00698.jpg;E945AA763;type1b;559,0,305,112;581,0,864,41,844,112,559,59;1;1;generator_v1;CC-BY-4.0;day,angle,glare,dirt
images/synthetic/synth_00699.jpg;C383XX174;type1b;331,532,203,54;331,532,526,535,534,583,338,586;1;1;generator_v1;CC-BY-4.0;day,angle,glare,dirt
images/synthetic/synth_00700.jpg;K271MO52;type1a;681,413,207,126;699,413,888,420,867,535,681,539;1;1;generator_v1;CC-BY-4.0;day,angle
images/synthetic/synth_00701.jpg;E336XT763;type1a;432,318,191,126;432,329,605,318,623,425,448,444;1;1;generator_v1;CC-BY-4.0;day,angle,glare
images/synthetic/synth_00702.jpg;Y724CY790;type1b;638,539,382,98;638,553,1018,539,1020,619,642,637;1;1;generator_v1;CC-BY-4.0;day,angle
images/synthetic/synth_00703.jpg;O763HP716;type1a;103,428,250,185;113,428,353,449,344,609,103,613;1;1;generator_v1;CC-BY-4.0;day,angle,dirt
images/synthetic/synth_00704.jpg;B934BH50;type1a;424,195,424,334;471,195,848,286,811,529,424,500;1;1;generator_v1;CC-BY-4.0;day,angle,glare,motion_blur
images/synthetic/synth_00705.jpg;H753OO63;type1a;882,150,227,150;882,167,1085,150,1109,299,908,300;1;1;generator_v1;CC-BY-4.0;day,angle
images/synthetic/synth_00706.jpg;C464YC78;type1b;655,377,331,91;655,378,976,377,986,452,664,468;1;1;generator_v1;CC-BY-4.0;day,angle,glare,motion_blur
images/synthetic/synth_00707.jpg;E884OA16;type1a;653,169,305,174;656,169,958,177,944,343,653,340;1;1;generator_v1;CC-BY-4.0;day,angle,dirt
images/synthetic/synth_00708.jpg;H589AP125;type1a;762,88,205,128;776,88,967,92,950,210,762,216;1;1;generator_v1;CC-BY-4.0;day,angle
images/synthetic/synth_00709.jpg;A364CO163;type1;569,376,306,83;576,386,875,376,863,440,569,459;1;1;generator_v1;CC-BY-4.0;day,angle,motion_blur
images/synthetic/synth_00710.jpg;K086KX177;type1a;732,464,200,122;738,464,932,478,922,586,732,573;1;1;generator_v1;CC-BY-4.0;day,angle,motion_blur
images/synthetic/synth_00711.jpg;K539KA138;type1b;409,279,238,77;419,279,647,306,638,356,409,326;1;1;generator_v1;CC-BY-4.0;day,angle,glare
images/synthetic/synth_00712.jpg;P949XY750;type1a;475,34,214,163;476,34,689,56,683,197,475,164;1;1;generator_v1;CC-BY-4.0;day,angle
images/synthetic/synth_00713.jpg;X257KE193;type1b;690,534,311,82;696,534,1001,554,1001,616,690,597;1;1;generator_v1;CC-BY-4.0;day,angle
images/synthetic/synth_00714.jpg;P775OB25;type1b;265,568,328,119;265,621,569,568,593,647,290,687;1;1;generator_v1;CC-BY-4.0;day,angle,glare
images/synthetic/synth_00715.jpg;A961BE750;type1a;76,451,371,235;84,451,447,476,429,686,76,658;1;1;generator_v1;CC-BY-4.0;day,angle,dirt
images/synthetic/synth_00716.jpg;B905AM150;type1b;708,55,407,158;708,125,1099,55,1115,163,721,213;1;1;generator_v1;CC-BY-4.0;day,angle,glare,motion_blur
images/synthetic/synth_00717.jpg;X786CK198;type1;220,409,376,115;231,409,596,444,588,524,220,485;1;1;generator_v1;CC-BY-4.0;day,angle
images/synthetic/synth_00718.jpg;O808PT763;type1b;795,46,243,88;815,46,1038,83,1017,134,795,104;1;1;generator_v1;CC-BY-4.0;day,angle,dirt,motion_blur
images/synthetic/synth_00719.jpg;M543PO178;type1b;407,39,255,92;416,39,662,74,654,131,407,104;1;1;generator_v1;CC-BY-4.0;day,angle,dirt
images/synthetic/synth_00720.jpg;X293AE116;type1;271,2,306,113;271,54,567,2,577,64,284,115;1;1;generator_v1;CC-BY-4.0;day,angle,glare
images/synthetic/synth_00721.jpg;H983YY116;type1b;778,381,331,143;778,439,1096,381,1109,454,794,524;1;1;generator_v1;CC-BY-4.0;day,angle,dirt
images/synthetic/synth_00722.jpg;E229TB174;type1a;477,155,261,176;504,155,738,172,712,331,477,298;1;1;generator_v1;CC-BY-4.0;day,angle,glare
images/synthetic/synth_00723.jpg;T306OH774;type1b;410,428,429,97;416,436,838,428,839,524,410,525;1;1;generator_v1;CC-BY-4.0;day,angle
images/synthetic/synth_00724.jpg;M528AP90;type1b;477,88,462,142;495,88,939,116,924,230,477,182;1;1;generator_v1;CC-BY-4.0;day,angle,glare,motion_blur
images/synthetic/synth_00725.jpg;P773YT716;type1b;547,324,308,97;547,345,833,324,855,388,568,421;1;1;generator_v1;CC-BY-4.0;day,angle
images/synthetic/synth_00726.jpg;C095XK774;type1b;708,480,402,154;708,530,1081,480,1110,562,736,634;1;1;generator_v1;CC-BY-4.0;day,angle,glare,dirt
images/synthetic/synth_00727.jpg;P098KE138;type1a;637,151,343,259;669,151,980,214,954,410,637,379;1;1;generator_v1;CC-BY-4.0;day,angle,glare,dirt
images/synthetic/synth_00728.jpg;T375OB178;type1;552,353,305,89;562,353,857,379,844,442,552,424;1;1;generator_v1;CC-BY-4.0;day,angle
images/synthetic/synth_00729.jpg;P613EE750;type1a;103,139,452,307;103,139,546,155,555,415,111,446;1;1;generator_v1;CC-BY-4.0;day,angle,dirt
images/synthetic/synth_00730.jpg;M287YK702;type1b;98,358,224,73;98,358,318,382,322,431,100,412;1;1;generator_v1;CC-BY-4.0;day,angle,glare
images/synthetic/synth_00731.jpg;M810MT90;type1b;909,151,268,109;909,206,1164,151,1177,208,922,260;1;1;generator_v1;CC-BY-4.0;day,angle,glare
images/synthetic/synth_00732.jpg;O375TC52;type1;739,126,240,96;739,126,979,163,977,222,740,180;1;1;generator_v1;CC-BY-4.0;day,angle,glare
images/synthetic/synth_00733.jpg;H576YH716;type1b;371,400,426,158;371,461,783,400,797,487,387,558;1;1;generator_v1;CC-BY-4.0;day,angle,glare,motion_blur
images/synthetic/synth_00734.jpg;H634PB761;type1a;479,266,451,327;511,266,930,338,904,593,479,579;1;1;generator_v1;CC-BY-4.0;day,angle,glare,dirt
images/synthetic/synth_00735.jpg;A441OA78;type1b;179,396,292,82;184,396,471,399,464,468,179,478;1;1;generator_v1;CC-BY-4.0;day,angle,glare
images/synthetic/synth_00736.jpg;H054HB66;type1b;585,537,200,52;585,546,783,537,785,580,587,589;1;1;generator_v1;CC-BY-4.0;day,angle,glare
images/synthetic/synth_00737.jpg;Y837BC93;type1b;186,433,185,48;186,433,368,434,371,477,189,481;1;1;generator_v1;CC-BY-4.0;day,angle,glare
images/synthetic/synth_00738.jpg;X657AH178;type1a;771,423,184,117;773,431,955,423,955,539,771,540;1;1;generator_v1;CC-BY-4.0;day,angle
images/synthetic/synth_00739.jpg;M337EC38;type1b;323,166,411,92;323,166,734,168,733,258,327,251;1;1;generator_v1;CC-BY-4.0;day,angle,glare,motion_blur
images/synthetic/synth_00740.jpg;Y204YP763;type1a;392,250,238,165;408,250,630,270,614,415,392,414;1;1;generator_v1;CC-BY-4.0;day,angle
images/synthetic/synth_00741.jpg;B142OB90;type1b;290,531,420,129;290,556,710,531,706,620,293,660;1;1;generator_v1;CC-BY-4.0;day,angle,dirt
images/synthetic/synth_00742.jpg;O185MP178;type1a;253,463,245,163;253,494,481,463,498,596,272,626;1;1;generator_v1;CC-BY-4.0;day,angle,dirt
images/synthetic/synth_00743.jpg;Y319KX174;type1;489,114,200,60;490,125,689,114,687,160,489,174;1;1;generator_v1;CC-BY-4.0;day,angle,glare,dirt
images/synthetic/synth_00744.jpg;K674CO150;type1a;315,25,324,242;315,78,618,25,639,240,329,267;1;1;generator_v1;CC-BY-4.0;day,angle
images/synthetic/synth_00745.jpg;X776OA777;type1a;651,109,395,273;651,109,1019,113,1046,340,676,382;1;1;generator_v1;CC-BY-4.0;day,angle,glare
images/synthetic/synth_00746.jpg;Y208AH74;type1;309,364,448,171;309,451,728,364,757,466,341,535;1;1;generator_v1;CC-BY-4.0;day,angle
images/synthetic/synth_00747.jpg;K384OC97;type1;336,508,209,52;337,508,545,513,544,560,336,552;1;1;generator_v1;CC-BY-4.0;day,angle,glare
images/synthetic/synth_00748.jpg;P392MY177;type1;1032,324,177,65;1037,324,1209,342,1203,389,1032,367;1;1;generator_v1;CC-BY-4.0;day,angle,dirt
images/synthetic/synth_00749.jpg;M501XE197;type1;202,283,373,126;202,334,557,283,575,353,213,409;1;1;generator_v1;CC-BY-4.0;day,angle
images/synthetic/synth_00750.jpg;K166EK96;type1a;170,478,220,131;170,489,387,478,390,597,180,609;1;1;generator_v1;CC-BY-4.0;day,angle
images/synthetic/synth_00751.jpg;Y440CH61;type1b;40,300,208,66;40,326,241,300,248,340,45,366;1;1;generator_v1;CC-BY-4.0;day,angle,glare
images/synthetic/synth_00752.jpg;T274XA90;type1;813,75,304,88;823,75,1117,86,1109,163,813,142;1;1;generator_v1;CC-BY-4.0;day,angle,dirt
images/synthetic/synth_00753.jpg;K525MC23;type1a;161,273,441,303;161,290,601,273,602,576,168,547;1;1;generator_v1;CC-BY-4.0;day,angle
images/synthetic/synth_00754.jpg;H825XB799;type1;584,480,217,84;596,480,801,516,789,564,584,533;1;1;generator_v1;CC-BY-4.0;day,angle
images/synthetic/synth_00755.jpg;A777HE123;type1a;95,427,221,137;95,427,292,434,316,558,116,564;1;1;generator_v1;CC-BY-4.0;day,angle,dirt
images/synthetic/synth_00756.jpg;K532MA799;type1b;132,369,353,123;132,420,472,369,485,450,146,492;1;1;generator_v1;CC-BY-4.0;day,angle,glare,motion_blur
images/synthetic/synth_00757.jpg;B138BO78;type1a;520,546,215,124;537,546,735,559,713,670,520,664;1;1;generator_v1;CC-BY-4.0;day,angle,motion_blur
images/synthetic/synth_00758.jpg;E866HX25;type1a;566,362,256,161;566,364,810,362,822,509,575,523;1;1;generator_v1;CC-BY-4.0;day,angle
images/synthetic/synth_00759.jpg;C465MK54;type1b;372,55,417,163;397,55,789,137,773,218,372,131;1;1;generator_v1;CC-BY-4.0;day,angle,glare
images/synthetic/synth_00760.jpg;B390YB154;type1;725,66,353,126;744,66,1078,121,1057,192,725,148;1;1;generator_v1;CC-BY-4.0;day,angle
images/synthetic/synth_00761.jpg;O516OA199;type1a;375,362,320,258;375,362,678,420,695,620,381,604;1;1;generator_v1;CC-BY-4.0;day,angle,glare,motion_blur
images/synthetic/synth_00762.jpg;Y260MB125;type1b;510,22,456,173;526,22,966,106,944,195,510,116;1;1;generator_v1;CC-BY-4.0;day,angle,glare,motion_blur
images/synthetic/synth_00763.jpg;B856XA66;type1a;501,505,259,156;524,505,760,529,731,661,501,647;1;1;generator_v1;CC-BY-4.0;day,angle,glare,motion_blur
images/synthetic/synth_00764.jpg;P661KP16;type1b;138,415,289,70;138,416,425,415,427,485,140,480;1;1;generator_v1;CC-BY-4.0;day,angle,glare,dirt,motion_blur
images/synthetic/synth_00765.jpg;M012KY23;type1a;734,505,205,146;735,505,939,519,935,651,734,628;1;1;generator_v1;CC-BY-4.0;day,angle,glare
images/synthetic/synth_00766.jpg;P827OX25;type1;320,262,407,136;320,285,727,262,725,353,324,398;1;1;generator_v1;CC-BY-4.0;day,angle,glare,dirt
images/synthetic/synth_00767.jpg;H651YH150;type1;288,191,423,156;297,191,711,254,708,347,288,303;1;1;generator_v1;CC-BY-4.0;day,angle,glare
images/synthetic/synth_00768.jpg;B017MO123;type1b;257,400,189,55;262,400,446,417,440,455,257,440;1;1;generator_v1;CC-BY-4.0;day,angle,glare
images/synthetic/synth_00769.jpg;O777EO102;type1a;336,170,530,357;385,170,866,275,788,527,336,441;1;1;generator_v1;CC-BY-4.0;day,angle,glare
images/synthetic/synth_00770.jpg;B811KB02;type1;152,201,262,62;152,204,414,201,414,256,152,263;1;1;generator_v1;CC-BY-4.0;day,angle
images/synthetic/synth_00771.jpg;O020OY74;type1b;853,411,293,115;874,411,1146,472,1123,526,853,472;1;1;generator_v1;CC-BY-4.0;day,angle
images/synthetic/synth_00772.jpg;A179EO774;type1a;103,179,500,338;103,255,550,179,603,441,132,517;1;1;generator_v1;CC-BY-4.0;day,angle
images/synthetic/synth_00773.jpg;B517OK702;type1a;865,180,209,142;888,180,1074,214,1049,322,865,293;1;1;generator_v1;CC-BY-4.0;day,angle
images/synthetic/synth_00774.jpg;X017TC152;type1;903,309,257,68;912,309,1160,322,1149,377,903,370;1;1;generator_v1;CC-BY-4.0;day,angle,motion_blur
images/synthetic/synth_00775.jpg;B975MM177;type1b;626,200,277,97;626,241,893,200,903,259,638,297;1;1;generator_v1;CC-BY-4.0;day,angle,glare
images/synthetic/synth_00776.jpg;E461XX702;type1b;384,487,497,187;384,572,860,487,881,588,399,674;1;1;generator_v1;CC-BY-4.0;day,angle,glare,motion_blur
images/synthetic/synth_00777.jpg;K843OH74;type1a;660,178,487,336;660,178,1147,235,1111,514,663,435;1;1;generator_v1;CC-BY-4.0;day,angle,glare
images/synthetic/synth_00778.jpg;B815TC99;type1;540,505,348,130;541,505,888,544,882,635,540,583;1;1;generator_v1;CC-BY-4.0;day,angle,dirt
images/synthetic/synth_00779.jpg;T822PX78;type1b;463,263,327,127;479,263,790,324,773,390,463,337;1;1;generator_v1;CC-BY-4.0;day,angle,dirt
images/synthetic/synth_00780.jpg;A380YE178;type1b;764,65,299,120;764,124,1055,65,1063,130,766,185;1;1;generator_v1;CC-BY-4.0;day,angle,glare,dirt
images/synthetic/synth_00781.jpg;X036YX97;type1a;575,221,466,265;575,222,1015,221,1041,471,575,486;1;1;generator_v1;CC-BY-4.0;day,angle
images/synthetic/synth_00782.jpg;M815KM702;type1b;441,162,328,131;441,215,744,162,769,228,464,293;1;1;generator_v1;CC-BY-4.0;day,angle,glare,dirt
images/synthetic/synth_00783.jpg;X651YB761;type1;453,537,239,85;459,537,692,570,688,622,453,594;1;1;generator_v1;CC-BY-4.0;day,angle,dirt
images/synthetic/synth_00784.jpg;M087PX763;type1b;225,373,379,143;247,373,604,440,589,516,225,444;1;1;generator_v1;CC-BY-4.0;day,angle,glare,motion_blur
images/synthetic/synth_00785.jpg;O546EE74;type1;688,393,420,144;688,457,1097,393,1108,477,708,537;1;1;generator_v1;CC-BY-4.0;day,angle,glare
images/synthetic/synth_00786.jpg;E011KX38;type1b;122,355,210,53;122,362,332,355,330,399,122,408;1;1;generator_v1;CC-BY-4.0;day,angle,motion_blur
images/synthetic/synth_00787.jpg;O840KY163;type1a;135,252,356,237;171,252,491,297,462,489,135,436;1;1;generator_v1;CC-BY-4.0;day,angle,glare,motion_blur
images/synthetic/synth_00788.jpg;P823EE50;type1;342,227,279,104;342,265,617,227,621,305,345,331;1;1;generator_v1;CC-BY-4.0;day,angle
images/synthetic/synth_00789.jpg;B803TH197;type1;167,247,357,117;177,247,524,285,514,364,167,342;1;1;generator_v1;CC-BY-4.0;day,angle,dirt,motion_blur
images/synthetic/synth_00790.jpg;X629EP799;type1a;234,33,316,208;234,65,527,33,550,204,255,241;1;1;generator_v1;CC-BY-4.0;day,angle
images/synthetic/synth_00791.jpg;M607PB197;type1;593,385,366,104;595,414,955,385,959,467,593,489;1;1;generator_v1;CC-BY-4.0;day,angle,glare,motion_blur
images/synthetic/synth_00792.jpg;C267HB177;type1;258,396,399,163;258,468,634,396,657,475,279,559;1;1;generator_v1;CC-BY-4.0;day,angle,glare
images/synthetic/synth_00793.jpg;M090MP163;type1a;354,362,443,287;365,362,797,394,772,649,354,605;1;1;generator_v1;CC-BY-4.0;day,angle
images/synthetic/synth_00794.jpg;K418KP77;type1a;197,252,204,135;209,260,401,252,391,387,197,383;1;1;generator_v1;CC-BY-4.0;day,angle
images/synthetic/synth_00795.jpg;M369ET93;type1a;496,50,374,258;496,103,845,50,870,271,513,308;1;1;generator_v1;CC-BY-4.0;day,angle,motion_blur
images/synthetic/synth_00796.jpg;P444AK797;type1a;640,379,185,141;656,379,825,406,811,520,640,505;1;1;generator_v1;CC-BY-4.0;day,angle,dirt
images/synthetic/synth_00797.jpg;P112YC52;type1b;68,546,217,64;70,561,285,546,280,592,68,610;1;1;generator_v1;CC-BY-4.0;day,angle,dirt
images/synthetic/synth_00798.jpg;A222OA54;type1b;549,259,192,69;550,278,741,259,739,305,549,328;1;1;generator_v1;CC-BY-4.0;day,angle,motion_blur
images/synthetic/synth_00799.jpg;M020YM90;type1b;318,542,234,56;319,542,552,548,550,598,318,592;1;1;generator_v1;CC-BY-4.0;day,angle,glare,dirt
images/synthetic/synth_00800.jpg;P215HH777;type1a;133,258,349,205;133,278,469,258,482,456,157,463;1;1;generator_v1;CC-BY-4.0;day,angle,dirt,motion_blur
images/synthetic/synth_00801.jpg;H487KM763;type1b;124,528,261,83;132,528,385,554,378,611,124,581;1;1;generator_v1;CC-BY-4.0;day,angle
images/synthetic/synth_00802.jpg;H287XB161;type1a;416,116,364,227;416,166,732,116,780,321,472,343;1;1;generator_v1;CC-BY-4.0;day,angle,glare,motion_blur
images/synthetic/synth_00803.jpg;K109BP716;type1a;284,508,220,130;311,508,504,523,483,638,284,616;1;1;generator_v1;CC-BY-4.0;day,angle,glare
images/synthetic/synth_00804.jpg;O947KT190;type1b;476,569,163,47;476,569,639,576,639,616,477,607;1;1;generator_v1;CC-BY-4.0;day,angle
images/synthetic/synth_00805.jpg;X151HA16;type1;700,360,280,114;700,412,967,360,980,418,714,474;1;1;generator_v1;CC-BY-4.0;day,angle,glare
images/synthetic/synth_00806.jpg;P592XH90;type1a;791,208,271,163;793,208,1062,213,1059,370,791,371;1;1;generator_v1;CC-BY-4.0;day,angle,glare,dirt,motion_blur
images/synthetic/synth_00807.jpg;T502XT702;type1b;710,185,354,99;716,185,1064,195,1056,276,710,284;1;1;generator_v1;CC-BY-4.0;day,angle
images/synthetic/synth_00808.jpg;P968YM52;type1a;371,539,225,152;392,539,596,574,573,691,371,658;1;1;generator_v1;CC-BY-4.0;day,angle,glare,dirt
images/synthetic/synth_00809.jpg;A328AC02;type1;685,309,409,166;685,393,1076,309,1094,395,704,475;1;1;generator_v1;CC-BY-4.0;day,angle,glare
images/synthetic/synth_00810.jpg;Y858KP61;type1;485,431,470,124;485,439,950,431,955,530,489,555;1;1;generator_v1;CC-BY-4.0;day,angle,dirt
images/synthetic/synth_00811.jpg;E767OM102;type1b;333,534,417,98;337,542,750,534,749,632,333,629;1;1;generator_v1;CC-BY-4.0;day,angle,dirt,motion_blur
images/synthetic/synth_00812.jpg;X877KO763;type1b;269,119,387,119;290,119,656,155,633,238,269,225;1;1;generator_v1;CC-BY-4.0;day,angle,glare
images/synthetic/synth_00813.jpg;C664MK66;type1;280,440,316,111;280,471,591,440,596,510,287,551;1;1;generator_v1;CC-BY-4.0;day,angle,glare,dirt
images/synthetic/synth_00814.jpg;A577TO138;type1a;389,187,361,217;389,207,718,187,750,404,433,394;1;1;generator_v1;CC-BY-4.0;day,angle,glare,motion_blur
images/synthetic/synth_00815.jpg;B589CE138;type1;577,162,462,171;577,220,1010,162,1039,253,603,333;1;1;generator_v1;CC-BY-4.0;day,angle
images/synthetic/synth_00816.jpg;A060ET52;type1b;146,531,497,163;158,531,643,593,628,694,146,638;1;1;generator_v1;CC-BY-4.0;day,angle,glare
images/synthetic/synth_00817.jpg;H630PA790;type1a;438,172,479,306;438,250,879,172,917,420,503,478;1;1;generator_v1;CC-BY-4.0;day,angle
images/synthetic/synth_00818.jpg;K147MC93;type1a;660,405,325,257;660,456,981,405,985,590,681,662;1;1;generator_v1;CC-BY-4.0;day,angle,dirt
images/synthetic/synth_00819.jpg;T921PA125;type1;201,389,271,86;201,400,472,389,471,454,201,475;1;1;generator_v1;CC-BY-4.0;day,angle,glare
images/synthetic/synth_00820.jpg;O123AM716;type1b;336,517,250,83;349,517,586,547,576,600,336,566;1;1;generator_v1;CC-BY-4.0;day,angle
images/synthetic/synth_00821.jpg;P825EM52;type1a;440,335,444,305;440,335,884,349,870,640,440,589;1;1;generator_v1;CC-BY-4.0;day,angle
images/synthetic/synth_00822.jpg;C021AB125;type1a;96,418,213,163;96,461,290,418,309,547,111,581;1;1;generator_v1;CC-BY-4.0;day,angle
images/synthetic/synth_00823.jpg;T201BH716;type1a;164,249,283,200;176,249,447,271,430,449,164,412;1;1;generator_v1;CC-BY-4.0;day,angle,glare,dirt,motion_blur
images/synthetic/synth_00824.jpg;P362KT123;type1b;214,368,304,123;214,368,518,408,514,491,214,439;1;1;generator_v1;CC-BY-4.0;day,angle,dirt
images/synthetic/synth_00825.jpg;T423EB97;type1a;204,62,452,305;204,141,613,62,656,305,258,367;1;1;generator_v1;CC-BY-4.0;day,angle,dirt
images/synthetic/synth_00826.jpg;H473MC799;type1a;550,93,477,280;555,107,1009,93,1027,360,550,373;1;1;generator_v1;CC-BY-4.0;day,angle,dirt
images/synthetic/synth_00827.jpg;M982AT177;type1b;867,350,164,65;867,377,1023,350,1031,392,874,415;1;1;generator_v1;CC-BY-4.0;day,angle,glare,dirt
images/synthetic/synth_00828.jpg;M278KC99;type1b;394,649,216,46;394,649,608,649,610,695,394,695;1;1;generator_v1;CC-BY-4.0;day,angle
images/synthetic/synth_00829.jpg;C824OY90;type1b;310,576,278,99;310,614,578,576,588,633,319,675;1;1;generator_v1;CC-BY-4.0;day,angle,glare,dirt
images/synthetic/synth_00830.jpg;X267XE174;type1b;738,515,258,67;738,530,987,515,996,572,749,582;1;1;generator_v1;CC-BY-4.0;day,angle,glare
images/synthetic/synth_00831.jpg;K126BP77;type1b;934,329,176,50;939,329,1110,333,1106,379,934,371;1;1;generator_v1;CC-BY-4.0;day,angle,dirt
images/synthetic/synth_00832.jpg;Y575AA174;type1b;294,451,339,79;294,459,631,451,633,524,295,530;1;1;generator_v1;CC-BY-4.0;day,angle,dirt
images/synthetic/synth_00833.jpg;E313PP163;type1b;227,238,347,114;238,238,574,280,562,352,227,318;1;1;generator_v1;CC-BY-4.0;day,angle,dirt
images/synthetic/synth_00834.jpg;A025TP54;type1;726,197,359,102;726,222,1082,197,1085,284,726,299;1;1;generator_v1;CC-BY-4.0;day,angle
images/synthetic/synth_00835.jpg;A783CT93;type1a;312,172,313,211;312,207,620,172,625,340,331,383;1;1;generator_v1;CC-BY-4.0;day,angle,glare
images/synthetic/synth_00836.jpg;T168XH16;type1b;508,551,316,86;508,551,813,560,824,632,517,637;1;1;generator_v1;CC-BY-4.0;day,angle,dirt
images/synthetic/synth_00837.jpg;E329AY198;type1b;73,125,230,75;73,148,294,125,303,173,81,200;1;1;generator_v1;CC-BY-4.0;day,angle,glare,dirt
images/synthetic/synth_00838.jpg;B823AK702;type1a;316,128,466,319;316,194,735,128,782,370,358,447;1;1;generator_v1;CC-BY-4.0;day,angle,dirt,motion_blur
images/synthetic/synth_00839.jpg;X409MT74;type1b;509,578,354,128;526,578,863,638,843,706,509,655;1;1;generator_v1;CC-BY-4.0;day,angle,dirt
images/synthetic/synth_00840.jpg;C921TE98;type1b;192,455,191,77;192,493,378,455,383,493,199,532;1;1;generator_v1;CC-BY-4.0;day,angle,dirt
images/synthetic/synth_00841.jpg;E598EX116;type1b;431,243,457,166;447,243,888,320,868,409,431,339;1;1;generator_v1;CC-BY-4.0;day,angle,glare
images/synthetic/synth_00842.jpg;K937MP61;type1a;443,291,391,284;443,355,800,291,834,551,473,575;1;1;generator_v1;CC-BY-4.0;day,angle,glare
images/synthetic/synth_00843.jpg;M710BY23;type1a;63,250,248,138;75,250,311,256,310,388,63,380;1;1;generator_v1;CC-BY-4.0;day,angle,dirt
images/synthetic/synth_00844.jpg;K093BC77;type1a;264,63,384,282;297,85,648,63,620,345,264,312;1;1;generator_v1;CC-BY-4.0;day,angle,glare
images/synthetic/synth_00845.jpg;P558TM716;type1;50,389,196,73;55,389,246,421,243,462,50,431;1;1;generator_v1;CC-BY-4.0;day,angle,glare,motion_blur
images/synthetic/synth_00846.jpg;M396HH161;type1;390,459,167,62;390,459,552,480,557,521,393,503;1;1;generator_v1;CC-BY-4.0;day,angle,glare,dirt
images/synthetic/synth_00847.jpg;X041KX78;type1b;268,91,441,124;272,91,709,123,700,215,268,182;1;1;generator_v1;CC-BY-4.0;day,angle,glare,dirt
images/synthetic/synth_00848.jpg;M299XC66;type1;334,348,304,116;343,348,638,397,627,464,334,411;1;1;generator_v1;CC-BY-4.0;day,angle,dirt
images/synthetic/synth_00849.jpg;K951KT96;type1b;704,369,318,129;704,433,1008,369,1022,435,716,498;1;1;generator_v1;CC-BY-4.0;day,angle,glare
images/synthetic/synth_00850.jpg;C954OO90;type1a;433,195,458,327;433,204,886,195,891,459,451,522;1;1;generator_v1;CC-BY-4.0;day,angle
images/synthetic/synth_00851.jpg;H444KO716;type1;719,406,284,80;721,406,1001,429,1003,486,719,466;1;1;generator_v1;CC-BY-4.0;day,angle
images/synthetic/synth_00852.jpg;Y416XC702;type1;130,552,195,52;137,552,325,563,317,604,130,597;1;1;generator_v1;CC-BY-4.0;day,angle,motion_blur
images/synthetic/synth_00853.jpg;C900OY99;type1a;499,153,307,188;506,153,806,168,797,341,499,329;1;1;generator_v1;CC-BY-4.0;day,angle,glare
images/synthetic/synth_00854.jpg;C607EY138;type1b;284,120,469,170;300,120,753,205,724,290,284,214;1;1;generator_v1;CC-BY-4.0;day,angle
images/synthetic/synth_00855.jpg;A608EX90;type1a;308,433,408,245;308,433,667,434,716,643,343,678;1;1;generator_v1;CC-BY-4.0;day,angle
images/synthetic/synth_00856.jpg;Y999HK78;type1a;115,212,387,245;115,255,468,212,502,412,128,457;1;1;generator_v1;CC-BY-4.0;day,angle,glare,dirt,motion_blur
images/synthetic/synth_00857.jpg;O016TK716;type1b;559,244,253,87;559,262,801,244,812,303,570,331;1;1;generator_v1;CC-BY-4.0;day,angle,glare,motion_blur
images/synthetic/synth_00858.jpg;T922EB799;type1b;756,160,257,82;756,187,1007,160,1013,218,762,242;1;1;generator_v1;CC-BY-4.0;day,angle
images/synthetic/synth_00859.jpg;A309EH123;type1;702,47,430,133;711,47,1132,92,1122,180,702,139;1;1;generator_v1;CC-BY-4.0;day,angle
images/synthetic/synth_00860.jpg;O992AM774;type1a;231,180,513,290;243,199,716,180,744,453,231,470;1;1;generator_v1;CC-BY-4.0;day,angle,dirt
images/synthetic/synth_00861.jpg;Y198YK16;type1b;54,314,160,52;54,314,209,329,214,366,57,354;1;1;generator_v1;CC-BY-4.0;day,angle,glare
images/synthetic/synth_00862.jpg;T779KH178;type1b;495,543,477,131;495,563,954,543,972,638,507,674;1;1;generator_v1;CC-BY-4.0;day,angle,dirt
images/synthetic/synth_00863.jpg;E177XX78;type1a;382,229,362,219;414,229,744,275,697,448,382,419;1;1;generator_v1;CC-BY-4.0;day,angle,glare,dirt
images/synthetic/synth_00864.jpg;X296OP197;type1a;495,117,492,327;495,117,987,158,960,444,506,377;1;1;generator_v1;CC-BY-4.0;day,angle,glare
images/synthetic/synth_00865.jpg;E801MK63;type1b;220,504,354,125;220,556,559,504,574,574,231,629;1;1;generator_v1;CC-BY-4.0;day,angle
images/synthetic/synth_00866.jpg;H156BE790;type1b;270,56,279,73;272,56,549,75,541,129,270,111;1;1;generator_v1;CC-BY-4.0;day,angle,dirt
images/synthetic/synth_00867.jpg;P004CK74;type1;743,58,224,71;743,83,961,58,967,106,748,129;1;1;generator_v1;CC-BY-4.0;day,angle,dirt
images/synthetic/synth_00868.jpg;B025TX98;type1a;285,241,482,335;285,329,711,241,767,539,343,576;1;1;generator_v1;CC-BY-4.0;day,angle,dirt
images/synthetic/synth_00869.jpg;C006HY61;type1a;615,259,426,298;662,259,1041,334,994,557,615,521;1;1;generator_v1;CC-BY-4.0;day,angle,dirt
images/synthetic/synth_00870.jpg;C021PP790;type1a;266,72,213,132;266,76,478,72,479,195,269,204;1;1;generator_v1;CC-BY-4.0;day,angle,glare,dirt,motion_blur
images/synthetic/synth_00871.jpg;H809PK152;type1b;603,299,430,92;604,300,1032,299,1033,391,603,391;1;1;generator_v1;CC-BY-4.0;day,angle,motion_blur
images/synthetic/synth_00872.jpg;O642EE116;type1a;562,231,344,247;562,299,847,231,906,446,620,478;1;1;generator_v1;CC-BY-4.0;day,angle,glare,dirt
images/synthetic/synth_00873.jpg;X059ME25;type1;696,452,333,102;705,452,1029,479,1020,554,696,543;1;1;generator_v1;CC-BY-4.0;day,angle,motion_blur
images/synthetic/synth_00874.jpg;B970MA93;type1a;432,178,456,264;432,178,856,192,888,432,436,442;1;1;generator_v1;CC-BY-4.0;day,angle,motion_blur
images/synthetic/synth_00875.jpg;H109MO154;type1;192,529,277,107;192,556,467,529,469,596,196,636;1;1;generator_v1;CC-BY-4.0;day,angle
images/synthetic/synth_00876.jpg;K258XC154;type1;929,262,199,70;929,288,1123,262,1128,308,933,332;1;1;generator_v1;CC-BY-4.0;day,angle,dirt
images/synthetic/synth_00877.jpg;E664OO78;type1;246,504,295,125;262,504,541,560,528,629,246,586;1;1;generator_v1;CC-BY-4.0;day,angle,motion_blur
images/synthetic/synth_00878.jpg;H791HX199;type1b;163,148,291,91;166,179,451,148,454,212,163,239;1;1;generator_v1;CC-BY-4.0;day,angle,glare
images/synthetic/synth_00879.jpg;O682KK90;type1b;754,404,307,81;755,404,1058,421,1061,485,754,473;1;1;generator_v1;CC-BY-4.0;day,angle
images/synthetic/synth_00880.jpg;X991OX797;type1a;766,268,435,263;767,268,1201,280,1188,531,766,513;1;1;generator_v1;CC-BY-4.0;day,angle,glare
images/synthetic/synth_00881.jpg;P621XA196;type1b;667,21,395,105;667,34,1044,21,1062,100,679,126;1;1;generator_v1;CC-BY-4.0;day,angle,glare
images/synthetic/synth_00882.jpg;T992HY25;type1a;219,207,213,159;219,207,425,219,432,366,230,339;1;1;generator_v1;CC-BY-4.0;day,angle,dirt
images/synthetic/synth_00883.jpg;H736XA198;type1b;545,622,173,54;545,637,716,622,718,664,548,676;1;1;generator_v1;CC-BY-4.0;day,angle,glare,dirt
images/synthetic/synth_00884.jpg;O404HB152;type1b;875,397,177,48;875,397,1052,405,1052,445,875,441;1;1;generator_v1;CC-BY-4.0;day,angle,glare
images/synthetic/synth_00885.jpg;H240OK23;type1b;583,531,273,81;586,531,856,553,855,612,583,595;1;1;generator_v1;CC-BY-4.0;day,angle
images/synthetic/synth_00886.jpg;B579HH193;type1a;754,454,196,129;754,468,950,454,946,564,756,583;1;1;generator_v1;CC-BY-4.0;day,angle,dirt,motion_blur
images/synthetic/synth_00887.jpg;C597TP66;type1b;510,571,179,70;515,571,689,600,684,641,510,609;1;1;generator_v1;CC-BY-4.0;day,angle,motion_blur
images/synthetic/synth_00888.jpg;C133YM199;type1a;511,53,395,280;553,53,906,121,862,333,511,256;1;1;generator_v1;CC-BY-4.0;day,angle,glare
images/synthetic/synth_00889.jpg;M953AH54;type1;529,389,380,124;529,429,903,389,909,489,532,513;1;1;generator_v1;CC-BY-4.0;day,angle
images/synthetic/synth_00890.jpg;B206YC198;type1b;88,201,275,89;95,201,363,228,356,290,88,259;1;1;generator_v1;CC-BY-4.0;day,angle,glare,motion_blur
images/synthetic/synth_00891.jpg;C660XY25;type1a;252,294,232,172;273,294,484,303,463,466,252,437;1;1;generator_v1;CC-BY-4.0;day,angle,dirt
images/synthetic/synth_00892.jpg;M126EM61;type1b;274,522,408,115;274,552,676,522,682,611,280,637;1;1;generator_v1;CC-BY-4.0;day,angle,motion_blur
images/synthetic/synth_00893.jpg;O244KY161;type1a;551,158,372,245;551,201,899,158,923,368,573,403;1;1;generator_v1;CC-BY-4.0;day,angle
images/synthetic/synth_00894.jpg;B684MM98;type1a;441,141,324,261;441,210,750,141,765,360,441,402;1;1;generator_v1;CC-BY-4.0;day,angle
images/synthetic/synth_00895.jpg;T910XH716;type1b;159,48,368,115;159,94,511,48,527,128,181,163;1;1;generator_v1;CC-BY-4.0;day,angle,motion_blur
images/synthetic/synth_00896.jpg;Y931OY63;type1b;246,274,340,89;249,286,586,274,576,342,246,363;1;1;generator_v1;CC-BY-4.0;day,angle
images/synthetic/synth_00897.jpg;X059CM125;type1b;186,187,202,61;195,187,388,198,379,248,186,232;1;1;generator_v1;CC-BY-4.0;day,angle,glare
images/synthetic/synth_00898.jpg;K146KC52;type1a;876,219,243,178;878,219,1115,250,1119,397,876,380;1;1;generator_v1;CC-BY-4.0;day,angle,dirt,motion_blur
images/synthetic/synth_00899.jpg;X332XO38;type1;389,327,290,63;389,328,679,327,678,387,389,390;1;1;generator_v1;CC-BY-4.0;day,angle
images/synthetic/synth_00900.jpg;T568OO763;type1;323,449,356,109;335,449,679,462,668,558,323,528;1;1;generator_v1;CC-BY-4.0;day,angle,glare
images/synthetic/synth_00901.jpg;M464EB123;type1b;69,37,217,98;69,75,280,37,286,90,77,135;1;1;generator_v1;CC-BY-4.0;day,angle,dirt
images/synthetic/synth_00902.jpg;X331XB125;type1b;244,159,449,170;244,217,667,159,693,250,269,329;1;1;generator_v1;CC-BY-4.0;day,angle,dirt
images/synthetic/synth_00903.jpg;K219MP61;type1a;603,392,319,227;620,431,922,392,916,610,603,619;1;1;generator_v1;CC-BY-4.0;day,angle,motion_blur
images/synthetic/synth_00904.jpg;T232AX198;type1b;507,258,323,127;508,258,827,310,830,385,507,348;1;1;generator_v1;CC-BY-4.0;day,angle,motion_blur
images/synthetic/synth_00905.jpg;A992HO777;type1b;158,7,444,137;158,58,575,7,602,115,189,144;1;1;generator_v1;CC-BY-4.0;day,angle,glare
images/synthetic/synth_00906.jpg;P379TH138;type1a;245,56,333,222;271,56,578,87,554,278,245,235;1;1;generator_v1;CC-BY-4.0;day,angle,glare
images/synthetic/synth_00907.jpg;K897PB799;type1;462,387,189,56;470,387,651,402,642,443,462,431;1;1;generator_v1;CC-BY-4.0;day,angle,dirt
images/synthetic/synth_00908.jpg;K545MX197;type1;522,216,412,116;533,216,934,243,928,332,522,300;1;1;generator_v1;CC-BY-4.0;day,angle
images/synthetic/synth_00909.jpg;X777OX190;type1a;429,359,404,239;429,359,833,362,830,595,430,598;1;1;generator_v1;CC-BY-4.0;day,angle,glare,motion_blur
images/synthetic/synth_00910.jpg;T286EA63;type1b;806,71,351,112;806,108,1156,71,1157,142,813,183;1;1;generator_v1;CC-BY-4.0;day,angle,dirt,motion_blur
images/synthetic/synth_00911.jpg;E636CT102;type1;949,508,181,61;949,529,1121,508,1130,551,959,569;1;1;generator_v1;CC-BY-4.0;day,angle,dirt
images/synthetic/synth_00912.jpg;H035OC96;type1;71,575,276,98;82,575,347,613,337,673,71,643;1;1;generator_v1;CC-BY-4.0;day,angle,glare
images/synthetic/synth_00913.jpg;O087KM23;type1a;444,112,343,221;444,165,754,112,787,293,487,333;1;1;generator_v1;CC-BY-4.0;day,angle,glare,motion_blur
images/synthetic/synth_00914.jpg;A072BK23;type1a;311,262,374,246;327,262,685,304,656,508,311,464;1;1;generator_v1;CC-BY-4.0;day,angle
images/synthetic/synth_00915.jpg;P566EH178;type1;599,129,402,124;606,129,1001,167,992,253,599,212;1;1;generator_v1;CC-BY-4.0;day,angle,glare,motion_blur
images/synthetic/synth_00916.jpg;O764OK190;type1b;548,280,457,168;580,280,1005,362,970,448,548,389;1;1;generator_v1;CC-BY-4.0;day,angle
images/synthetic/synth_00917.jpg;K154XT52;type1;909,509,239,76;909,538,1143,509,1148,555,917,585;1;1;generator_v1;CC-BY-4.0;day,angle
images/synthetic/synth_00918.jpg;P101MC790;type1b;166,264,464,101;166,270,630,264,628,362,173,365;1;1;generator_v1;CC-BY-4.0;day,angle
images/synthetic/synth_00919.jpg;A446OE38;type1b;418,542,461,105;431,549,879,542,875,647,418,641;1;1;generator_v1;CC-BY-4.0;day,angle,glare,dirt
images/synthetic/synth_00920.jpg;C641EX774;type1;496,440,262,121;496,498,748,440,758,514,503,561;1;1;generator_v1;CC-BY-4.0;day,angle
images/synthetic/synth_00921.jpg;B565AM716;type1a;770,164,200,124;770,164,963,169,970,285,774,288;1;1;generator_v1;CC-BY-4.0;day,angle,dirt
images/synthetic/synth_00922.jpg;B465AX702;type1b;648,325,212,48;650,325,860,328,860,373,648,370;1;1;generator_v1;CC-BY-4.0;day,angle,glare,dirt
images/synthetic/synth_00923.jpg;X237HY123;type1;185,547,424,146;196,547,609,606,605,693,185,640;1;1;generator_v1;CC-BY-4.0;day,angle,glare
images/synthetic/synth_00924.jpg;A400ME02;type1b;674,170,272,75;680,170,946,185,941,245,674,226;1;1;generator_v1;CC-BY-4.0;day,angle
images/synthetic/synth_00925.jpg;K124ET50;type1b;129,222,469,163;146,222,598,285,584,385,129,316;1;1;generator_v1;CC-BY-4.0;day,angle,dirt
images/synthetic/synth_00926.jpg;A393YO63;type1;370,103,425,112;370,119,773,103,795,185,384,215;1;1;generator_v1;CC-BY-4.0;day,angle,glare
images/synthetic/synth_00927.jpg;M335BO116;type1;171,226,409,146;171,278,565,226,580,310,186,372;1;1;generator_v1;CC-BY-4.0;day,angle,dirt,motion_blur
images/synthetic/synth_00928.jpg;P492CK93;type1a;741,308,315,231;741,361,1038,308,1056,502,746,539;1;1;generator_v1;CC-BY-4.0;day,angle
images/synthetic/synth_00929.jpg;E874OP25;type1a;635,217,324,197;676,217,959,252,911,414,635,402;1;1;generator_v1;CC-BY-4.0;day,angle
images/synthetic/synth_00930.jpg;Y046BK198;type1a;509,314,369,290;540,314,878,392,860,604,509,558;1;1;generator_v1;CC-BY-4.0;day,angle,glare,motion_blur
images/synthetic/synth_00931.jpg;A791BX790;type1b;196,298,200,70;196,326,391,298,396,343,199,368;1;1;generator_v1;CC-BY-4.0;day,angle,glare
images/synthetic/synth_00932.jpg;K211BE197;type1b;228,328,279,79;238,328,507,333,498,407,228,391;1;1;generator_v1;CC-BY-4.0;day,angle,motion_blur
images/synthetic/synth_00933.jpg;M084XX777;type1a;627,97,396,255;627,97,1010,122,1023,348,628,352;1;1;generator_v1;CC-BY-4.0;day,angle,dirt
images/synthetic/synth_00934.jpg;T828OT152;type1b;193,400,360,90;196,402,553,400,551,490,193,481;1;1;generator_v1;CC-BY-4.0;day,angle
images/synthetic/synth_00935.jpg;Y462AP161;type1b;286,281,305,97;286,314,585,281,591,349,291,378;1;1;generator_v1;CC-BY-4.0;day,angle,dirt,motion_blur
images/synthetic/synth_00936.jpg;H722XA77;type1a;678,336,263,180;678,368,926,336,941,495,691,516;1;1;generator_v1;CC-BY-4.0;day,angle
images/synthetic/synth_00937.jpg;Y770MK790;type1;674,289,440,120;674,321,1102,289,1114,392,692,409;1;1;generator_v1;CC-BY-4.0;day,angle
images/synthetic/synth_00938.jpg;A873CB77;type1a;506,93,421,290;506,136,882,93,927,311,549,383;1;1;generator_v1;CC-BY-4.0;day,angle,glare
images/synthetic/synth_00939.jpg;M792EM199;type1b;756,175,307,124;772,175,1063,236,1046,299,756,244;1;1;generator_v1;CC-BY-4.0;day,angle,motion_blur
images/synthetic/synth_00940.jpg;A151OB77;type1b;671,259,356,129;690,259,1027,306,1010,388,671,331;1;1;generator_v1;CC-BY-4.0;day,angle,glare,dirt
images/synthetic/synth_00941.jpg;K505KE777;type1b;788,30,180,74;793,30,968,63,964,104,788,76;1;1;generator_v1;CC-BY-4.0;day,angle,motion_blur
images/synthetic/synth_00942.jpg;T367BE90;type1a;127,265,302,201;150,265,429,303,404,466,127,441;1;1;generator_v1;CC-BY-4.0;day,angle
images/synthetic/synth_00943.jpg;H649XO750;type1a;774,204,383,243;790,204,1157,249,1122,447,774,405;1;1;generator_v1;CC-BY-4.0;day,angle,glare,motion_blur
images/synthetic/synth_00944.jpg;H096CX197;type1b;116,542,240,73;121,542,356,569,348,615,116,589;1;1;generator_v1;CC-BY-4.0;day,angle,dirt
images/synthetic/synth_00945.jpg;H647HX799;type1b;91,557,276,84;91,584,357,557,367,612,98,641;1;1;generator_v1;CC-BY-4.0;day,angle,motion_blur
images/synthetic/synth_00946.jpg;M768XM78;type1b;53,627,206,79;53,662,250,627,259,674,62,706;1;1;generator_v1;CC-BY-4.0;day,angle,dirt
images/synthetic/synth_00947.jpg;Y454YC98;type1;746,384,352,140;746,384,1089,446,1098,524,747,477;1;1;generator_v1;CC-BY-4.0;day,angle
images/synthetic/synth_00948.jpg;K450AO38;type1b;716,317,198,66;716,340,910,317,914,363,720,383;1;1;generator_v1;CC-BY-4.0;day,angle,glare
images/synthetic/synth_00949.jpg;H697EK750;type1a;607,269,478,325;607,338,1048,269,1085,543,620,594;1;1;generator_v1;CC-BY-4.0;day,angle
images/synthetic/synth_00950.jpg;M314XA163;type1b;141,89,222,60;146,89,363,102,357,149,141,139;1;1;generator_v1;CC-BY-4.0;day,angle
images/synthetic/synth_00951.jpg;X455XM196;type1;320,186,296,102;333,186,616,214,603,288,320,249;1;1;generator_v1;CC-BY-4.0;day,angle
images/synthetic/synth_00952.jpg;M538EM96;type1a;545,245,438,297;594,245,983,280,939,542,545,472;1;1;generator_v1;CC-BY-4.0;day,angle,dirt
images/synthetic/synth_00953.jpg;A126OO74;type1a;539,388,393,294;539,394,920,388,932,682,563,630;1;1;generator_v1;CC-BY-4.0;day,angle
images/synthetic/synth_00954.jpg;K735TH750;type1b;313,416,214,54;313,419,523,416,527,470,319,467;1;1;generator_v1;CC-BY-4.0;day,angle
images/synthetic/synth_00955.jpg;M579EX66;type1b;362,408,398,132;362,458,750,408,760,496,367,540;1;1;generator_v1;CC-BY-4.0;day,angle,dirt
images/synthetic/synth_00956.jpg;X594ET77;type1a;359,424,370,224;359,436,729,424,722,627,369,648;1;1;generator_v1;CC-BY-4.0;day,angle,glare
images/synthetic/synth_00957.jpg;X558YK161;type1b;360,235,459,135;360,265,812,235,819,330,368,370;1;1;generator_v1;CC-BY-4.0;day,angle,glare,dirt
images/synthetic/synth_00958.jpg;Y612AE54;type1b;743,390,360,95;756,390,1103,413,1086,485,743,473;1;1;generator_v1;CC-BY-4.0;day,angle
images/synthetic/synth_00959.jpg;T707OP96;type1;328,238,255,102;328,238,581,279,583,340,328,310;1;1;generator_v1;CC-BY-4.0;day,angle
images/synthetic/synth_00960.jpg;X805AY199;type1b;576,145,480,182;576,224,1042,145,1056,243,595,327;1;1;generator_v1;CC-BY-4.0;day,angle,glare,motion_blur
images/synthetic/synth_00961.jpg;P627OP797;type1a;497,436,201,143;524,436,698,475,671,579,497,547;1;1;generator_v1;CC-BY-4.0;day,angle
images/synthetic/synth_00962.jpg;X023YX90;type1a;818,180,296,180;818,204,1096,180,1114,335,822,360;1;1;generator_v1;CC-BY-4.0;day,angle
images/synthetic/synth_00963.jpg;X558HE761;type1a;180,339,300,192;216,339,480,365,451,531,180,492;1;1;generator_v1;CC-BY-4.0;day,angle,dirt
images/synthetic/synth_00964.jpg;C733TP02;type1b;470,109,258,87;477,109,728,132,721,196,470,166;1;1;generator_v1;CC-BY-4.0;day,angle,motion_blur
images/synthetic/synth_00965.jpg;T767HO178;type1a;531,194,383,252;531,211,904,194,914,446,548,431;1;1;generator_v1;CC-BY-4.0;day,angle,glare
images/synthetic/synth_00966.jpg;T068CX750;type1b;546,645,193,74;550,645,739,672,733,719,546,691;1;1;generator_v1;CC-BY-4.0;day,angle,glare,dirt,motion_blur
images/synthetic/synth_00967.jpg;B512OX193;type1a;848,211,327,233;848,255,1157,211,1175,389,874,444;1;1;generator_v1;CC-BY-4.0;day,angle
images/synthetic/synth_00968.jpg;X546ET199;type1b;482,389,322,98;486,389,804,421,795,487,482,455;1;1;generator_v1;CC-BY-4.0;day,angle,motion_blur
images/synthetic/synth_00969.jpg;B729HE54;type1a;900,409,231,146;907,426,1131,409,1131,546,900,555;1;1;generator_v1;CC-BY-4.0;day,angle,motion_blur
images/synthetic/synth_00970.jpg;A571XY52;type1a;308,54,464,324;308,130,714,54,772,286,359,378;1;1;generator_v1;CC-BY-4.0;day,angle,dirt
images/synthetic/synth_00971.jpg;X244CA150;type1b;292,314,376,94;299,314,668,319,657,399,292,408;1;1;generator_v1;CC-BY-4.0;day,angle,glare
images/synthetic/synth_00972.jpg;E397TA96;type1a;140,81,231,140;140,102,359,81,371,204,158,221;1;1;generator_v1;CC-BY-4.0;day,angle,glare
images/synthetic/synth_00973.jpg;C015CC702;type1a;803,128,193,126;816,128,996,151,987,254,803,233;1;1;generator_v1;CC-BY-4.0;day,angle
images/synthetic/synth_00974.jpg;E079AC54;type1b;779,481,248,89;779,519,1018,481,1027,533,787,570;1;1;generator_v1;CC-BY-4.0;day,angle,dirt
images/synthetic/synth_00975.jpg;T804HY54;type1;349,219,227,100;355,219,576,258,568,319,349,273;1;1;generator_v1;CC-BY-4.0;day,angle,glare,dirt,motion_blur
images/synthetic/synth_00976.jpg;A813MK777;type1a;882,215,316,222;882,272,1165,215,1198,379,916,437;1;1;generator_v1;CC-BY-4.0;day,angle,glare
images/synthetic/synth_00977.jpg;A020PT54;type1b;460,320,414,167;474,320,874,396,865,487,460,431;1;1;generator_v1;CC-BY-4.0;day,angle,glare
images/synthetic/synth_00978.jpg;K347TY198;type1b;372,177,302,84;378,177,674,198,667,261,372,246;1;1;generator_v1;CC-BY-4.0;day,angle,dirt
images/synthetic/synth_00979.jpg;M144EC02;type1a;301,83,433,348;311,83,734,137,700,431,301,331;1;1;generator_v1;CC-BY-4.0;day,angle,glare,motion_blur
images/synthetic/synth_00980.jpg;X269TM50;type1b;424,9,287,120;424,66,699,9,711,82,434,129;1;1;generator_v1;CC-BY-4.0;day,angle,dirt
images/synthetic/synth_00981.jpg;H751CM93;type1b;479,465,335,80;479,465,814,471,812,545,479,536;1;1;generator_v1;CC-BY-4.0;day,angle,glare
images/synthetic/synth_00982.jpg;Y412AE761;type1b;494,0,431,131;501,0,925,43,913,131,494,87;1;1;generator_v1;CC-BY-4.0;day,angle
images/synthetic/synth_00983.jpg;P481OE54;type1;154,472,403,132;164,472,557,521,547,604,154,563;1;1;generator_v1;CC-BY-4.0;day,angle
images/synthetic/synth_00984.jpg;X363OP716;type1;289,410,436,168;297,410,725,468,712,578,289,503;1;1;generator_v1;CC-BY-4.0;day,angle,glare
images/synthetic/synth_00985.jpg;B733HT797;type1;748,429,297,70;752,429,1045,438,1045,499,748,491;1;1;generator_v1;CC-BY-4.0;day,angle
images/synthetic/synth_00986.jpg;E015MY702;type1a;645,221,229,183;645,234,871,221,874,370,652,404;1;1;generator_v1;CC-BY-4.0;day,angle,dirt
images/synthetic/synth_00987.jpg;B328YP102;type1b;340,386,318,116;351,386,658,437,647,502,340,451;1;1;generator_v1;CC-BY-4.0;day,angle,glare
images/synthetic/synth_00988.jpg;C010EO02;type1;417,67,461,179;438,67,878,152,858,246,417,178;1;1;generator_v1;CC-BY-4.0;day,angle,glare
images/synthetic/synth_00989.jpg;E266XH199;type1b;705,272,173,70;705,299,878,272,877,312,705,342;1;1;generator_v1;CC-BY-4.0;day,angle
images/synthetic/synth_00990.jpg;K547BM123;type1a;90,166,482,292;90,166,543,177,572,437,99,458;1;1;generator_v1;CC-BY-4.0;day,angle,glare,dirt
images/synthetic/synth_00991.jpg;B999YO777;type1a;856,133,281,198;901,133,1137,188,1092,331,856,295;1;1;generator_v1;CC-BY-4.0;day,angle,glare
images/synthetic/synth_00992.jpg;K550ME96;type1a;708,87,432,266;765,87,1140,142,1072,353,708,343;1;1;generator_v1;CC-BY-4.0;day,angle,glare,motion_blur
images/synthetic/synth_00993.jpg;E422YT96;type1b;511,66,273,99;521,66,784,102,774,165,511,123;1;1;generator_v1;CC-BY-4.0;day,angle
images/synthetic/synth_00994.jpg;H134BH150;type1b;599,539,218,94;606,539,817,581,808,633,599,587;1;1;generator_v1;CC-BY-4.0;day,angle,motion_blur
images/synthetic/synth_00995.jpg;H220BT78;type1;817,469,377,143;831,469,1194,538,1175,612,817,548;1;1;generator_v1;CC-BY-4.0;day,angle
images/synthetic/synth_00996.jpg;T342OM199;type1b;724,355,353,107;724,388,1070,355,1077,430,730,462;1;1;generator_v1;CC-BY-4.0;day,angle,motion_blur
images/synthetic/synth_00997.jpg;T336YA102;type1a;112,138,396,249;150,138,508,176,486,387,112,339;1;1;generator_v1;CC-BY-4.0;day,angle
images/synthetic/synth_00998.jpg;X444AT198;type1b;864,299,260,92;867,299,1124,335,1123,391,864,360;1;1;generator_v1;CC-BY-4.0;day,angle
images/synthetic/synth_00999.jpg;A533HX78;type1a;208,264,498,311;208,316,673,264,706,574,257,575;1;1;generator_v1;CC-BY-4.0;day,angle,glare,dirt
images/synthetic/synth_01000.jpg;H377PC93;type1b;591,109,476,109;591,109,1065,113,1067,218,604,203;1;1;generator_v1;CC-BY-4.0;day,angle
images/synthetic/synth_01001.jpg;K415CE777;type1a;549,55,210,147;549,79,748,55,759,187,559,202;1;1;generator_v1;CC-BY-4.0;day,angle
images/synthetic/synth_01002.jpg;B985YO790;type1a;151,31,294,193;181,31,445,76,428,224,151,177;1;1;generator_v1;CC-BY-4.0;day,angle
images/synthetic/synth_01003.jpg;E727EC97;type1a;410,128,304,198;423,155,714,128,712,316,410,326;1;1;generator_v1;CC-BY-4.0;day,angle
images/synthetic/synth_01004.jpg;H600XY197;type1;811,443,268,72;811,458,1078,443,1079,503,811,515;1;1;generator_v1;CC-BY-4.0;day,angle,dirt
images/synthetic/synth_01005.jpg;A361AK99;type1a;503,369,354,229;503,407,813,369,857,545,537,598;1;1;generator_v1;CC-BY-4.0;day,angle,glare
images/synthetic/synth_01006.jpg;X820PC78;type1;429,229,199,75;441,229,628,257,616,304,429,272;1;1;generator_v1;CC-BY-4.0;day,angle
images/synthetic/synth_01007.jpg;A188BM750;type1b;79,420,220,80;87,420,299,456,292,500,79,464;1;1;generator_v1;CC-BY-4.0;day,angle
images/synthetic/synth_01008.jpg;M980YH16;type1a;566,169,390,331;571,169,938,262,956,500,566,463;1;1;generator_v1;CC-BY-4.0;day,angle,motion_blur
images/synthetic/synth_01009.jpg;X968AO190;type1b;412,151,376,133;424,151,788,187,774,284,412,233;1;1;generator_v1;CC-BY-4.0;day,angle
images/synthetic/synth_01010.jpg;C545TB163;type1b;242,124,396,95;242,124,628,141,638,219,242,209;1;1;generator_v1;CC-BY-4.0;day,angle,glare
images/synthetic/synth_01011.jpg;H407MB196;type1b;170,8,359,111;182,8,529,44,522,119,170,80;1;1;generator_v1;CC-BY-4.0;day,angle,dirt
images/synthetic/synth_01012.jpg;H446AE702;type1a;798,302,317,206;798,302,1115,319,1109,508,805,477;1;1;generator_v1;CC-BY-4.0;day,angle,motion_blur
images/synthetic/synth_01013.jpg;E272TY96;type1b;182,335,449,167;182,415,621,335,631,423,203,502;1;1;generator_v1;CC-BY-4.0;day,angle,dirt
images/synthetic/synth_01014.jpg;C152CP54;type1a;180,220,410,293;180,277,530,220,590,425,239,513;1;1;generator_v1;CC-BY-4.0;day,angle,dirt,motion_blur
images/synthetic/synth_01015.jpg;X710KP178;type1b;813,358,328,125;813,414,1133,358,1141,436,817,483;1;1;generator_v1;CC-BY-4.0;day,angle,glare,dirt,motion_blur
images/synthetic/synth_01016.jpg;E488CA799;type1;719,5,393,132;719,60,1094,5,1112,95,741,137;1;1;generator_v1;CC-BY-4.0;day,angle,dirt
images/synthetic/synth_01017.jpg;O455KM161;type1b;742,48,305,117;751,48,1047,101,1035,165,742,111;1;1;generator_v1;CC-BY-4.0;day,angle,glare
images/synthetic/synth_01018.jpg;C748BO763;type1a;589,458,259,180;589,499,822,458,848,594,615,638;1;1;generator_v1;CC-BY-4.0;day,angle,dirt
images/synthetic/synth_01019.jpg;C628CH790;type1a;284,34,313,185;284,45,594,34,597,212,295,219;1;1;generator_v1;CC-BY-4.0;day,angle,glare
images/synthetic/synth_01020.jpg;P877XP52;type1a;111,304,440,256;111,307,547,304,551,560,143,537;1;1;generator_v1;CC-BY-4.0;day,angle,glare
images/synthetic/synth_01021.jpg;P773XC198;type1a;408,227,227,152;412,227,633,250,635,379,408,363;1;1;generator_v1;CC-BY-4.0;day,angle
images/synthetic/synth_01022.jpg;O069OH93;type1a;350,431,189,127;350,438,527,431,539,542,362,558;1;1;generator_v1;CC-BY-4.0;day,angle,dirt
images/synthetic/synth_01023.jpg;H463AB52;type1b;582,398,503,160;595,398,1085,451,1074,558,582,502;1;1;generator_v1;CC-BY-4.0;day,angle,motion_blur
images/synthetic/synth_01024.jpg;C566KM38;type1a;521,201,503,327;550,201,1024,255,994,528,521,485;1;1;generator_v1;CC-BY-4.0;day,angle,glare,motion_blur
images/synthetic/synth_01025.jpg;H427MM196;type1a;381,492,303,219;381,546,665,492,684,651,412,711;1;1;generator_v1;CC-BY-4.0;day,angle,glare,dirt,motion_blur
images/synthetic/synth_01026.jpg;X879OA23;type1a;211,237,300,208;247,237,511,287,479,445,211,388;1;1;generator_v1;CC-BY-4.0;day,angle,glare,dirt
images/synthetic/synth_01027.jpg;T838MH54;type1b;497,561,317,97;513,561,814,577,799,658,497,629;1;1;generator_v1;CC-BY-4.0;day,angle
images/synthetic/synth_01028.jpg;P003OH23;type1b;241,407,272,74;245,407,513,425,511,481,241,464;1;1;generator_v1;CC-BY-4.0;day,angle,glare
images/synthetic/synth_01029.jpg;H067TB152;type1b;528,433,280,82;540,433,808,452,799,515,528,490;1;1;generator_v1;CC-BY-4.0;day,angle
images/synthetic/synth_01030.jpg;T377CA154;type1b;563,354,430,119;563,384,993,354,992,440,571,473;1;1;generator_v1;CC-BY-4.0;day,angle
images/synthetic/synth_01031.jpg;C337BY196;type1;872,475,260,72;877,475,1132,492,1126,547,872,533;1;1;generator_v1;CC-BY-4.0;day,angle
images/synthetic/synth_01032.jpg;A272BP102;type1a;259,184,275,159;264,184,527,197,534,343,259,334;1;1;generator_v1;CC-BY-4.0;day,angle,dirt
images/synthetic/synth_01033.jpg;E796BA197;type1a;661,364,434,280;661,399,1033,364,1095,575,711,644;1;1;generator_v1;CC-BY-4.0;day,angle
images/synthetic/synth_01034.jpg;A828KC23;type1a;570,119,418,261;597,119,988,158,950,380,570,374;1;1;generator_v1;CC-BY-4.0;day,angle
images/synthetic/synth_01035.jpg;T211XM799;type1;578,69,260,103;578,118,830,69,838,122,589,172;1;1;generator_v1;CC-BY-4.0;day,angle,dirt
images/synthetic/synth_01036.jpg;K745PA138;type1a;543,366,472,310;543,421,965,366,1015,606,577,676;1;1;generator_v1;CC-BY-4.0;day,angle,glare
images/synthetic/synth_01037.jpg;Y097HK761;type1a;734,77,246,186;752,77,980,122,966,263,734,230;1;1;generator_v1;CC-BY-4.0;day,angle
images/synthetic/synth_01038.jpg;O014EP125;type1b;280,8,226,88;280,44,492,8,506,55,293,96;1;1;generator_v1;CC-BY-4.0;day,angle,motion_blur
images/synthetic/synth_01039.jpg;A634ME198;type1;475,313,307,78;475,331,779,313,782,375,483,391;1;1;generator_v1;CC-BY-4.0;day,angle,glare
images/synthetic/synth_01040.jpg;B971KH716;type1b;167,595,334,124;176,595,501,639,489,719,167,672;1;1;generator_v1;CC-BY-4.0;day,angle,glare,motion_blur
images/synthetic/synth_01041.jpg;H380TY790;type1a;580,330,354,241;580,389,886,330,934,503,618,571;1;1;generator_v1;CC-BY-4.0;day,angle
images/synthetic/synth_01042.jpg;O558TO93;type1b;458,511,416,165;495,511,874,572,836,676,458,592;1;1;generator_v1;CC-BY-4.0;day,angle,dirt
images/synthetic/synth_01043.jpg;C659OP777;type1b;504,611,278,83;505,611,782,628,782,694,504,689;1;1;generator_v1;CC-BY-4.0;day,angle,glare,motion_blur
images/synthetic/synth_01044.jpg;A391TA77;type1a;738,308,352,268;747,369,1083,308,1090,547,738,576;1;1;generator_v1;CC-BY-4.0;day,angle,glare
images/synthetic/synth_01045.jpg;P406PC716;type1b;230,614,337,100;235,644,567,614,567,691,230,714;1;1;generator_v1;CC-BY-4.0;day,angle
images/synthetic/synth_01046.jpg;B373MT61;type1a;437,216,466,317;437,286,864,216,903,477,469,533;1;1;generator_v1;CC-BY-4.0;day,angle,motion_blur
images/synthetic/synth_01047.jpg;B640TT16;type1b;546,634,242,85;559,634,788,671,776,719,546,684;1;1;generator_v1;CC-BY-4.0;day,angle
images/synthetic/synth_01048.jpg;C144PX25;type1b;136,94,346,103;136,123,470,94,482,181,150,197;1;1;generator_v1;CC-BY-4.0;day,angle,glare
images/synthetic/synth_01049.jpg;X285AA98;type1b;269,105,363,117;269,147,611,105,632,198,290,222;1;1;generator_v1;CC-BY-4.0;day,angle,glare,dirt
images/synthetic/synth_01050.jpg;X371YP25;type1a;127,211,164,136;145,211,291,247,275,347,127,320;1;1;generator_v1;CC-BY-4.0;day,angle
images/synthetic/synth_01051.jpg;P406XA161;type1a;404,239,474,307;468,239,878,305,807,546,404,546;1;1;generator_v1;CC-BY-4.0;day,angle
images/synthetic/synth_01052.jpg;O943AE196;type1b;550,245,276,100;558,245,826,281,817,345,550,304;1;1;generator_v1;CC-BY-4.0;day,angle
images/synthetic/synth_01053.jpg;B962BA23;type1a;362,370,351,218;376,370,709,399,713,588,362,568;1;1;generator_v1;CC-BY-4.0;day,angle,dirt
images/synthetic/synth_01054.jpg;M161TP163;type1;434,174,408,154;446,174,842,244,825,328,434,257;1;1;generator_v1;CC-BY-4.0;day,angle,dirt
images/synthetic/synth_01055.jpg;M192BK152;type1a;632,104,185,146;640,104,817,142,815,250,632,218;1;1;generator_v1;CC-BY-4.0;day,angle,glare,dirt
images/synthetic/synth_01056.jpg;C177PB52;type1;111,384,341,88;111,384,441,389,452,464,120,472;1;1;generator_v1;CC-BY-4.0;day,angle
images/synthetic/synth_01057.jpg;H728MY96;type1;738,233,262,58;738,233,998,236,1000,291,739,291;1;1;generator_v1;CC-BY-4.0;day,angle
images/synthetic/synth_01058.jpg;H720EK161;type1;464,72,358,118;464,114,812,72,822,156,472,190;1;1;generator_v1;CC-BY-4.0;day,angle,dirt
images/synthetic/synth_01059.jpg;M256MX174;type1b;783,622,147,48;783,629,929,622,930,659,784,670;1;1;generator_v1;CC-BY-4.0;day,angle,dirt,motion_blur
images/synthetic/synth_01060.jpg;Y671CO761;type1a;646,139,474,335;681,139,1120,217,1105,474,646,425;1;1;generator_v1;CC-BY-4.0;day,angle,glare
images/synthetic/synth_01061.jpg;P509EA102;type1a;219,38,279,183;219,38,498,53,498,221,230,194;1;1;generator_v1;CC-BY-4.0;day,angle,glare
images/synthetic/synth_01062.jpg;X003AA98;type1b;227,276,171,45;228,279,398,276,397,321,227,320;1;1;generator_v1;CC-BY-4.0;day,angle,glare
images/synthetic/synth_01063.jpg;E851BB716;type1a;250,427,248,184;265,427,498,461,485,611,250,595;1;1;generator_v1;CC-BY-4.0;day,angle,motion_blur
images/synthetic/synth_01064.jpg;Y768EA96;type1;682,480,401,150;682,537,1072,480,1083,564,696,630;1;1;generator_v1;CC-BY-4.0;day,angle,motion_blur
images/synthetic/synth_01065.jpg;A587OA777;type1b;440,11,227,72;446,11,667,37,660,83,440,59;1;1;generator_v1;CC-BY-4.0;day,angle,dirt
images/synthetic/synth_01066.jpg;B590EA774;type1;616,452,379,139;621,452,995,494,986,591,616,535;1;1;generator_v1;CC-BY-4.0;day,angle
images/synthetic/synth_01067.jpg;B504HK163;type1a;86,167,309,230;86,212,385,167,395,338,108,397;1;1;generator_v1;CC-BY-4.0;day,angle
images/synthetic/synth_01068.jpg;E608OM90;type1a;573,213,268,176;573,213,838,221,841,382,575,389;1;1;generator_v1;CC-BY-4.0;day,angle
images/synthetic/synth_01069.jpg;H106MC97;type1a;711,378,223,122;711,386,919,378,934,500,732,500;1;1;generator_v1;CC-BY-4.0;day,angle,dirt,motion_blur
images/synthetic/synth_01070.jpg;Y783MC25;type1a;195,40,358,235;220,40,553,78,531,275,195,234;1;1;generator_v1;CC-BY-4.0;day,angle,glare
images/synthetic/synth_01071.jpg;K202OA199;type1b;780,540,393,129;780,540,1170,566,1173,669,791,625;1;1;generator_v1;CC-BY-4.0;day,angle
images/synthetic/synth_01072.jpg;E706TM02;type1b;454,266,277,97;454,298,723,266,731,325,462,363;1;1;generator_v1;CC-BY-4.0;day,angle,dirt
images/synthetic/synth_01073.jpg;A295YH77;type1;950,170,218,66;954,170,1168,192,1166,236,950,215;1;1;generator_v1;CC-BY-4.0;day,angle,dirt
images/synthetic/synth_01074.jpg;E422TT66;type1a;341,280,288,172;341,293,623,280,629,443,353,452;1;1;generator_v1;CC-BY-4.0;day,angle,motion_blur
images/synthetic/synth_01075.jpg;X177YE702;type1b;254,185,417,173;254,273,651,185,671,279,271,358;1;1;generator_v1;CC-BY-4.0;day,angle,glare
images/synthetic/synth_01076.jpg;E839XY52;type1b;627,608,297,72;627,608,921,613,924,679,628,680;1;1;generator_v1;CC-BY-4.0;day,angle
images/synthetic/synth_01077.jpg;T153PE150;type1;659,164,354,93;660,164,1013,177,1013,257,659,257;1;1;generator_v1;CC-BY-4.0;day,angle,glare
images/synthetic/synth_01078.jpg;B266OC716;type1b;510,343,322,82;510,343,832,352,831,425,511,411;1;1;generator_v1;CC-BY-4.0;day,angle,glare
images/synthetic/synth_01079.jpg;C644YX63;type1b;248,120,390,135;251,172,634,120,638,215,248,255;1;1;generator_v1;CC-BY-4.0;day,angle,glare
images/synthetic/synth_01080.jpg;C780MA152;type1a;920,234,179,107;920,240,1081,234,1099,341,941,338;1;1;generator_v1;CC-BY-4.0;day,angle
images/synthetic/synth_01081.jpg;A049XK777;type1a;201,158,286,181;208,158,487,168,479,339,201,320;1;1;generator_v1;CC-BY-4.0;day,angle
images/synthetic/synth_01082.jpg;E679YP90;type1;715,51,429,140;726,51,1144,103,1132,191,715,144;1;1;generator_v1;CC-BY-4.0;day,angle,glare,dirt,motion_blur
images/synthetic/synth_01083.jpg;B572PE23;type1b;559,81,251,60;565,81,810,86,801,140,559,141;1;1;generator_v1;CC-BY-4.0;day,angle,glare
images/synthetic/synth_01084.jpg;O031CP78;type1a;200,164,329,235;200,214,494,164,529,380,234,399;1;1;generator_v1;CC-BY-4.0;day,angle,glare
images/synthetic/synth_01085.jpg;Y778OX78;type1b;833,411,346,77;833,411,1179,415,1177,488,833,485;1;1;generator_v1;CC-BY-4.0;day,angle,glare,dirt
images/synthetic/synth_01086.jpg;B873CH177;type1a;479,168,474,309;505,168,953,219,926,477,479,440;1;1;generator_v1;CC-BY-4.0;day,angle
images/synthetic/synth_01087.jpg;O792YC93;type1b;341,598,304,88;341,622,640,598,645,662,347,686;1;1;generator_v1;CC-BY-4.0;day,angle,glare,dirt
images/synthetic/synth_01088.jpg;X819EH150;type1a;487,174,371,279;487,243,815,174,858,427,525,453;1;1;generator_v1;CC-BY-4.0;day,angle,glare,dirt
images/synthetic/synth_01089.jpg;E323HH196;type1b;140,147,369,134;140,196,487,147,509,220,160,281;1;1;generator_v1;CC-BY-4.0;day,angle,dirt
images/synthetic/synth_01090.jpg;B685XT93;type1a;196,190,168,122;196,190,359,200,364,311,201,312;1;1;generator_v1;CC-BY-4.0;day,angle,glare
images/synthetic/synth_01091.jpg;H507HO716;type1a;178,26,226,133;178,35,376,26,404,141,201,159;1;1;generator_v1;CC-BY-4.0;day,angle,glare,dirt
images/synthetic/synth_01092.jpg;X964CA154;type1b;717,54,277,73;717,56,994,54,993,116,717,127;1;1;generator_v1;CC-BY-4.0;day,angle
images/synthetic/synth_01093.jpg;P692CT99;type1b;398,290,199,57;409,290,597,299,587,347,398,334;1;1;generator_v1;CC-BY-4.0;day,angle
images/synthetic/synth_01094.jpg;P277XT178;type1a;304,365,497,299;304,386,769,365,801,632,312,664;1;1;generator_v1;CC-BY-4.0;day,angle,glare,dirt
images/synthetic/synth_01095.jpg;E928MK138;type1b;626,601,177,49;626,611,801,601,803,642,627,650;1;1;generator_v1;CC-BY-4.0;day,angle,glare,dirt
images/synthetic/synth_01096.jpg;A295YT23;type1;305,146,359,86;305,146,644,147,664,219,320,232;1;1;generator_v1;CC-BY-4.0;day,angle,dirt
images/synthetic/synth_01097.jpg;H503BT16;type1a;542,209,346,229;543,209,888,222,888,426,542,438;1;1;generator_v1;CC-BY-4.0;day,angle,glare
images/synthetic/synth_01098.jpg;A837YO196;type1a;202,212,478,314;227,212,680,271,638,526,202,470;1;1;generator_v1;CC-BY-4.0;day,angle,dirt
images/synthetic/synth_01099.jpg;K209PA78;type1b;233,193,368,145;238,193,601,252,601,338,233,299;1;1;generator_v1;CC-BY-4.0;day,angle,glare
images/synthetic/synth_01100.jpg;X392YC150;type1a;624,261,533,358;624,326,1083,261,1157,518,681,619;1;1;generator_v1;CC-BY-4.0;day,angle
images/synthetic/synth_01101.jpg;X063YP152;type1b;672,227,320,86;682,229,992,227,984,313,672,301;1;1;generator_v1;CC-BY-4.0;day,angle,glare
images/synthetic/synth_01102.jpg;Y452CT178;type1b;448,96,246,74;448,121,692,96,694,145,454,170;1;1;generator_v1;CC-BY-4.0;day,angle,glare,motion_blur
images/synthetic/synth_01103.jpg;B758XP790;type1a;582,334,329,215;630,334,911,395,856,549,582,506;1;1;generator_v1;CC-BY-4.0;day,angle
images/synthetic/synth_01104.jpg;B843KT96;type1a;965,268,209,142;982,268,1174,298,1159,410,965,381;1;1;generator_v1;CC-BY-4.0;day,angle,glare,dirt
images/synthetic/synth_01105.jpg;K311PX198;type1a;381,478,311,190;381,514,664,478,692,646,419,668;1;1;generator_v1;CC-BY-4.0;day,angle
images/synthetic/synth_01106.jpg;B050XK197;type1b;526,469,363,91;536,469,889,487,874,560,526,553;1;1;generator_v1;CC-BY-4.0;day,angle,glare
images/synthetic/synth_01107.jpg;Y543TP97;type1a;557,327,336,204;564,327,888,345,893,531,557,520;1;1;generator_v1;CC-BY-4.0;day,angle
images/synthetic/synth_01108.jpg;O898OA190;type1b;143,1,471,155;143,61,601,1,614,103,144,156;1;1;generator_v1;CC-BY-4.0;day,angle,glare,dirt,motion_blur
images/synthetic/synth_01109.jpg;K837EC77;type1a;277,109,500,337;339,109,777,183,734,446,277,358;1;1;generator_v1;CC-BY-4.0;day,angle
images/synthetic/synth_01110.jpg;H834MO150;type1b;148,562,296,117;148,610,437,562,444,625,158,679;1;1;generator_v1;CC-BY-4.0;day,angle,dirt
images/synthetic/synth_01111.jpg;O942XE98;type1;767,293,322,114;769,293,1087,335,1089,407,767,377;1;1;generator_v1;CC-BY-4.0;day,angle
images/synthetic/synth_01112.jpg;C189TH163;type1b;106,331,503,193;123,331,609,418,589,524,106,434;1;1;generator_v1;CC-BY-4.0;day,angle,glare
images/synthetic/synth_01113.jpg;M156OB196;type1b;848,128,238,105;859,128,1086,178,1077,233,848,191;1;1;generator_v1;CC-BY-4.0;day,angle,dirt
images/synthetic/synth_01114.jpg;P210HB54;type1b;610,465,389,108;610,467,977,465,999,548,629,573;1;1;generator_v1;CC-BY-4.0;day,angle
images/synthetic/synth_01115.jpg;A123TK138;type1b;519,508,479,124;524,508,998,533,990,632,519,617;1;1;generator_v1;CC-BY-4.0;day,angle
images/synthetic/synth_01116.jpg;Y184AY799;type1;759,422,409,158;759,492,1155,422,1168,505,776,580;1;1;generator_v1;CC-BY-4.0;day,angle,glare,dirt,motion_blur
images/synthetic/synth_01117.jpg;P627OB716;type1b;317,149,469,139;319,195,775,149,786,247,317,288;1;1;generator_v1;CC-BY-4.0;day,angle,glare
images/synthetic/synth_01118.jpg;M193BH99;type1b;165,512,327,89;165,512,488,529,492,601,166,597;1;1;generator_v1;CC-BY-4.0;day,angle,glare
images/synthetic/synth_01119.jpg;H649TE02;type1;306,503,483,169;306,569,789,503,788,599,320,672;1;1;generator_v1;CC-BY-4.0;day,angle,motion_blur
images/synthetic/synth_01120.jpg;Y773KC97;type1;609,267,213,46;610,267,822,269,821,313,609,312;1;1;generator_v1;CC-BY-4.0;day,angle
images/synthetic/synth_01121.jpg;A061AP152;type1a;260,96,394,240;260,98,645,96,654,336,287,311;1;1;generator_v1;CC-BY-4.0;day,angle
images/synthetic/synth_01122.jpg;T975OT78;type1a;550,305,453,287;556,318,1003,305,1001,592,550,576;1;1;generator_v1;CC-BY-4.0;day,angle
images/synthetic/synth_01123.jpg;H368KM178;type1;214,90,299,119;235,90,513,150,491,209,214,159;1;1;generator_v1;CC-BY-4.0;day,angle,glare,motion_blur
images/synthetic/synth_01124.jpg;O531EO25;type1a;291,313,513,291;291,338,804,313,802,589,330,604;1;1;generator_v1;CC-BY-4.0;day,angle,dirt
images/synthetic/synth_01125.jpg;B754AO190;type1a;417,101,354,236;417,146,747,101,771,299,425,337;1;1;generator_v1;CC-BY-4.0;day,angle,glare
images/synthetic/synth_01126.jpg;Y105YH199;type1b;361,575,396,144;361,628,747,575,757,662,376,719;1;1;generator_v1;CC-BY-4.0;day,angle
images/synthetic/synth_01127.jpg;C280CK198;type1a;525,229,329,217;570,229,854,270,806,446,525,437;1;1;generator_v1;CC-BY-4.0;day,angle
images/synthetic/synth_01128.jpg;T406HC702;type1a;660,181,333,237;660,246,962,181,993,358,674,418;1;1;generator_v1;CC-BY-4.0;day,angle,dirt
images/synthetic/synth_01129.jpg;K496XK61;type1b;147,68,226,83;155,68,373,99,365,151,147,117;1;1;generator_v1;CC-BY-4.0;day,angle,glare
images/synthetic/synth_01130.jpg;E368AK774;type1b;842,526,282,87;842,555,1114,526,1124,590,854,613;1;1;generator_v1;CC-BY-4.0;day,angle,motion_blur
images/synthetic/synth_01131.jpg;B795HT93;type1b;368,226,493,140;373,226,861,268,846,366,368,328;1;1;generator_v1;CC-BY-4.0;day,angle,motion_blur
images/synthetic/synth_01132.jpg;X044BX78;type1;164,624,180,55;164,641,341,624,344,663,167,679;1;1;generator_v1;CC-BY-4.0;day,angle
images/synthetic/synth_01133.jpg;Y935OH196;type1b;190,358,314,70;190,362,503,358,504,428,192,428;1;1;generator_v1;CC-BY-4.0;day,angle,glare,dirt
images/synthetic/synth_01134.jpg;H770AX23;type1b;415,580,349,79;421,585,764,580,762,659,415,658;1;1;generator_v1;CC-BY-4.0;day,angle,glare,dirt
images/synthetic/synth_01135.jpg;H686TX152;type1b;398,351,413,142;408,351,811,401,799,493,398,435;1;1;generator_v1;CC-BY-4.0;day,angle,dirt
images/synthetic/synth_01136.jpg;T519MP174;type1b;198,363,418,101;198,376,611,363,616,451,198,464;1;1;generator_v1;CC-BY-4.0;day,angle,glare
images/synthetic/synth_01137.jpg;O219CK150;type1a;151,378,378,216;151,378,498,394,529,590,162,594;1;1;generator_v1;CC-BY-4.0;day,angle,dirt
images/synthetic/synth_01138.jpg;O982OK174;type1b;531,361,443,108;531,361,968,363,974,469,546,450;1;1;generator_v1;CC-BY-4.0;day,angle,dirt
images/synthetic/synth_01139.jpg;H830XB797;type1a;692,112,425,310;692,195,1075,112,1117,361,720,422;1;1;generator_v1;CC-BY-4.0;day,angle,dirt
images/synthetic/synth_01140.jpg;E688CA150;type1a;718,366,427,278;718,396,1135,366,1145,644,728,639;1;1;generator_v1;CC-BY-4.0;day,angle
images/synthetic/synth_01141.jpg;B377OK761;type1a;376,20,214,180;398,20,590,66,572,200,376,171;1;1;generator_v1;CC-BY-4.0;day,angle,glare,motion_blur
images/synthetic/synth_01142.jpg;O639KY74;type1a;257,204,230,146;257,222,479,204,487,335,259,350;1;1;generator_v1;CC-BY-4.0;day,angle
images/synthetic/synth_01143.jpg;P352YP774;type1a;578,53,457,323;635,53,1035,114,980,376,578,283;1;1;generator_v1;CC-BY-4.0;day,angle,dirt
images/synthetic/synth_01144.jpg;P898AH77;type1a;131,343,324,209;131,360,423,343,455,516,158,552;1;1;generator_v1;CC-BY-4.0;day,angle
images/synthetic/synth_01145.jpg;M168PC702;type1;792,422,268,87;802,449,1060,422,1053,491,792,509;1;1;generator_v1;CC-BY-4.0;day,angle,glare,motion_blur
images/synthetic/synth_01146.jpg;Y946AO797;type1b;161,70,230,56;163,70,391,77,389,126,161,119;1;1;generator_v1;CC-BY-4.0;day,angle
images/synthetic/synth_01147.jpg;H576XT99;type1a;374,354,492,297;374,365,866,354,862,628,388,651;1;1;generator_v1;CC-BY-4.0;day,angle
images/synthetic/synth_01148.jpg;P728EP50;type1b;901,479,199,62;907,479,1100,502,1093,541,901,520;1;1;generator_v1;CC-BY-4.0;day,angle
images/synthetic/synth_01149.jpg;E918BM763;type1b;169,555,421,135;169,604,575,555,590,655,186,690;1;1;generator_v1;CC-BY-4.0;day,angle,dirt
images/synthetic/synth_01150.jpg;P662BT790;type1a;144,83,443,295;148,83,587,113,564,378,144,327;1;1;generator_v1;CC-BY-4.0;day,angle
images/synthetic/synth_01151.jpg;T268BA797;type1;802,489,318,69;802,489,1120,489,1119,556,802,558;1;1;generator_v1;CC-BY-4.0;day,angle,glare
images/synthetic/synth_01152.jpg;X514AP193;type1b;207,545,316,75;215,557,523,545,520,614,207,620;1;1;generator_v1;CC-BY-4.0;day,angle
images/synthetic/synth_01153.jpg;M761EO763;type1a;439,256,507,365;439,359,890,256,946,543,484,621;1;1;generator_v1;CC-BY-4.0;day,angle,glare
images/synthetic/synth_01154.jpg;M107XH97;type1a;520,340,318,189;520,355,804,340,838,501,544,529;1;1;generator_v1;CC-BY-4.0;day,angle,glare
images/synthetic/synth_01155.jpg;A259TH150;type1b;374,235,259,107;374,285,626,235,633,289,383,342;1;1;generator_v1;CC-BY-4.0;day,angle
images/synthetic/synth_01156.jpg;X870EY790;type1a;150,142,449,300;235,142,599,190,521,442,150,349;1;1;generator_v1;CC-BY-4.0;day,angle
images/synthetic/synth_01157.jpg;A466XB102;type1;210,423,468,112;210,423,666,434,678,529,214,535;1;1;generator_v1;CC-BY-4.0;day,angle,dirt
images/synthetic/synth_01158.jpg;H130CB197;type1b;143,526,397,152;159,526,540,597,526,678,143,616;1;1;generator_v1;CC-BY-4.0;day,angle,glare
images/synthetic/synth_01159.jpg;T262TT96;type1a;602,255,217,137;610,255,819,268,810,392,602,387;1;1;generator_v1;CC-BY-4.0;day,angle
images/synthetic/synth_01160.jpg;A989CC90;type1b;225,617,193,66;225,631,412,617,418,663,232,683;1;1;generator_v1;CC-BY-4.0;day,angle,motion_blur
images/synthetic/synth_01161.jpg;E423TP74;type1a;139,327,276,179;140,327,406,352,415,506,139,492;1;1;generator_v1;CC-BY-4.0;day,angle,glare,dirt
images/synthetic/synth_01162.jpg;X053OO716;type1b;1011,109,179,39;1011,111,1184,109,1190,145,1015,148;1;1;generator_v1;CC-BY-4.0;day,angle
images/synthetic/synth_01163.jpg;T800TH797;type1b;167,264,243,74;167,286,410,264,409,313,170,338;1;1;generator_v1;CC-BY-4.0;day,angle
images/synthetic/synth_01164.jpg;B149MK63;type1a;468,152,314,238;468,184,782,152,777,335,478,390;1;1;generator_v1;CC-BY-4.0;day,angle,glare
images/synthetic/synth_01165.jpg;O888TO74;type1b;714,164,433,141;714,213,1132,164,1147,277,729,305;1;1;generator_v1;CC-BY-4.0;day,angle
images/synthetic/synth_01166.jpg;M637XP138;type1;370,241,372,141;389,241,742,314,718,382,370,317;1;1;generator_v1;CC-BY-4.0;day,angle
images/synthetic/synth_01167.jpg;K619PY116;type1a;659,318,380,216;659,318,1039,329,1023,534,663,524;1;1;generator_v1;CC-BY-4.0;day,angle,glare
images/synthetic/synth_01168.jpg;X918XC16;type1b;619,29,439,110;619,43,1050,29,1058,139,633,134;1;1;generator_v1;CC-BY-4.0;day,angle
images/synthetic/synth_01169.jpg;H245CY799;type1a;69,394,431,295;107,394,500,475,445,689,69,615;1;1;generator_v1;CC-BY-4.0;day,angle,dirt
images/synthetic/synth_01170.jpg;O083HE16;type1b;280,273,311,118;293,273,591,332,574,391,280,336;1;1;generator_v1;CC-BY-4.0;day,angle
images/synthetic/synth_01171.jpg;E690KA790;type1b;431,115,324,131;445,115,755,180,742,246,431,185;1;1;generator_v1;CC-BY-4.0;day,angle,motion_blur
images/synthetic/synth_01172.jpg;P609XK99;type1b;218,24,322,120;236,24,540,81,520,144,218,96;1;1;generator_v1;CC-BY-4.0;day,angle
images/synthetic/synth_01173.jpg;B739KY99;type1a;101,118,315,219;134,118,416,177,380,337,101,283;1;1;generator_v1;CC-BY-4.0;day,angle,glare,dirt
images/synthetic/synth_01174.jpg;X485MY163;type1b;409,121,314,126;428,121,723,184,702,247,409,192;1;1;generator_v1;CC-BY-4.0;day,angle,glare
images/synthetic/synth_01175.jpg;A646YT154;type1a;892,491,203,123;892,491,1095,503,1091,614,894,600;1;1;generator_v1;CC-BY-4.0;day,angle
images/synthetic/synth_01176.jpg;K536PK38;type1b;460,539,222,78;460,559,682,539,680,591,460,617;1;1;generator_v1;CC-BY-4.0;day,angle,glare,dirt
images/synthetic/synth_01177.jpg;T296AM99;type1a;714,82,419,303;714,115,1081,82,1133,305,769,385;1;1;generator_v1;CC-BY-4.0;day,angle,glare,dirt
images/synthetic/synth_01178.jpg;A746BA77;type1a;670,263,527,322;744,263,1197,296,1151,585,670,511;1;1;generator_v1;CC-BY-4.0;day,angle,glare,dirt
images/synthetic/synth_01179.jpg;H501PM52;type1;256,455,179,47;259,455,435,461,432,502,256,494;1;1;generator_v1;CC-BY-4.0;day,angle,glare,dirt
images/synthetic/synth_01180.jpg;Y797BK50;type1b;694,159,424,102;694,166,1118,159,1112,246,695,261;1;1;generator_v1;CC-BY-4.0;day,angle
images/synthetic/synth_01181.jpg;B507XC161;type1;145,0,446,162;145,69,571,0,591,95,162,162;1;1;generator_v1;CC-BY-4.0;day,angle,glare
images/synthetic/synth_01182.jpg;C348MC99;type1b;1012,504,215,80;1012,540,1219,504,1227,548,1020,584;1;1;generator_v1;CC-BY-4.0;day,angle
images/synthetic/synth_01183.jpg;E053CO190;type1b;640,180,498,111;646,180,1135,187,1138,291,640,283;1;1;generator_v1;CC-BY-4.0;day,angle
images/synthetic/synth_01184.jpg;X459YM54;type1;685,399,404,162;698,399,1089,471,1072,561,685,482;1;1;generator_v1;CC-BY-4.0;day,angle,glare,dirt,motion_blur
images/synthetic/synth_01185.jpg;X219OH54;type1;794,230,306,94;810,230,1100,250,1085,324,794,293;1;1;generator_v1;CC-BY-4.0;day,angle,dirt
images/synthetic/synth_01186.jpg;O814OT16;type1a;398,199,294,176;413,199,692,211,686,375,398,360;1;1;generator_v1;CC-BY-4.0;day,angle,motion_blur
images/synthetic/synth_01187.jpg;K491YP54;type1b;431,426,180,44;431,433,603,426,611,466,440,470;1;1;generator_v1;CC-BY-4.0;day,angle
images/synthetic/synth_01188.jpg;A306XE777;type1;615,6,197,82;615,44,801,6,812,54,625,88;1;1;generator_v1;CC-BY-4.0;day,angle,dirt
images/synthetic/synth_01189.jpg;Y450BE102;type1b;273,239,379,114;289,239,652,273,634,353,273,336;1;1;generator_v1;CC-BY-4.0;day,angle,glare
images/synthetic/synth_01190.jpg;M509BB797;type1b;490,328,372,109;498,328,862,358,855,437,490,406;1;1;generator_v1;CC-BY-4.0;day,angle
images/synthetic/synth_01191.jpg;K227PT702;type1b;298,403,375,117;298,451,661,403,673,480,318,520;1;1;generator_v1;CC-BY-4.0;day,angle
images/synthetic/synth_01192.jpg;B519PO193;type1a;835,218,318,274;835,257,1130,218,1153,413,868,492;1;1;generator_v1;CC-BY-4.0;day,angle,glare,dirt
images/synthetic/synth_01193.jpg;M838HK23;type1b;603,360,262,86;603,389,862,360,865,423,603,446;1;1;generator_v1;CC-BY-4.0;day,angle,motion_blur
images/synthetic/synth_01194.jpg;H253PA150;type1a;309,305,234,153;309,337,519,305,543,424,327,458;1;1;generator_v1;CC-BY-4.0;day,angle,glare
images/synthetic/synth_01195.jpg;E998BO52;type1a;402,80,518,364;402,182,856,80,920,349,428,444;1;1;generator_v1;CC-BY-4.0;day,angle,glare
images/synthetic/synth_01196.jpg;P355TH125;type1;308,358,383,108;308,358,691,386,686,466,313,434;1;1;generator_v1;CC-BY-4.0;day,angle,glare,dirt,motion_blur
images/synthetic/synth_01197.jpg;M277TY154;type1;250,438,428,160;272,438,678,491,656,598,250,526;1;1;generator_v1;CC-BY-4.0;day,angle
images/synthetic/synth_01198.jpg;C676HX199;type1a;444,370,268,189;444,420,682,370,712,516,473,559;1;1;generator_v1;CC-BY-4.0;day,angle
images/synthetic/synth_01199.jpg;H171HP77;type1b;898,441,217,78;904,441,1115,475,1108,519,898,485;1;1;generator_v1;CC-BY-4.0;day,angle,dirt
images/synthetic/synth_01200.jpg;K267CO99;type1b;95,241,215,81;95,277,302,241,310,285,103,322;1;1;generator_v1;CC-BY-4.0;day,angle
images/synthetic/synth_01201.jpg;P448YK761;type1a;381,138,301,185;390,138,682,153,677,323,381,311;1;1;generator_v1;CC-BY-4.0;day,angle,glare
images/synthetic/synth_01202.jpg;A967MK102;type1a;389,312,441,277;438,312,830,384,763,589,389,546;1;1;generator_v1;CC-BY-4.0;day,angle,dirt
images/synthetic/synth_01203.jpg;K913XO154;type1b;517,114,437,174;540,114,954,180,931,288,517,204;1;1;generator_v1;CC-BY-4.0;day,angle
images/synthetic/synth_01204.jpg;O798KO77;type1;474,395,361,128;479,395,835,439,834,523,474,496;1;1;generator_v1;CC-BY-4.0;day,angle
images/synthetic/synth_01205.jpg;O500KP702;type1a;566,396,274,183;581,396,840,429,834,579,566,551;1;1;generator_v1;CC-BY-4.0;day,angle,dirt
images/synthetic/synth_01206.jpg;E558KT174;type1b;998,588,209,67;998,605,1201,588,1207,645,1004,655;1;1;generator_v1;CC-BY-4.0;day,angle
images/synthetic/synth_01207.jpg;E733AA96;type1b;424,442,181,51;426,449,605,442,603,483,424,493;1;1;generator_v1;CC-BY-4.0;day,angle,glare
images/synthetic/synth_01208.jpg;B475HX99;type1b;288,195,329,92;290,195,617,218,612,287,288,264;1;1;generator_v1;CC-BY-4.0;day,angle
images/synthetic/synth_01209.jpg;K911MH97;type1a;464,254,297,223;496,254,761,309,734,477,464,443;1;1;generator_v1;CC-BY-4.0;day,angle,dirt,motion_blur
images/synthetic/synth_01210.jpg;A848TB23;type1b;649,49,262,54;649,50,911,49,906,101,649,103;1;1;generator_v1;CC-BY-4.0;day,angle,dirt
images/synthetic/synth_01211.jpg;T272KP177;type1;384,257,475,193;398,257,859,351,836,450,384,353;1;1;generator_v1;CC-BY-4.0;day,angle,dirt
images/synthetic/synth_01212.jpg;O886YP197;type1b;809,128,262,93;809,162,1071,128,1071,183,813,221;1;1;generator_v1;CC-BY-4.0;day,angle,glare
images/synthetic/synth_01213.jpg;Y214TO50;type1;758,93,260,86;758,126,1007,93,1018,144,767,179;1;1;generator_v1;CC-BY-4.0;day,angle,motion_blur
images/synthetic/synth_01214.jpg;M602TM797;type1;215,43,239,78;223,43,454,73,443,121,215,93;1;1;generator_v1;CC-BY-4.0;day,angle,glare
images/synthetic/synth_01215.jpg;H698AM790;type1b;337,141,379,123;350,141,716,189,701,264,337,225;1;1;generator_v1;CC-BY-4.0;day,angle,glare,dirt
images/synthetic/synth_01216.jpg;K693HA761;type1a;440,167,332,203;440,167,772,177,765,370,446,351;1;1;generator_v1;CC-BY-4.0;day,angle
images/synthetic/synth_01217.jpg;X822PT196;type1;635,493,388,157;635,571,1006,493,1023,577,651,650;1;1;generator_v1;CC-BY-4.0;day,angle,glare
images/synthetic/synth_01218.jpg;K606KE154;type1;597,39,434,182;597,131,1012,39,1031,144,610,221;1;1;generator_v1;CC-BY-4.0;day,angle,dirt
images/synthetic/synth_01219.jpg;T068KA774;type1b;707,346,450,115;723,346,1157,356,1148,461,707,437;1;1;generator_v1;CC-BY-4.0;day,angle,dirt
images/synthetic/synth_01220.jpg;P827AT178;type1b;448,57,369,104;448,58,817,57,815,142,448,161;1;1;generator_v1;CC-BY-4.0;day,angle,dirt
images/synthetic/synth_01221.jpg;E058HE196;type1a;838,254,216,172;838,267,1049,254,1054,394,846,426;1;1;generator_v1;CC-BY-4.0;day,angle,dirt
images/synthetic/synth_01222.jpg;C272YO02;type1b;239,179,298,116;239,239,522,179,537,239,257,295;1;1;generator_v1;CC-BY-4.0;day,angle,glare,motion_blur
images/synthetic/synth_01223.jpg;M663PX177;type1b;557,534,359,135;571,534,916,602,895,669,557,606;1;1;generator_v1;CC-BY-4.0;day,angle
images/synthetic/synth_01224.jpg;H765KP63;type1a;795,353,409,280;822,353,1204,399,1172,633,795,573;1;1;generator_v1;CC-BY-4.0;day,angle
images/synthetic/synth_01225.jpg;O676PK74;type1b;518,237,391,121;518,237,909,274,902,358,520,316;1;1;generator_v1;CC-BY-4.0;day,angle,dirt
images/synthetic/synth_01226.jpg;P007OY50;type1b;204,91,395,102;209,91,599,111,597,193,204,177;1;1;generator_v1;CC-BY-4.0;day,angle,dirt
images/synthetic/synth_01227.jpg;Y382AB23;type1b;480,503,380,137;495,503,860,566,840,640,480,584;1;1;generator_v1;CC-BY-4.0;day,angle,glare
images/synthetic/synth_01228.jpg;T292KA66;type1a;559,340,434,291;559,340,967,379,993,623,568,631;1;1;generator_v1;CC-BY-4.0;day,angle
images/synthetic/synth_01229.jpg;E705PE63;type1b;560,240,422,136;576,240,982,282,969,376,560,324;1;1;generator_v1;CC-BY-4.0;day,angle,dirt
images/synthetic/synth_01230.jpg;O852KP154;type1a;977,157,249,154;991,157,1226,175,1209,311,977,302;1;1;generator_v1;CC-BY-4.0;day,angle
images/synthetic/synth_01231.jpg;X771PE193;type1b;428,595,337,88;433,595,765,605,762,683,428,666;1;1;generator_v1;CC-BY-4.0;day,angle,glare
images/synthetic/synth_01232.jpg;M318BY123;type1b;387,321,225,86;391,321,612,357,610,407,387,375;1;1;generator_v1;CC-BY-4.0;day,angle,glare
images/synthetic/synth_01233.jpg;C871AM63;type1a;114,416,202,139;114,416,314,426,316,553,114,555;1;1;generator_v1;CC-BY-4.0;day,angle
images/synthetic/synth_01234.jpg;K944XX161;type1b;671,109,184,51;673,109,855,121,854,160,671,149;1;1;generator_v1;CC-BY-4.0;day,angle,motion_blur
images/synthetic/synth_01235.jpg;X620PP198;type1;686,229,490,176;686,306,1148,229,1176,320,702,405;1;1;generator_v1;CC-BY-4.0;day,angle,glare,dirt
images/synthetic/synth_01236.jpg;H512HY174;type1b;415,39,373,150;415,91,782,39,788,122,426,189;1;1;generator_v1;CC-BY-4.0;day,angle,glare,dirt
images/synthetic/synth_01237.jpg;E056EY97;type1a;782,228,373,254;782,289,1120,228,1155,426,795,482;1;1;generator_v1;CC-BY-4.0;day,angle,glare,motion_blur
images/synthetic/synth_01238.jpg;A044PC98;type1b;660,498,333,124;660,556,984,498,993,564,675,622;1;1;generator_v1;CC-BY-4.0;day,angle,glare,dirt
images/synthetic/synth_01239.jpg;K114OY150;type1a;613,381,359,246;613,450,929,381,972,575,661,627;1;1;generator_v1;CC-BY-4.0;day,angle,glare,dirt,motion_blur
images/synthetic/synth_01240.jpg;Y062TY750;type1b;670,19,384,140;672,19,1054,77,1043,159,670,96;1;1;generator_v1;CC-BY-4.0;day,angle
images/synthetic/synth_01241.jpg;B061HO96;type1a;412,235,299,201;412,256,681,235,711,396,441,436;1;1;generator_v1;CC-BY-4.0;day,angle,glare,dirt
images/synthetic/synth_01242.jpg;A269XM763;type1a;561,235,354,213;569,235,915,264,889,448,561,422;1;1;generator_v1;CC-BY-4.0;day,angle,glare
images/synthetic/synth_01243.jpg;T010ME177;type1b;345,358,261,110;345,412,598,358,606,418,349,468;1;1;generator_v1;CC-BY-4.0;day,angle,motion_blur
images/synthetic/synth_01244.jpg;P674PC197;type1b;75,579,325,130;75,637,393,579,400,646,86,709;1;1;generator_v1;CC-BY-4.0;day,angle,glare,motion_blur
images/synthetic/synth_01245.jpg;P265OB193;type1a;747,43,277,195;757,83,1022,43,1024,212,747,238;1;1;generator_v1;CC-BY-4.0;day,angle,glare
images/synthetic/synth_01246.jpg;O169HC116;type1a;701,517,241,150;703,517,942,530,934,667,701,651;1;1;generator_v1;CC-BY-4.0;day,angle,dirt
images/synthetic/synth_01247.jpg;B777ME98;type1a;394,404,259,196;396,428,653,404,641,557,394,600;1;1;generator_v1;CC-BY-4.0;day,angle,motion_blur
images/synthetic/synth_01248.jpg;X818PO716;type1;621,585,312,98;628,585,933,618,926,683,621,655;1;1;generator_v1;CC-BY-4.0;day,angle,motion_blur
images/synthetic/synth_01249.jpg;T635XK63;type1;760,166,229,71;774,166,989,181,975,237,760,215;1;1;generator_v1;CC-BY-4.0;day,angle,dirt
images/synthetic/synth_01250.jpg;C546XX96;type1;545,612,273,63;545,613,816,612,818,675,548,672;1;1;generator_v1;CC-BY-4.0;day,angle,glare,dirt
images/synthetic/synth_01251.jpg;C246TB63;type1a;356,12,453,307;405,12,809,93,752,319,356,267;1;1;generator_v1;CC-BY-4.0;day,angle,dirt
images/synthetic/synth_01252.jpg;Y413TE16;type1;447,429,417,105;461,429,864,450,844,534,447,530;1;1;generator_v1;CC-BY-4.0;day,angle,dirt
images/synthetic/synth_01253.jpg;P216KK750;type1a;897,25,249,146;916,25,1146,43,1121,171,897,163;1;1;generator_v1;CC-BY-4.0;day,angle,glare
images/synthetic/synth_01254.jpg;H908BE178;type1a;324,204,246,164;341,204,570,235,551,368,324,336;1;1;generator_v1;CC-BY-4.0;day,angle,glare
images/synthetic/synth_01255.jpg;T550AC193;type1;464,27,473,137;482,27,937,67,930,164,464,118;1;1;generator_v1;CC-BY-4.0;day,angle
images/synthetic/synth_01256.jpg;P408MK77;type1;670,505,455,160;670,573,1106,505,1125,595,679,665;1;1;generator_v1;CC-BY-4.0;day,angle,glare,dirt,motion_blur
images/synthetic/synth_01257.jpg;K187EK161;type1b;222,431,380,130;233,431,602,484,598,561,222,511;1;1;generator_v1;CC-BY-4.0;day,angle,glare
images/synthetic/synth_01258.jpg;B783BK02;type1a;155,168,451,268;178,168,606,201,565,436,155,435;1;1;generator_v1;CC-BY-4.0;day,angle
images/synthetic/synth_01259.jpg;A028XB90;type1a;519,222,390,228;524,222,909,247,881,450,519,432;1;1;generator_v1;CC-BY-4.0;day,angle,glare,motion_blur
images/synthetic/synth_01260.jpg;O725AC163;type1a;733,240,468,306;778,240,1201,316,1142,546,733,497;1;1;generator_v1;CC-BY-4.0;day,angle,glare,motion_blur
images/synthetic/synth_01261.jpg;P502CM93;type1a;842,449,344,205;842,449,1186,468,1170,654,844,633;1;1;generator_v1;CC-BY-4.0;day,angle,glare
images/synthetic/synth_01262.jpg;B840KO61;type1a;874,370,336,240;879,425,1197,370,1210,573,874,610;1;1;generator_v1;CC-BY-4.0;day,angle,glare
images/synthetic/synth_01263.jpg;O781XK797;type1b;618,347,363,132;630,347,981,401,969,479,618,421;1;1;generator_v1;CC-BY-4.0;day,angle,glare
images/synthetic/synth_01264.jpg;A886CE98;type1a;756,367,190,114;756,373,921,367,946,481,783,477;1;1;generator_v1;CC-BY-4.0;day,angle
images/synthetic/synth_01265.jpg;K592KX25;type1;186,295,263,97;186,337,434,295,449,358,201,392;1;1;generator_v1;CC-BY-4.0;day,angle,glare,dirt
images/synthetic/synth_01266.jpg;E280CY790;type1a;565,86,445,306;608,86,1010,147,963,392,565,391;1;1;generator_v1;CC-BY-4.0;day,angle,motion_blur
images/synthetic/synth_01267.jpg;H278XO750;type1a;210,87,282,183;256,87,492,113,449,270,210,226;1;1;generator_v1;CC-BY-4.0;day,angle,dirt
images/synthetic/synth_01268.jpg;M451OC774;type1a;387,489,229,154;387,511,601,489,616,634,403,643;1;1;generator_v1;CC-BY-4.0;day,angle,glare,motion_blur
images/synthetic/synth_01269.jpg;T524PB25;type1;795,646,274,66;795,650,1066,646,1069,704,797,712;1;1;generator_v1;CC-BY-4.0;day,angle,glare
images/synthetic/synth_01270.jpg;E766BB774;type1a;264,179,517,353;264,263,709,179,781,429,316,532;1;1;generator_v1;CC-BY-4.0;day,angle,motion_blur
images/synthetic/synth_01271.jpg;P840CE777;type1;88,55,376,103;88,80,456,55,464,133,90,158;1;1;generator_v1;CC-BY-4.0;day,angle,glare,dirt
images/synthetic/synth_01272.jpg;C097BX774;type1a;433,265,417,268;433,327,814,265,850,489,484,533;1;1;generator_v1;CC-BY-4.0;day,angle,dirt
images/synthetic/synth_01273.jpg;O857OH178;type1a;439,365,474,293;453,365,913,399,888,658,439,637;1;1;generator_v1;CC-BY-4.0;day,angle
images/synthetic/synth_01274.jpg;P684CC74;type1b;603,212,403,119;603,212,997,248,1006,331,604,307;1;1;generator_v1;CC-BY-4.0;day,angle
images/synthetic/synth_01275.jpg;K093HE123;type1b;356,221,255,66;356,234,604,221,611,272,360,287;1;1;generator_v1;CC-BY-4.0;day,angle,dirt
images/synthetic/synth_01276.jpg;P812CB90;type1b;258,433,291,116;258,487,531,433,549,489,275,549;1;1;generator_v1;CC-BY-4.0;day,angle,dirt
images/synthetic/synth_01277.jpg;O057TO154;type1b;357,524,301,88;357,545,647,524,658,603,369,612;1;1;generator_v1;CC-BY-4.0;day,angle,glare,dirt
images/synthetic/synth_01278.jpg;Y846OT750;type1b;676,220,212,75;681,220,888,250,882,295,676,264;1;1;generator_v1;CC-BY-4.0;day,angle,glare,dirt
images/synthetic/synth_01279.jpg;T638XK178;type1a;617,115,178,138;623,123,795,115,786,232,617,253;1;1;generator_v1;CC-BY-4.0;day,angle
images/synthetic/synth_01280.jpg;B628HE763;type1a;533,538,239,150;533,562,748,538,772,676,560,688;1;1;generator_v1;CC-BY-4.0;day,angle,dirt
images/synthetic/synth_01281.jpg;M888MB198;type1b;518,546,291,99;518,585,801,546,809,607,523,645;1;1;generator_v1;CC-BY-4.0;day,angle,motion_blur
images/synthetic/synth_01282.jpg;H313MH196;type1b;1021,384,197,52;1027,384,1218,396,1210,436,1021,427;1;1;generator_v1;CC-BY-4.0;day,angle,dirt
images/synthetic/synth_01283.jpg;X124BE97;type1b;822,568,166,58;824,586,988,568,984,605,822,626;1;1;generator_v1;CC-BY-4.0;day,angle,glare
images/synthetic/synth_01284.jpg;E090MB99;type1b;397,285,445,184;418,285,842,361,819,469,397,375;1;1;generator_v1;CC-BY-4.0;day,angle,glare
images/synthetic/synth_01285.jpg;X723XY750;type1a;624,179,332,209;624,204,937,179,956,362,635,388;1;1;generator_v1;CC-BY-4.0;day,angle
images/synthetic/synth_01286.jpg;A374OX50;type1a;657,265,373,246;679,265,1030,307,1010,511,657,480;1;1;generator_v1;CC-BY-4.0;day,angle
images/synthetic/synth_01287.jpg;Y055BX174;type1;682,15,221,77;695,15,903,48,893,92,682,56;1;1;generator_v1;CC-BY-4.0;day,angle
images/synthetic/synth_01288.jpg;H684MK78;type1b;481,96,343,78;481,96,813,106,824,174,487,173;1;1;generator_v1;CC-BY-4.0;day,angle,dirt
images/synthetic/synth_01289.jpg;C769ME23;type1a;517,180,386,266;565,180,903,245,866,446,517,374;1;1;generator_v1;CC-BY-4.0;day,angle,glare,dirt
images/synthetic/synth_01290.jpg;C946OH161;type1a;564,82,407,325;564,175,939,82,971,352,575,407;1;1;generator_v1;CC-BY-4.0;day,angle
images/synthetic/synth_01291.jpg;T343BB716;type1b;126,510,498,126;126,533,615,510,624,614,126,636;1;1;generator_v1;CC-BY-4.0;day,angle
images/synthetic/synth_01292.jpg;M466PC102;type1b;543,416,431,170;563,416,974,499,959,586,543,503;1;1;generator_v1;CC-BY-4.0;day,angle
images/synthetic/synth_01293.jpg;H088EO50;type1;473,166,187,53;474,180,659,166,660,207,473,219;1;1;generator_v1;CC-BY-4.0;day,angle
images/synthetic/synth_01294.jpg;Y820BH152;type1b;912,305,309,98;925,305,1221,338,1211,403,912,365;1;1;generator_v1;CC-BY-4.0;day,angle,dirt,motion_blur
images/synthetic/synth_01295.jpg;A077CM02;type1a;626,272,333,209;626,295,947,272,959,458,641,481;1;1;generator_v1;CC-BY-4.0;day,angle
images/synthetic/synth_01296.jpg;X004AA98;type1a;428,64,171,142;428,92,588,64,599,189,437,206;1;1;generator_v1;CC-BY-4.0;day,angle,glare,dirt
images/synthetic/synth_01297.jpg;B711KA77;type1b;243,245,381,97;243,267,608,245,624,333,265,342;1;1;generator_v1;CC-BY-4.0;day,angle
images/synthetic/synth_01298.jpg;A691OX123;type1b;594,488,288,73;594,488,880,498,882,561,594,557;1;1;generator_v1;CC-BY-4.0;day,angle,glare
images/synthetic/synth_01299.jpg;A674EA23;type1a;282,124,487,327;350,124,769,164,710,451,282,364;1;1;generator_v1;CC-BY-4.0;day,angle,glare,dirt
images/synthetic/synth_01300.jpg;E992YK125;type1b;200,487,491,104;200,490,690,487,691,591,216,584;1;1;generator_v1;CC-BY-4.0;day,angle
images/synthetic/synth_01301.jpg;Y706BP154;type1b;774,204,317,123;779,204,1091,259,1081,327,774,268;1;1;generator_v1;CC-BY-4.0;day,angle
images/synthetic/synth_01302.jpg;Y019OB54;type1;150,505,488,186;161,505,638,593,616,691,150,603;1;1;generator_v1;CC-BY-4.0;day,angle
images/synthetic/synth_01303.jpg;P275PC54;type1a;173,334,326,219;173,367,487,334,499,536,179,553;1;1;generator_v1;CC-BY-4.0;day,angle,dirt
images/synthetic/synth_01304.jpg;P914CO196;type1;303,286,435,155;303,334,732,286,738,379,314,441;1;1;generator_v1;CC-BY-4.0;day,angle,glare,dirt
images/synthetic/synth_01305.jpg;K920OA763;type1b;589,157,477,133;589,199,1058,157,1066,257,608,290;1;1;generator_v1;CC-BY-4.0;day,angle,dirt
images/synthetic/synth_01306.jpg;Y321XX74;type1;218,502,215,56;227,502,433,503,423,552,218,558;1;1;generator_v1;CC-BY-4.0;day,angle,dirt,motion_blur
images/synthetic/synth_01307.jpg;X857MP197;type1b;450,389,182,68;450,420,621,389,632,424,460,457;1;1;generator_v1;CC-BY-4.0;day,angle,glare
images/synthetic/synth_01308.jpg;X501EB716;type1b;150,500,427,165;177,500,577,585,545,665,150,595;1;1;generator_v1;CC-BY-4.0;day,angle,glare,motion_blur
images/synthetic/synth_01309.jpg;A901PY90;type1b;437,52,353,89;446,63,790,52,785,141,437,140;1;1;generator_v1;CC-BY-4.0;day,angle,dirt
images/synthetic/synth_01310.jpg;X385BE716;type1b;748,183,415,113;748,183,1163,214,1152,296,748,265;1;1;generator_v1;CC-BY-4.0;day,angle,motion_blur
images/synthetic/synth_01311.jpg;H337AC50;type1a;234,439,357,253;234,454,591,439,586,648,241,692;1;1;generator_v1;CC-BY-4.0;day,angle,dirt
images/synthetic/synth_01312.jpg;E653BE66;type1a;592,94,219,143;605,94,811,117,796,237,592,218;1;1;generator_v1;CC-BY-4.0;day,angle,motion_blur
images/synthetic/synth_01313.jpg;X532MY61;type1;586,526,447,107;586,526,1024,537,1033,629,589,633;1;1;generator_v1;CC-BY-4.0;day,angle
images/synthetic/synth_01314.jpg;K981OA197;type1a;233,445,195,124;233,445,426,451,428,569,239,557;1;1;generator_v1;CC-BY-4.0;day,angle,motion_blur
images/synthetic/synth_01315.jpg;E406EA54;type1a;709,32,360,231;709,92,1028,32,1069,220,761,263;1;1;generator_v1;CC-BY-4.0;day,angle,dirt,motion_blur
images/synthetic/synth_01316.jpg;A926AX777;type1b;566,160,352,132;566,217,899,160,918,250,584,292;1;1;generator_v1;CC-BY-4.0;day,angle,glare
images/synthetic/synth_01317.jpg;Y729EC90;type1b;260,534,351,122;267,534,611,581,609,656,260,617;1;1;generator_v1;CC-BY-4.0;day,angle,glare,dirt
images/synthetic/synth_01318.jpg;B868KP163;type1a;966,26,243,137;966,33,1202,26,1209,161,980,163;1;1;generator_v1;CC-BY-4.0;day,angle
images/synthetic/synth_01319.jpg;T706ME716;type1;88,172,422,162;88,241,501,172,510,259,103,334;1;1;generator_v1;CC-BY-4.0;day,angle
images/synthetic/synth_01320.jpg;O407KP198;type1b;664,10,491,168;678,10,1155,83,1132,178,664,114;1;1;generator_v1;CC-BY-4.0;day,angle
images/synthetic/synth_01321.jpg;T698TH150;type1a;729,30,459,317;762,30,1188,113,1133,347,729,266;1;1;generator_v1;CC-BY-4.0;day,angle
images/synthetic/synth_01322.jpg;H770KC750;type1b;117,264,341,145;130,264,458,329,442,409,117,335;1;1;generator_v1;CC-BY-4.0;day,angle
images/synthetic/synth_01323.jpg;E877BX123;type1a;592,178,264,189;592,228,830,178,856,321,611,367;1;1;generator_v1;CC-BY-4.0;day,angle,glare,dirt
images/synthetic/synth_01324.jpg;E537AC96;type1b;586,93,498,159;586,152,1072,93,1084,201,603,252;1;1;generator_v1;CC-BY-4.0;day,angle,glare
images/synthetic/synth_01325.jpg;M030BB25;type1b;654,38,296,89;658,38,950,63,945,127,654,100;1;1;generator_v1;CC-BY-4.0;day,angle,glare,dirt
images/synthetic/synth_01326.jpg;A274BK23;type1b;192,576,354,94;192,578,543,576,546,670,198,656;1;1;generator_v1;CC-BY-4.0;day,angle,motion_blur
images/synthetic/synth_01327.jpg;P932HB54;type1b;135,594,343,103;143,594,478,620,470,697,135,685;1;1;generator_v1;CC-BY-4.0;day,angle,glare,motion_blur
images/synthetic/synth_01328.jpg;X270TH61;type1;654,294,328,124;666,294,982,351,973,418,654,364;1;1;generator_v1;CC-BY-4.0;day,angle,glare,motion_blur
images/synthetic/synth_01329.jpg;P050ME77;type1a;151,133,531,377;210,133,682,238,626,510,151,421;1;1;generator_v1;CC-BY-4.0;day,angle
images/synthetic/synth_01330.jpg;C007XH23;type1b;654,579,365,123;654,619,1016,579,1019,655,662,702;1;1;generator_v1;CC-BY-4.0;day,angle,glare,motion_blur
images/synthetic/synth_01331.jpg;O751XO799;type1;82,142,194,61;87,142,276,153,271,203,82,188;1;1;generator_v1;CC-BY-4.0;day,angle
images/synthetic/synth_01332.jpg;O958HE25;type1b;613,434,394,142;626,434,1007,490,994,576,613,515;1;1;generator_v1;CC-BY-4.0;day,angle,glare,dirt
images/synthetic/synth_01333.jpg;M960KY138;type1b;171,359,441,132;171,375,608,359,612,455,177,491;1;1;generator_v1;CC-BY-4.0;day,angle,dirt
images/synthetic/synth_01334.jpg;H427YM199;type1a;120,415,314,191;120,421,434,415,434,595,125,606;1;1;generator_v1;CC-BY-4.0;day,angle,glare
images/synthetic/synth_01335.jpg;T621OA123;type1b;717,606,354,91;717,625,1054,606,1071,693,738,697;1;1;generator_v1;CC-BY-4.0;day,angle,glare
images/synthetic/synth_01336.jpg;Y190PT99;type1b;271,473,230,63;271,476,498,473,501,536,275,531;1;1;generator_v1;CC-BY-4.0;day,angle,dirt
images/synthetic/synth_01337.jpg;E442TX198;type1;183,92,321,144;183,146,488,92,504,166,202,236;1;1;generator_v1;CC-BY-4.0;day,angle
images/synthetic/synth_01338.jpg;C443HB193;type1a;429,317,369,247;471,317,798,388,745,564,429,507;1;1;generator_v1;CC-BY-4.0;day,angle,dirt
images/synthetic/synth_01339.jpg;Y044BE199;type1b;422,590,218,64;426,590,640,608,636,654,422,639;1;1;generator_v1;CC-BY-4.0;day,angle
images/synthetic/synth_01340.jpg;T970ME63;type1a;277,24,328,228;298,24,605,70,593,252,277,219;1;1;generator_v1;CC-BY-4.0;day,angle
images/synthetic/synth_01341.jpg;P054OP799;type1b;1028,492,188,65;1029,511,1215,492,1216,543,1028,557;1;1;generator_v1;CC-BY-4.0;day,angle
images/synthetic/synth_01342.jpg;K736XB54;type1;338,557,216,71;344,557,554,585,547,628,338,601;1;1;generator_v1;CC-BY-4.0;day,angle,glare
images/synthetic/synth_01343.jpg;C882XK197;type1;426,587,425,114;426,612,841,587,851,695,439,701;1;1;generator_v1;CC-BY-4.0;day,angle,dirt
images/synthetic/synth_01344.jpg;A351XB61;type1a;511,131,231,154;532,131,742,163,726,285,511,252;1;1;generator_v1;CC-BY-4.0;day,angle,motion_blur
images/synthetic/synth_01345.jpg;H729TK54;type1b;101,541,210,58;101,555,308,541,311,585,104,599;1;1;generator_v1;CC-BY-4.0;day,angle
images/synthetic/synth_01346.jpg;C771OE174;type1b;680,93,220,55;680,100,893,93,900,146,688,148;1;1;generator_v1;CC-BY-4.0;day,angle
images/synthetic/synth_01347.jpg;P314PM774;type1a;533,147,240,151;548,147,773,173,753,298,533,274;1;1;generator_v1;CC-BY-4.0;day,angle,glare
images/synthetic/synth_01348.jpg;C215YX98;type1a;225,386,386,238;225,424,594,386,611,595,258,624;1;1;generator_v1;CC-BY-4.0;day,angle,glare,dirt
images/synthetic/synth_01349.jpg;A422XM54;type1b;156,187,415,121;156,224,559,187,571,283,171,308;1;1;generator_v1;CC-BY-4.0;day,angle,glare
images/synthetic/synth_01350.jpg;X629HC154;type1a;644,365,285,159;644,366,929,365,926,524,650,524;1;1;generator_v1;CC-BY-4.0;day,angle,glare,dirt
images/synthetic/synth_01351.jpg;M292YC763;type1b;223,110,187,61;223,132,399,110,410,153,235,171;1;1;generator_v1;CC-BY-4.0;day,angle
images/synthetic/synth_01352.jpg;X002BY163;type1b;798,109,325,127;815,109,1123,154,1105,236,798,178;1;1;generator_v1;CC-BY-4.0;day,angle
images/synthetic/synth_01353.jpg;P103EB154;type1b;100,11,390,106;114,11,490,31,481,117,100,89;1;1;generator_v1;CC-BY-4.0;day,angle,glare,dirt
images/synthetic/synth_01354.jpg;K983AC790;type1a;643,471,320,235;651,471,963,522,939,706,643,645;1;1;generator_v1;CC-BY-4.0;day,angle,glare,motion_blur
images/synthetic/synth_01355.jpg;M127AP190;type1a;834,433,363,242;882,433,1197,434,1153,675,834,631;1;1;generator_v1;CC-BY-4.0;day,angle,glare
images/synthetic/synth_01356.jpg;Y365XM190;type1a;517,133,214,137;517,153,722,133,731,250,529,270;1;1;generator_v1;CC-BY-4.0;day,angle,glare
images/synthetic/synth_01357.jpg;E284MB23;type1b;804,58,322,97;810,58,1126,87,1120,155,804,125;1;1;generator_v1;CC-BY-4.0;day,angle,glare
images/synthetic/synth_01358.jpg;C725HP66;type1b;512,389,424,166;512,450,926,389,936,479,527,555;1;1;generator_v1;CC-BY-4.0;day,angle,motion_blur
images/synthetic/synth_01359.jpg;C441XA799;type1b;836,372,328,109;836,413,1155,372,1164,441,844,481;1;1;generator_v1;CC-BY-4.0;day,angle,glare,dirt
images/synthetic/synth_01360.jpg;B854CK197;type1;573,212,475,179;592,212,1048,305,1017,391,573,309;1;1;generator_v1;CC-BY-4.0;day,angle
images/synthetic/synth_01361.jpg;T674YE178;type1a;378,69,377,284;405,69,755,143,747,353,378,302;1;1;generator_v1;CC-BY-4.0;day,angle,dirt
images/synthetic/synth_01362.jpg;K464PX52;type1b;564,563,315,87;574,563,879,578,871,650,564,628;1;1;generator_v1;CC-BY-4.0;day,angle,motion_blur
images/synthetic/synth_01363.jpg;B132YA161;type1b;441,411,250,104;441,462,683,411,691,469,446,515;1;1;generator_v1;CC-BY-4.0;day,angle,glare
images/synthetic/synth_01364.jpg;P449AP116;type1a;255,134,533,354;255,249,723,134,788,408,346,488;1;1;generator_v1;CC-BY-4.0;day,angle,glare,dirt
images/synthetic/synth_01365.jpg;C564HH66;type1a;131,485,252,156;131,489,380,485,383,641,138,635;1;1;generator_v1;CC-BY-4.0;day,angle,motion_blur
images/synthetic/synth_01366.jpg;C690XA702;type1;337,585,271,93;337,624,594,585,608,644,353,678;1;1;generator_v1;CC-BY-4.0;day,angle,dirt
images/synthetic/synth_01367.jpg;C594EK78;type1;348,356,258,80;348,382,601,356,606,410,353,436;1;1;generator_v1;CC-BY-4.0;day,angle
images/synthetic/synth_01368.jpg;P795BA702;type1;873,374,307,78;873,389,1180,374,1180,437,878,452;1;1;generator_v1;CC-BY-4.0;day,angle
images/synthetic/synth_01369.jpg;T199HE777;type1b;623,23,348,139;624,23,966,83,971,162,623,119;1;1;generator_v1;CC-BY-4.0;day,angle
images/synthetic/synth_01370.jpg;B036CB761;type1;142,333,315,117;154,333,457,383,445,450,142,397;1;1;generator_v1;CC-BY-4.0;day,angle,dirt,motion_blur
images/synthetic/synth_01371.jpg;E414KC16;type1a;636,312,219,139;645,312,855,332,842,451,636,431;1;1;generator_v1;CC-BY-4.0;day,angle
images/synthetic/synth_01372.jpg;H728MT97;type1b;120,528,290,85;127,528,410,548,404,613,120,588;1;1;generator_v1;CC-BY-4.0;day,angle
images/synthetic/synth_01373.jpg;P487YC99;type1;856,406,202,89;861,406,1058,444,1056,495,856,463;1;1;generator_v1;CC-BY-4.0;day,angle,glare,dirt
images/synthetic/synth_01374.jpg;Y740XA77;type1b;865,88,309,104;865,119,1168,88,1174,155,872,192;1;1;generator_v1;CC-BY-4.0;day,angle,motion_blur
images/synthetic/synth_01375.jpg;E260CK16;type1a;229,376,310,211;240,376,539,408,534,587,229,570;1;1;generator_v1;CC-BY-4.0;day,angle,glare,dirt
images/synthetic/synth_01376.jpg;Y921MA93;type1b;172,221,278,69;174,226,450,221,449,290,172,288;1;1;generator_v1;CC-BY-4.0;day,angle,glare,dirt
images/synthetic/synth_01377.jpg;O851OY78;type1a;53,268,216,138;55,287,264,268,269,390,53,406;1;1;generator_v1;CC-BY-4.0;day,angle,glare
images/synthetic/synth_01378.jpg;P636KB138;type1b;351,471,246,62;351,478,591,471,597,523,354,533;1;1;generator_v1;CC-BY-4.0;day,angle,motion_blur
images/synthetic/synth_01379.jpg;T792EA96;type1;259,155,413,112;259,184,660,155,672,236,262,267;1;1;generator_v1;CC-BY-4.0;day,angle,dirt
images/synthetic/synth_01380.jpg;Y182AK50;type1a;126,264,192,123;126,264,307,272,318,386,134,387;1;1;generator_v1;CC-BY-4.0;day,angle,glare
images/synthetic/synth_01381.jpg;P825OE02;type1b;329,260,386,108;329,283,706,260,715,339,335,368;1;1;generator_v1;CC-BY-4.0;day,angle
images/synthetic/synth_01382.jpg;C227KM193;type1a;753,224,333,247;759,224,1086,252,1081,459,753,471;1;1;generator_v1;CC-BY-4.0;day,angle
images/synthetic/synth_01383.jpg;A125CH61;type1;151,374,303,68;159,374,454,377,442,438,151,442;1;1;generator_v1;CC-BY-4.0;day,angle,glare
images/synthetic/synth_01384.jpg;P236MH02;type1a;203,92,539,385;203,199,680,92,742,384,252,477;1;1;generator_v1;CC-BY-4.0;day,angle,glare
images/synthetic/synth_01385.jpg;E618CA97;type1;344,310,339,127;344,369,669,310,683,384,358,437;1;1;generator_v1;CC-BY-4.0;day,angle,glare
images/synthetic/synth_01386.jpg;P075ET152;type1a;380,311,289,217;380,369,640,311,669,483,402,528;1;1;generator_v1;CC-BY-4.0;day,angle,dirt
images/synthetic/synth_01387.jpg;A440PO702;type1a;702,71,247,157;722,71,949,75,932,228,702,210;1;1;generator_v1;CC-BY-4.0;day,angle,dirt
images/synthetic/synth_01388.jpg;M869BM199;type1b;544,289,471,181;544,379,997,289,1015,387,568,470;1;1;generator_v1;CC-BY-4.0;day,angle
images/synthetic/synth_01389.jpg;E265OK761;type1a;268,141,418,277;268,195,651,141,686,367,284,418;1;1;generator_v1;CC-BY-4.0;day,angle
images/synthetic/synth_01390.jpg;O967CA38;type1a;527,270,473,281;527,270,1000,271,994,551,546,527;1;1;generator_v1;CC-BY-4.0;day,angle,dirt
images/synthetic/synth_01391.jpg;C618BB196;type1b;378,172,489,156;378,230,841,172,867,262,390,328;1;1;generator_v1;CC-BY-4.0;day,angle,glare,dirt,motion_blur
images/synthetic/synth_01392.jpg;P832AB150;type1b;299,259,435,142;299,289,734,259,726,352,299,401;1;1;generator_v1;CC-BY-4.0;day,angle,glare
images/synthetic/synth_01393.jpg;T430OE774;type1;262,261,308,105;262,305,552,261,570,330,282,366;1;1;generator_v1;CC-BY-4.0;day,angle
images/synthetic/synth_01394.jpg;H902CE54;type1a;666,192,326,210;691,192,992,232,961,402,666,375;1;1;generator_v1;CC-BY-4.0;day,angle
images/synthetic/synth_01395.jpg;P600YE138;type1;581,463,436,164;600,463,1017,541,1007,627,581,550;1;1;generator_v1;CC-BY-4.0;day,angle,dirt
images/synthetic/synth_01396.jpg;M283AT125;type1;240,481,470,159;261,481,710,548,702,640,240,570;1;1;generator_v1;CC-BY-4.0;day,angle,dirt
images/synthetic/synth_01397.jpg;M970CM161;type1b;433,363,373,114;433,398,793,363,806,437,441,477;1;1;generator_v1;CC-BY-4.0;day,angle
images/synthetic/synth_01398.jpg;E885AE761;type1a;659,337,480,335;706,337,1139,419,1114,672,659,603;1;1;generator_v1;CC-BY-4.0;day,angle,dirt
images/synthetic/synth_01399.jpg;A248EB90;type1b;642,526,413,139;642,572,1049,526,1055,643,645,665;1;1;generator_v1;CC-BY-4.0;day,angle,glare
images/synthetic/synth_01400.jpg;Y352KO150;type1;197,588,322,91;197,609,519,588,516,654,199,679;1;1;generator_v1;CC-BY-4.0;day,angle,dirt,motion_blur
images/synthetic/synth_01401.jpg;Y879YC799;type1a;290,65,362,289;290,65,652,123,631,354,292,270;1;1;generator_v1;CC-BY-4.0;day,angle
images/synthetic/synth_01402.jpg;E152HE150;type1b;546,620,180,63;548,620,726,637,723,683,546,662;1;1;generator_v1;CC-BY-4.0;day,angle,glare,dirt
images/synthetic/synth_01403.jpg;M787MY154;type1a;738,46,221,155;738,81,936,46,959,162,761,201;1;1;generator_v1;CC-BY-4.0;day,angle,glare
images/synthetic/synth_01404.jpg;C466OA799;type1b;381,437,310,99;387,437,691,472,690,536,381,505;1;1;generator_v1;CC-BY-4.0;day,angle,glare
images/synthetic/synth_01405.jpg;X769PE16;type1b;256,283,454,178;288,283,710,363,684,461,256,367;1;1;generator_v1;CC-BY-4.0;day,angle,dirt
images/synthetic/synth_01406.jpg;B321EX199;type1a;690,469,311,221;690,529,967,469,1001,637,723,690;1;1;generator_v1;CC-BY-4.0;day,angle,glare
images/synthetic/synth_01407.jpg;C500TC702;type1;434,235,328,99;443,235,762,263,753,334,434,316;1;1;generator_v1;CC-BY-4.0;day,angle,glare,dirt
images/synthetic/synth_01408.jpg;T374EB125;type1b;1032,40,154,60;1034,40,1186,64,1184,100,1032,79;1;1;generator_v1;CC-BY-4.0;day,angle,glare,dirt
images/synthetic/synth_01409.jpg;X512TA150;type1a;228,359,206,119;231,359,434,359,427,474,228,478;1;1;generator_v1;CC-BY-4.0;day,angle,dirt,motion_blur
images/synthetic/synth_01410.jpg;C735CT93;type1a;515,518,209,151;515,539,724,518,723,640,520,669;1;1;generator_v1;CC-BY-4.0;day,angle,dirt,motion_blur
images/synthetic/synth_01411.jpg;P890PE93;type1b;97,196,408,96;97,196,489,204,505,286,106,292;1;1;generator_v1;CC-BY-4.0;day,angle,dirt
images/synthetic/synth_01412.jpg;T974BX90;type1b;281,582,358,123;281,619,639,582,636,658,284,705;1;1;generator_v1;CC-BY-4.0;day,angle,glare,dirt
images/synthetic/synth_01413.jpg;M518TC198;type1a;788,381,343,248;788,381,1095,430,1131,629,813,622;1;1;generator_v1;CC-BY-4.0;day,angle
images/synthetic/synth_01414.jpg;Y467TY50;type1a;258,349,350,194;287,349,608,349,597,543,258,529;1;1;generator_v1;CC-BY-4.0;day,angle
images/synthetic/synth_01415.jpg;A461HM97;type1a;639,154,470,362;639,261,1053,154,1109,464,682,516;1;1;generator_v1;CC-BY-4.0;day,angle,motion_blur
images/synthetic/synth_01416.jpg;H939MC78;type1a;396,246,374,295;409,312,768,246,770,525,396,541;1;1;generator_v1;CC-BY-4.0;day,angle
images/synthetic/synth_01417.jpg;P193MX777;type1;425,221,281,98;442,221,706,262,693,319,425,273;1;1;generator_v1;CC-BY-4.0;day,angle,motion_blur
images/synthetic/synth_01418.jpg;K853CA74;type1b;481,143,464,107;481,143,935,155,945,249,483,250;1;1;generator_v1;CC-BY-4.0;day,angle,glare,motion_blur
images/synthetic/synth_01419.jpg;O365KO190;type1a;588,421,287,165;590,421,868,427,875,586,588,584;1;1;generator_v1;CC-BY-4.0;day,angle,dirt
images/synthetic/synth_01420.jpg;A911ET90;type1a;223,550,196,135;245,550,419,580,398,685,223,651;1;1;generator_v1;CC-BY-4.0;day,angle,glare,motion_blur
images/synthetic/synth_01421.jpg;M032PT177;type1a;779,526,205,130;791,526,984,546,970,656,779,639;1;1;generator_v1;CC-BY-4.0;day,angle,dirt
images/synthetic/synth_01422.jpg;M815TM116;type1a;230,332,458,280;232,359,668,332,688,592,230,612;1;1;generator_v1;CC-BY-4.0;day,angle
images/synthetic/synth_01423.jpg;H866PA152;type1b;409,100,372,81;409,105,781,100,779,176,413,181;1;1;generator_v1;CC-BY-4.0;day,angle,glare
images/synthetic/synth_01424.jpg;A489CT702;type1a;742,262,305,200;742,279,1029,262,1047,431,759,462;1;1;generator_v1;CC-BY-4.0;day,angle,glare
images/synthetic/synth_01425.jpg;E506HH99;type1;224,408,470,181;224,490,677,408,694,504,242,589;1;1;generator_v1;CC-BY-4.0;day,angle
images/synthetic/synth_01426.jpg;T663MH750;type1;553,40,213,63;559,40,766,59,762,103,553,83;1;1;generator_v1;CC-BY-4.0;day,angle,motion_blur
images/synthetic/synth_01427.jpg;K875XK152;type1b;541,461,287,86;541,488,822,461,828,523,549,547;1;1;generator_v1;CC-BY-4.0;day,angle,dirt
images/synthetic/synth_01428.jpg;K905AX716;type1b;388,490,219,77;388,508,607,490,607,542,390,567;1;1;generator_v1;CC-BY-4.0;day,angle
images/synthetic/synth_01429.jpg;Y009AM102;type1a;762,476,305,185;775,476,1067,476,1058,661,762,647;1;1;generator_v1;CC-BY-4.0;day,angle,glare
images/synthetic/synth_01430.jpg;Y614OA61;type1b;375,73,401,137;385,73,776,124,764,210,375,156;1;1;generator_v1;CC-BY-4.0;day,angle,motion_blur
images/synthetic/synth_01431.jpg;E593OC702;type1a;322,78,286,225;340,78,608,106,584,303,322,249;1;1;generator_v1;CC-BY-4.0;day,angle,dirt
images/synthetic/synth_01432.jpg;M497ET50;type1;526,272,444,174;526,354,947,272,970,358,544,446;1;1;generator_v1;CC-BY-4.0;day,angle
images/synthetic/synth_01433.jpg;B344TK90;type1;574,236,368,100;574,266,939,236,942,308,585,336;1;1;generator_v1;CC-BY-4.0;day,angle
images/synthetic/synth_01434.jpg;T502YC52;type1b;332,506,320,124;333,538,652,506,647,581,332,630;1;1;generator_v1;CC-BY-4.0;day,angle
images/synthetic/synth_01435.jpg;P857MC93;type1a;669,272,304,199;704,272,973,311,947,471,669,425;1;1;generator_v1;CC-BY-4.0;day,angle,glare,dirt
images/synthetic/synth_01436.jpg;C329YX90;type1b;60,106,275,63;60,107,329,106,335,163,64,169;1;1;generator_v1;CC-BY-4.0;day,angle,motion_blur
images/synthetic/synth_01437.jpg;M243BK54;type1a;613,185,257,171;613,223,850,185,870,320,638,356;1;1;generator_v1;CC-BY-4.0;day,angle,glare
images/synthetic/synth_01438.jpg;P219YE790;type1b;414,240,326,82;414,252,733,240,740,320,424,322;1;1;generator_v1;CC-BY-4.0;day,angle,glare
images/synthetic/synth_01439.jpg;B274PX74;type1a;268,264,481,289;268,294,739,264,749,540,297,553;1;1;generator_v1;CC-BY-4.0;day,angle
images/synthetic/synth_01440.jpg;T981OC193;type1a;737,312,219,139;748,328,956,312,950,443,737,451;1;1;generator_v1;CC-BY-4.0;day,angle,dirt
images/synthetic/synth_01441.jpg;A186PK16;type1b;140,28,282,81;143,28,422,51,416,109,140,87;1;1;generator_v1;CC-BY-4.0;day,angle,glare,motion_blur
images/synthetic/synth_01442.jpg;H069OX777;type1a;567,89,372,247;567,110,939,89,923,293,571,336;1;1;generator_v1;CC-BY-4.0;day,angle,motion_blur
images/synthetic/synth_01443.jpg;Y429MC52;type1b;647,494,360,99;647,494,1007,494,1007,593,648,576;1;1;generator_v1;CC-BY-4.0;day,angle
images/synthetic/synth_01444.jpg;B308OT02;type1;537,328,488,150;538,328,1025,372,1014,478,537,427;1;1;generator_v1;CC-BY-4.0;day,angle,glare,dirt
images/synthetic/synth_01445.jpg;H705EY193;type1;142,440,411,115;142,471,537,440,553,518,150,555;1;1;generator_v1;CC-BY-4.0;day,angle,dirt
images/synthetic/synth_01446.jpg;X982CT152;type1b;64,39,278,72;64,49,329,39,342,95,74,111;1;1;generator_v1;CC-BY-4.0;day,angle,glare
images/synthetic/synth_01447.jpg;C947MM99;type1a;95,425,342,233;118,425,437,429,403,624,95,658;1;1;generator_v1;CC-BY-4.0;day,angle
images/synthetic/synth_01448.jpg;E091PP123;type1;524,228,407,148;524,289,911,228,931,307,540,376;1;1;generator_v1;CC-BY-4.0;day,angle
images/synthetic/synth_01449.jpg;E769EK797;type1;820,201,334,135;830,201,1154,265,1150,336,820,280;1;1;generator_v1;CC-BY-4.0;day,angle,glare,motion_blur
images/synthetic/synth_01450.jpg;T625CO716;type1b;345,582,291,119;345,637,624,582,636,654,355,701;1;1;generator_v1;CC-BY-4.0;day,angle
images/synthetic/synth_01451.jpg;H898CB177;type1b;356,48,488,189;356,127,830,48,844,148,376,237;1;1;generator_v1;CC-BY-4.0;day,angle
images/synthetic/synth_01452.jpg;T085XC90;type1;643,28,231,90;643,68,873,28,874,76,647,118;1;1;generator_v1;CC-BY-4.0;day,angle,glare,motion_blur
images/synthetic/synth_01453.jpg;K387HK99;type1b;424,497,423,177;434,497,847,578,830,674,424,584;1;1;generator_v1;CC-BY-4.0;day,angle,dirt
images/synthetic/synth_01454.jpg;M359AO99;type1b;664,359,453,177;664,444,1099,359,1117,457,675,536;1;1;generator_v1;CC-BY-4.0;day,angle,glare
images/synthetic/synth_01455.jpg;C647KM78;type1a;635,249,408,297;635,295,1023,249,1043,546,655,536;1;1;generator_v1;CC-BY-4.0;day,angle,dirt
images/synthetic/synth_01456.jpg;P743HA161;type1;391,156,322,113;394,195,712,156,713,243,391,269;1;1;generator_v1;CC-BY-4.0;day,angle
images/synthetic/synth_01457.jpg;E145BK54;type1;228,556,256,67;228,573,475,556,484,610,240,623;1;1;generator_v1;CC-BY-4.0;day,angle,glare
images/synthetic/synth_01458.jpg;X923XA777;type1b;262,227,400,145;281,227,662,291,650,372,262,305;1;1;generator_v1;CC-BY-4.0;day,angle
images/synthetic/synth_01459.jpg;T855CT702;type1;230,55,498,109;230,65,728,55,723,154,238,164;1;1;generator_v1;CC-BY-4.0;day,angle,glare
images/synthetic/synth_01460.jpg;C788TY774;type1;478,563,442,137;478,588,893,563,920,652,502,700;1;1;generator_v1;CC-BY-4.0;day,angle
images/synthetic/synth_01461.jpg;M584AX66;type1a;395,122,385,265;395,187,717,122,780,370,459,387;1;1;generator_v1;CC-BY-4.0;day,angle,glare
images/synthetic/synth_01462.jpg;K998OB161;type1a;238,57,407,257;286,57,645,103,617,314,238,256;1;1;generator_v1;CC-BY-4.0;day,angle,glare,dirt
images/synthetic/synth_01463.jpg;A229PA196;type1b;177,310,345,81;180,316,522,310,513,378,177,391;1;1;generator_v1;CC-BY-4.0;day,angle,dirt,motion_blur
images/synthetic/synth_01464.jpg;E760YE177;type1a;633,269,440,243;643,283,1050,269,1073,498,633,512;1;1;generator_v1;CC-BY-4.0;day,angle
images/synthetic/synth_01465.jpg;A166TE761;type1b;533,254,431,156;533,318,950,254,964,341,548,410;1;1;generator_v1;CC-BY-4.0;day,angle,dirt
images/synthetic/synth_01466.jpg;T585PA61;type1a;671,273,457,278;689,273,1128,305,1095,549,671,551;1;1;generator_v1;CC-BY-4.0;day,angle,dirt
images/synthetic/synth_01467.jpg;Y976MB90;type1;94,0,308,118;107,0,402,55,389,118,94,61;1;1;generator_v1;CC-BY-4.0;day,angle,glare
images/synthetic/synth_01468.jpg;T359MB99;type1a;146,239,483,326;241,239,629,294,539,565,146,457;1;1;generator_v1;CC-BY-4.0;day,angle,glare,dirt
images/synthetic/synth_01469.jpg;B776XT138;type1;775,426,277,114;775,468,1039,426,1052,489,788,540;1;1;generator_v1;CC-BY-4.0;day,angle,dirt
images/synthetic/synth_01470.jpg;X342XP177;type1a;170,227,284,194;178,241,454,227,434,387,170,421;1;1;generator_v1;CC-BY-4.0;day,angle,glare
images/synthetic/synth_01471.jpg;K259XM163;type1a;196,12,332,243;196,81,477,12,528,214,245,255;1;1;generator_v1;CC-BY-4.0;day,angle,glare
images/synthetic/synth_01472.jpg;Y680HH797;type1;662,116,482,111;668,129,1142,116,1144,222,662,227;1;1;generator_v1;CC-BY-4.0;day,angle,glare,dirt
images/synthetic/synth_01473.jpg;K546HT193;type1a;103,181,420,308;136,181,523,257,505,489,103,444;1;1;generator_v1;CC-BY-4.0;day,angle,glare,dirt
images/synthetic/synth_01474.jpg;T352KY77;type1b;818,101,310,123;825,101,1128,160,1128,224,818,171;1;1;generator_v1;CC-BY-4.0;day,angle
images/synthetic/synth_01475.jpg;M207CT763;type1a;229,348,446,313;229,348,675,372,663,661,241,598;1;1;generator_v1;CC-BY-4.0;day,angle,glare,dirt,motion_blur
images/synthetic/synth_01476.jpg;A288OX797;type1b;196,324,321,116;209,324,517,375,502,440,196,397;1;1;generator_v1;CC-BY-4.0;day,angle,glare
images/synthetic/synth_01477.jpg;B276TE790;type1;728,568,424,151;746,568,1152,647,1130,719,728,658;1;1;generator_v1;CC-BY-4.0;day,angle,glare
images/synthetic/synth_01478.jpg;B358BB193;type1;623,291,405,112;623,322,1004,291,1028,394,650,403;1;1;generator_v1;CC-BY-4.0;day,angle,motion_blur
images/synthetic/synth_01479.jpg;M863XT50;type1;195,182,425,116;210,182,620,188,608,298,195,272;1;1;generator_v1;CC-BY-4.0;day,angle,glare
images/synthetic/synth_01480.jpg;X539KM25;type1b;566,74,262,65;566,74,828,78,828,139,567,130;1;1;generator_v1;CC-BY-4.0;day,angle,glare
images/synthetic/synth_01481.jpg;A637HP199;type1a;301,260,468,311;301,333,692,260,769,473,358,571;1;1;generator_v1;CC-BY-4.0;day,angle,dirt
images/synthetic/synth_01482.jpg;O183AB50;type1a;903,235,253,170;907,253,1156,235,1156,401,903,405;1;1;generator_v1;CC-BY-4.0;day,angle,glare,dirt,motion_blur
images/synthetic/synth_01483.jpg;B914YM702;type1b;675,145,308,115;675,175,983,145,983,217,679,260;1;1;generator_v1;CC-BY-4.0;day,angle
images/synthetic/synth_01484.jpg;X848AY61;type1b;252,220,324,117;252,271,566,220,576,287,264,337;1;1;generator_v1;CC-BY-4.0;day,angle,motion_blur
images/synthetic/synth_01485.jpg;C374TH23;type1b;72,558,200,56;72,572,270,558,272,599,75,614;1;1;generator_v1;CC-BY-4.0;day,angle
images/synthetic/synth_01486.jpg;E706EH177;type1a;732,99,317,226;739,99,1046,139,1049,325,732,308;1;1;generator_v1;CC-BY-4.0;day,angle,glare
images/synthetic/synth_01487.jpg;P470AC25;type1a;259,62,354,237;259,115,554,62,613,285,319,299;1;1;generator_v1;CC-BY-4.0;day,angle,dirt
images/synthetic/synth_01488.jpg;O293OT196;type1;612,490,397,158;612,568,984,490,1009,586,638,648;1;1;generator_v1;CC-BY-4.0;day,angle
images/synthetic/synth_01489.jpg;K737YP193;type1a;344,339,450,303;394,339,794,394,753,642,344,568;1;1;generator_v1;CC-BY-4.0;day,angle,motion_blur
images/synthetic/synth_01490.jpg;B686AC90;type1b;128,80,262,103;149,80,390,124,370,183,128,132;1;1;generator_v1;CC-BY-4.0;day,angle,dirt
images/synthetic/synth_01491.jpg;P620XP52;type1b;328,32,438,111;333,32,766,52,759,143,328,138;1;1;generator_v1;CC-BY-4.0;day,angle
images/synthetic/synth_01492.jpg;M857TC198;type1b;580,560,284,94;582,560,864,592,858,654,580,619;1;1;generator_v1;CC-BY-4.0;day,angle
images/synthetic/synth_01493.jpg;O041YA177;type1;93,325,437,169;93,397,528,325,530,414,107,494;1;1;generator_v1;CC-BY-4.0;day,angle,dirt
images/synthetic/synth_01494.jpg;M832EC52;type1b;140,136,206,67;141,151,346,136,343,184,140,203;1;1;generator_v1;CC-BY-4.0;day,angle
images/synthetic/synth_01495.jpg;M126CH66;type1a;158,397,268,171;169,397,426,419,411,568,158,546;1;1;generator_v1;CC-BY-4.0;day,angle,glare
images/synthetic/synth_01496.jpg;X943BE190;type1b;741,486,388,130;741,525,1122,486,1129,602,745,616;1;1;generator_v1;CC-BY-4.0;day,angle,dirt
images/synthetic/synth_01497.jpg;T745BP197;type1a;585,328,179,154;585,353,764,328,761,445,588,482;1;1;generator_v1;CC-BY-4.0;day,angle,glare,dirt,motion_blur
images/synthetic/synth_01498.jpg;K268OE177;type1;265,220,256,88;265,250,509,220,521,273,276,308;1;1;generator_v1;CC-BY-4.0;day,angle,dirt
images/synthetic/synth_01499.jpg;O345AP98;type1a;755,220,248,145;755,220,990,232,1003,365,759,360;1;1;generator_v1;CC-BY-4.0;day,angle
images/synthetic/synth_01500.jpg;H275OH702;type1b;490,112,247,73;490,134,728,112,737,167,501,185;1;1;generator_v1;CC-BY-4.0;day,angle,dirt
images/synthetic/synth_01501.jpg;P398KB198;type1b;457,365,226,65;457,377,668,365,683,411,471,430;1;1;generator_v1;CC-BY-4.0;day,angle,glare
images/synthetic/synth_01502.jpg;Y244MH190;type1a;694,547,218,145;709,547,912,576,894,692,694,663;1;1;generator_v1;CC-BY-4.0;day,angle,glare
images/synthetic/synth_01503.jpg;A741XK198;type1;601,245,473,160;601,245,1074,298,1064,405,603,341;1;1;generator_v1;CC-BY-4.0;day,angle,glare,dirt
images/synthetic/synth_01504.jpg;H976BT154;type1b;524,143,335,94;524,153,858,143,859,217,526,237;1;1;generator_v1;CC-BY-4.0;day,angle,glare,dirt,motion_blur
images/synthetic/synth_01505.jpg;X559HH66;type1b;1002,224,224,50;1002,224,1226,229,1222,274,1002,269;1;1;generator_v1;CC-BY-4.0;day,angle,dirt
images/synthetic/synth_01506.jpg;H664BT97;type1b;123,638,240,68;127,638,363,656,358,706,123,690;1;1;generator_v1;CC-BY-4.0;day,angle,glare
images/synthetic/synth_01507.jpg;T193BT38;type1;563,367,393,121;563,394,935,367,956,446,580,488;1;1;generator_v1;CC-BY-4.0;day,angle,glare
images/synthetic/synth_01508.jpg;P997BM790;type1b;329,67,430,110;329,74,755,67,759,177,336,166;1;1;generator_v1;CC-BY-4.0;day,angle,glare,motion_blur
images/synthetic/synth_01509.jpg;C813TE97;type1b;126,504,316,78;126,517,439,504,442,571,132,582;1;1;generator_v1;CC-BY-4.0;day,angle,glare
images/synthetic/synth_01510.jpg;A725HB97;type1b;663,559,291,82;664,559,954,582,948,641,663,617;1;1;generator_v1;CC-BY-4.0;day,angle,motion_blur
images/synthetic/synth_01511.jpg;E905CT198;type1a;764,325,404,272;838,325,1168,408,1090,597,764,552;1;1;generator_v1;CC-BY-4.0;day,angle,dirt
images/synthetic/synth_01512.jpg;Y999XT138;type1a;182,147,385,235;182,185,546,147,567,358,217,382;1;1;generator_v1;CC-BY-4.0;day,angle,glare,motion_blur
images/synthetic/synth_01513.jpg;Y284XO125;type1b;103,33,229,79;104,64,330,33,332,85,103,112;1;1;generator_v1;CC-BY-4.0;day,angle
images/synthetic/synth_01514.jpg;A626BP25;type1b;276,635,202,58;276,652,472,635,478,679,283,693;1;1;generator_v1;CC-BY-4.0;day,angle,dirt,motion_blur
images/synthetic/synth_01515.jpg;B760ET161;type1b;61,536,325,122;61,595,369,536,386,597,72,658;1;1;generator_v1;CC-BY-4.0;day,angle,motion_blur
images/synthetic/synth_01516.jpg;K743AA23;type1b;288,290,488,195;288,388,766,290,776,386,312,485;1;1;generator_v1;CC-BY-4.0;day,angle,dirt
images/synthetic/synth_01517.jpg;H340EK163;type1;942,612,276,59;942,612,1216,612,1218,669,942,671;1;1;generator_v1;CC-BY-4.0;day,angle,dirt
images/synthetic/synth_01518.jpg;X462YY50;type1a;403,332,274,212;403,332,668,359,677,538,409,544;1;1;generator_v1;CC-BY-4.0;day,angle
images/synthetic/synth_01519.jpg;C644PY138;type1b;361,452,422,129;361,487,782,452,783,538,369,581;1;1;generator_v1;CC-BY-4.0;day,angle
images/synthetic/synth_01520.jpg;B519KM23;type1a;172,414,312,242;172,415,469,414,484,612,191,656;1;1;generator_v1;CC-BY-4.0;day,angle,glare,motion_blur
images/synthetic/synth_01521.jpg;O487BT777;type1a;889,264,257,160;905,264,1146,264,1122,407,889,424;1;1;generator_v1;CC-BY-4.0;day,angle
images/synthetic/synth_01522.jpg;K025MK97;type1b;254,515,351,115;254,555,592,515,605,602,268,630;1;1;generator_v1;CC-BY-4.0;day,angle,glare,motion_blur
images/synthetic/synth_01523.jpg;B342MM161;type1b;510,316,386,107;510,316,896,341,890,423,511,395;1;1;generator_v1;CC-BY-4.0;day,angle,glare
images/synthetic/synth_01524.jpg;Y883XT66;type1b;311,217,453,145;311,254,754,217,764,310,322,362;1;1;generator_v1;CC-BY-4.0;day,angle,dirt
images/synthetic/synth_01525.jpg;H239KY54;type1;331,217,401,141;351,217,732,284,706,358,331,303;1;1;generator_v1;CC-BY-4.0;day,angle,motion_blur
images/synthetic/synth_01526.jpg;B303TT196;type1b;421,0,433,135;421,49,842,0,854,78,438,135;1;1;generator_v1;CC-BY-4.0;day,angle,motion_blur
images/synthetic/synth_01527.jpg;T065MH799;type1;284,500,304,73;286,500,588,507,587,573,284,564;1;1;generator_v1;CC-BY-4.0;day,angle,glare
images/synthetic/synth_01528.jpg;C431BT52;type1a;170,37,376,245;200,37,546,58,506,264,170,282;1;1;generator_v1;CC-BY-4.0;day,angle,glare,dirt
images/synthetic/synth_01529.jpg;P382XK98;type1a;624,221,305,213;655,221,929,271,898,434,624,380;1;1;generator_v1;CC-BY-4.0;day,angle,dirt
images/synthetic/synth_01530.jpg;Y277OX761;type1b;517,537,256,56;517,538,773,537,773,592,517,593;1;1;generator_v1;CC-BY-4.0;day,angle,glare,dirt
images/synthetic/synth_01531.jpg;Y078OY774;type1a;89,350,317,220;89,397,373,350,406,515,121,570;1;1;generator_v1;CC-BY-4.0;day,angle,glare,dirt
images/synthetic/synth_01532.jpg;T296ME161;type1b;971,251,247,94;971,294,1207,251,1218,306,983,345;1;1;generator_v1;CC-BY-4.0;day,angle
images/synthetic/synth_01533.jpg;T560YP61;type1;494,557,178,64;501,557,672,580,665,621,494,603;1;1;generator_v1;CC-BY-4.0;day,angle,glare,motion_blur
images/synthetic/synth_01534.jpg;B668KH790;type1a;88,107,212,137;88,130,282,107,300,218,102,244;1;1;generator_v1;CC-BY-4.0;day,angle,dirt,motion_blur
images/synthetic/synth_01535.jpg;B811PK78;type1a;284,103,444,281;289,103,726,125,728,379,284,384;1;1;generator_v1;CC-BY-4.0;day,angle,glare,dirt
images/synthetic/synth_01536.jpg;B547MP25;type1;440,248,276,93;440,283,704,248,716,302,450,341;1;1;generator_v1;CC-BY-4.0;day,angle
images/synthetic/synth_01537.jpg;E308AB74;type1b;564,383,383,141;575,383,947,427,934,524,564,466;1;1;generator_v1;CC-BY-4.0;day,angle
images/synthetic/synth_01538.jpg;P201MK150;type1a;404,332,375,225;430,332,779,344,765,557,404,532;1;1;generator_v1;CC-BY-4.0;day,angle,glare,dirt,motion_blur
images/synthetic/synth_01539.jpg;M654AE199;type1a;378,111,451,289;400,111,829,155,803,400,378,386;1;1;generator_v1;CC-BY-4.0;day,angle,glare
images/synthetic/synth_01540.jpg;Y873KO163;type1b;486,484,362,93;486,484,848,501,844,577,489,558;1;1;generator_v1;CC-BY-4.0;day,angle,dirt
images/synthetic/synth_01541.jpg;Y663XT197;type1a;934,511,195,114;934,519,1111,511,1129,613,947,625;1;1;generator_v1;CC-BY-4.0;day,angle,dirt
images/synthetic/synth_01542.jpg;E187BO138;type1a;279,300,325,227;323,300,604,342,561,527,279,465;1;1;generator_v1;CC-BY-4.0;day,angle,glare
images/synthetic/synth_01543.jpg;K963XE197;type1a;549,239,266,164;549,239,794,253,815,401,562,403;1;1;generator_v1;CC-BY-4.0;day,angle,motion_blur
images/synthetic/synth_01544.jpg;H105KO78;type1;343,340,246,101;343,387,581,340,589,391,352,441;1;1;generator_v1;CC-BY-4.0;day,angle,glare,motion_blur
images/synthetic/synth_01545.jpg;A413ET63;type1a;237,337,306,204;287,337,543,386,491,541,237,517;1;1;generator_v1;CC-BY-4.0;day,angle,glare
images/synthetic/synth_01546.jpg;B127ET25;type1b;596,556,191,60;596,556,785,572,787,616,599,597;1;1;generator_v1;CC-BY-4.0;day,angle,motion_blur
images/synthetic/synth_01547.jpg;X443TO799;type1;385,450,443,123;388,486,819,450,828,540,385,573;1;1;generator_v1;CC-BY-4.0;day,angle,glare,dirt
images/synthetic/synth_01548.jpg;X691XP25;type1b;840,0,318,112;840,50,1144,0,1158,50,856,112;1;1;generator_v1;CC-BY-4.0;day,angle,motion_blur
images/synthetic/synth_01549.jpg;K042AK716;type1;557,552,459,167;576,552,1016,642,990,719,557,648;1;1;generator_v1;CC-BY-4.0;day,angle,motion_blur
images/synthetic/synth_01550.jpg;Y507HO799;type1a;364,157,342,248;390,157,706,211,671,405,364,339;1;1;generator_v1;CC-BY-4.0;day,angle,dirt,motion_blur
images/synthetic/synth_01551.jpg;B007ET790;type1b;600,292,249,82;600,306,845,292,849,351,604,374;1;1;generator_v1;CC-BY-4.0;day,angle
images/synthetic/synth_01552.jpg;X091EO54;type1b;689,36,322,84;698,53,1011,36,1007,111,689,120;1;1;generator_v1;CC-BY-4.0;day,angle,glare
images/synthetic/synth_01553.jpg;K803TC102;type1a;318,397,301,209;318,449,585,397,619,551,348,606;1;1;generator_v1;CC-BY-4.0;day,angle,motion_blur
images/synthetic/synth_01554.jpg;X052HC178;type1a;610,124,420,263;610,131,1025,124,1030,361,620,387;1;1;generator_v1;CC-BY-4.0;day,angle,glare,dirt
images/synthetic/synth_01555.jpg;X926EY38;type1b;242,113,258,89;242,146,483,113,500,163,258,202;1;1;generator_v1;CC-BY-4.0;day,angle,glare
images/synthetic/synth_01556.jpg;P621TY761;type1a;272,165,404,245;272,165,649,172,676,391,285,410;1;1;generator_v1;CC-BY-4.0;day,angle,glare
images/synthetic/synth_01557.jpg;M635OK761;type1b;308,529,213,82;317,529,521,570,514,611,308,570;1;1;generator_v1;CC-BY-4.0;day,angle,glare
images/synthetic/synth_01558.jpg;T624YK54;type1a;563,198,492,350;595,198,1055,280,1001,548,563,454;1;1;generator_v1;CC-BY-4.0;day,angle,motion_blur
images/synthetic/synth_01559.jpg;X928BE196;type1;284,104,467,106;287,104,748,113,751,210,284,205;1;1;generator_v1;CC-BY-4.0;day,angle
images/synthetic/synth_01560.jpg;Y852CO154;type1a;468,203,341,270;474,203,798,269,809,473,468,442;1;1;generator_v1;CC-BY-4.0;day,angle
images/synthetic/synth_01561.jpg;M494KH154;type1b;385,234,408,161;385,315,771,234,793,328,409,395;1;1;generator_v1;CC-BY-4.0;day,angle,glare,dirt,motion_blur
images/synthetic/synth_01562.jpg;X995YO74;type1b;627,403,204,48;627,410,831,403,831,444,629,451;1;1;generator_v1;CC-BY-4.0;day,angle,glare
images/synthetic/synth_01563.jpg;T698PP150;type1a;232,220,382,273;275,220,614,296,576,493,232,426;1;1;generator_v1;CC-BY-4.0;day,angle,glare,motion_blur
images/synthetic/synth_01564.jpg;P748MM02;type1b;136,18,243,87;136,47,374,18,379,84,140,105;1;1;generator_v1;CC-BY-4.0;day,angle,dirt
images/synthetic/synth_01565.jpg;C628HE23;type1;639,585,193,72;639,616,825,585,832,625,646,657;1;1;generator_v1;CC-BY-4.0;day,angle
images/synthetic/synth_01566.jpg;B834MM61;type1b;153,380,287,107;157,423,440,380,439,453,153,487;1;1;generator_v1;CC-BY-4.0;day,angle,glare,dirt
images/synthetic/synth_01567.jpg;H500EK66;type1a;88,118,338,252;100,118,426,175,398,370,88,300;1;1;generator_v1;CC-BY-4.0;day,angle
images/synthetic/synth_01568.jpg;K131PO198;type1a;615,298,257,187;627,327,872,298,866,477,615,485;1;1;generator_v1;CC-BY-4.0;day,angle,glare
images/synthetic/synth_01569.jpg;E653HT774;type1a;424,178,282,179;451,178,706,202,676,357,424,354;1;1;generator_v1;CC-BY-4.0;day,angle,motion_blur
images/synthetic/synth_01570.jpg;P001CK125;type1a;810,238,177,121;810,238,980,238,987,349,816,359;1;1;generator_v1;CC-BY-4.0;day,angle
images/synthetic/synth_01571.jpg;A799PO138;type1;374,219,405,127;387,219,779,249,767,346,374,303;1;1;generator_v1;CC-BY-4.0;day,angle,glare
images/synthetic/synth_01572.jpg;H599HH777;type1a;692,376,394,261;692,431,1048,376,1086,581,712,637;1;1;generator_v1;CC-BY-4.0;day,angle,glare,motion_blur
images/synthetic/synth_01573.jpg;M125PP174;type1a;393,237,167,117;393,245,555,237,560,354,398,352;1;1;generator_v1;CC-BY-4.0;day,angle,motion_blur
images/synthetic/synth_01574.jpg;M123PC93;type1;184,367,197,79;184,406,376,367,381,406,191,446;1;1;generator_v1;CC-BY-4.0;day,angle,glare
images/synthetic/synth_01575.jpg;A364HT716;type1;287,542,235,83;287,577,515,542,522,592,296,625;1;1;generator_v1;CC-BY-4.0;day,angle
images/synthetic/synth_01576.jpg;C146MC154;type1a;580,522,214,147;580,527,781,522,794,651,593,669;1;1;generator_v1;CC-BY-4.0;day,angle,glare
images/synthetic/synth_01577.jpg;K466XY163;type1;642,615,163,71;645,615,805,649,803,686,642,655;1;1;generator_v1;CC-BY-4.0;day,angle,glare,dirt
images/synthetic/synth_01578.jpg;B734ET78;type1a;929,66,218,144;929,66,1147,77,1146,210,934,192;1;1;generator_v1;CC-BY-4.0;day,angle,glare
images/synthetic/synth_01579.jpg;X288HM702;type1;793,417,178,52;793,428,967,417,971,462,796,469;1;1;generator_v1;CC-BY-4.0;day,angle,dirt
images/synthetic/synth_01580.jpg;O613PM02;type1a;407,208,227,142;407,231,597,208,634,317,441,350;1;1;generator_v1;CC-BY-4.0;day,angle,dirt
images/synthetic/synth_01581.jpg;H983AB97;type1b;63,280,258,87;63,317,315,280,321,331,73,367;1;1;generator_v1;CC-BY-4.0;day,angle
images/synthetic/synth_01582.jpg;T022KM93;type1b;409,340,489,164;409,409,889,340,898,439,430,504;1;1;generator_v1;CC-BY-4.0;day,angle
images/synthetic/synth_01583.jpg;T581BT154;type1b;944,397,248,67;959,397,1192,411,1176,464,944,458;1;1;generator_v1;CC-BY-4.0;day,angle,dirt
images/synthetic/synth_01584.jpg;B528AH102;type1a;183,287,315,218;213,287,498,321,466,504,183,505;1;1;generator_v1;CC-BY-4.0;day,angle,glare,dirt
images/synthetic/synth_01585.jpg;M925BM38;type1a;685,299,444,290;685,349,1107,299,1129,541,719,589;1;1;generator_v1;CC-BY-4.0;day,angle,dirt
images/synthetic/synth_01586.jpg;M098PY125;type1a;677,460,189,118;707,460,866,476,835,578,677,574;1;1;generator_v1;CC-BY-4.0;day,angle
images/synthetic/synth_01587.jpg;H906TC02;type1a;516,387,323,196;553,387,839,414,814,583,516,546;1;1;generator_v1;CC-BY-4.0;day,angle,dirt,motion_blur
images/synthetic/synth_01588.jpg;X250HT150;type1a;92,41,233,143;92,48,295,41,325,164,118,184;1;1;generator_v1;CC-BY-4.0;day,angle,glare,dirt
images/synthetic/synth_01589.jpg;X442YB799;type1b;772,136,231,72;772,152,995,136,1003,186,780,208;1;1;generator_v1;CC-BY-4.0;day,angle
images/synthetic/synth_01590.jpg;B198BO98;type1a;486,419,237,172;506,419,723,460,707,591,486,558;1;1;generator_v1;CC-BY-4.0;day,angle,dirt
images/synthetic/synth_01591.jpg;E683PC716;type1b;522,80,348,113;522,120,862,80,870,160,529,193;1;1;generator_v1;CC-BY-4.0;day,angle,glare,dirt,motion_blur
images/synthetic/synth_01592.jpg;X867BY138;type1;678,557,250,62;683,557,928,566,921,619,678,613;1;1;generator_v1;CC-BY-4.0;day,angle
images/synthetic/synth_01593.jpg;B625PB97;type1a;505,294,494,313;552,294,999,360,938,607,505,588;1;1;generator_v1;CC-BY-4.0;day,angle
images/synthetic/synth_01594.jpg;X884KK77;type1a;542,83,320,245;565,83,862,153,857,328,542,272;1;1;generator_v1;CC-BY-4.0;day,angle,motion_blur
images/synthetic/synth_01595.jpg;O595TM198;type1a;139,94,509,370;219,94,648,214,569,464,139,401;1;1;generator_v1;CC-BY-4.0;day,angle,glare
images/synthetic/synth_01596.jpg;X304CY198;type1b;183,498,359,108;183,527,535,498,542,589,190,606;1;1;generator_v1;CC-BY-4.0;day,angle,glare,dirt
images/synthetic/synth_01597.jpg;T404XA750;type1a;122,114,227,180;122,157,319,114,349,270,148,294;1;1;generator_v1;CC-BY-4.0;day,angle,glare
images/synthetic/synth_01598.jpg;P961AX152;type1a;394,156,463,301;394,156,856,167,857,457,427,405;1;1;generator_v1;CC-BY-4.0;day,angle,dirt
images/synthetic/synth_01599.jpg;M372ET196;type1b;512,395,175,60;512,418,681,395,687,435,518,455;1;1;generator_v1;CC-BY-4.0;day,angle,dirt,motion_blur
images/synthetic/synth_01600.jpg;A179OA198;type1a;227,61,219,161;247,61,446,78,425,222,227,191;1;1;generator_v1;CC-BY-4.0;day,angle,glare
images/synthetic/synth_01601.jpg;T871OP54;type1b;309,238,487,137;316,238,794,275,796,375,309,347;1;1;generator_v1;CC-BY-4.0;day,angle,glare
images/synthetic/synth_01602.jpg;Y880HT116;type1b;653,402,350,95;655,402,1003,425,996,497,653,475;1;1;generator_v1;CC-BY-4.0;day,angle
images/synthetic/synth_01603.jpg;O059EP750;type1a;944,90,232,153;959,90,1176,117,1160,243,944,216;1;1;generator_v1;CC-BY-4.0;day,angle
images/synthetic/synth_01604.jpg;K831HO702;type1b;911,305,214,87;918,305,1125,343,1117,392,911,351;1;1;generator_v1;CC-BY-4.0;day,angle,dirt
images/synthetic/synth_01605.jpg;H845PY174;type1;550,250,199,80;550,279,743,250,749,296,557,330;1;1;generator_v1;CC-BY-4.0;day,angle,motion_blur
images/synthetic/synth_01606.jpg;K474MK93;type1b;536,106,347,110;536,135,876,106,883,179,544,216;1;1;generator_v1;CC-BY-4.0;day,angle,dirt
images/synthetic/synth_01607.jpg;M063CA761;type1b;318,157,417,123;318,191,730,157,735,260,319,280;1;1;generator_v1;CC-BY-4.0;day,angle,glare
images/synthetic/synth_01608.jpg;P048BM99;type1a;562,387,396,264;562,433,939,387,958,599,593,651;1;1;generator_v1;CC-BY-4.0;day,angle
images/synthetic/synth_01609.jpg;A223EP761;type1a;707,402,363,222;707,418,1056,402,1070,624,732,616;1;1;generator_v1;CC-BY-4.0;day,angle,motion_blur
images/synthetic/synth_01610.jpg;Y791BH150;type1b;593,580,410,98;593,580,1003,584,1003,678,599,665;1;1;generator_v1;CC-BY-4.0;day,angle,glare
images/synthetic/synth_01611.jpg;O474OA50;type1b;67,37,326,84;70,37,393,55,387,121,67,106;1;1;generator_v1;CC-BY-4.0;day,angle,dirt
images/synthetic/synth_01612.jpg;K483TP93;type1a;916,325,197,130;922,331,1113,325,1102,439,916,455;1;1;generator_v1;CC-BY-4.0;day,angle,dirt
images/synthetic/synth_01613.jpg;O317PH98;type1a;537,390,359,239;537,422,820,390,896,561,614,629;1;1;generator_v1;CC-BY-4.0;day,angle,dirt
images/synthetic/synth_01614.jpg;O748OM152;type1a;465,109,504,344;465,194,924,109,969,392,516,453;1;1;generator_v1;CC-BY-4.0;day,angle,dirt,motion_blur
images/synthetic/synth_01615.jpg;O624CX66;type1a;336,102,412,319;336,102,720,182,748,421,340,394;1;1;generator_v1;CC-BY-4.0;day,angle,glare,dirt
images/synthetic/synth_01616.jpg;H165PE38;type1a;658,123,430,337;658,165,1062,123,1088,367,699,460;1;1;generator_v1;CC-BY-4.0;day,angle,glare
images/synthetic/synth_01617.jpg;O676XC196;type1a;688,330,279,184;688,370,939,330,967,472,709,514;1;1;generator_v1;CC-BY-4.0;day,angle,dirt
images/synthetic/synth_01618.jpg;H823TY125;type1;449,315,262,90;455,315,711,348,707,405,449,377;1;1;generator_v1;CC-BY-4.0;day,angle
images/synthetic/synth_01619.jpg;P391TK198;type1b;199,384,206,65;199,407,402,384,405,428,199,449;1;1;generator_v1;CC-BY-4.0;day,angle,glare,motion_blur
images/synthetic/synth_01620.jpg;H604OO790;type1a;201,100,463,270;245,100,664,120,648,370,201,332;1;1;generator_v1;CC-BY-4.0;day,angle,glare,motion_blur
images/synthetic/synth_01621.jpg;E462PH74;type1b;406,298,250,70;409,298,656,312,653,368,406,351;1;1;generator_v1;CC-BY-4.0;day,angle,dirt
images/synthetic/synth_01622.jpg;C644OY61;type1b;223,86,246,89;223,127,460,86,469,135,234,175;1;1;generator_v1;CC-BY-4.0;day,angle
images/synthetic/synth_01623.jpg;M352CA99;type1a;164,216,291,192;164,253,412,216,455,397,208,408;1;1;generator_v1;CC-BY-4.0;day,angle,glare
images/synthetic/synth_01624.jpg;X244XA66;type1a;595,244,480,268;608,244,1075,267,1029,508,595,512;1;1;generator_v1;CC-BY-4.0;day,angle
images/synthetic/synth_01625.jpg;P693KE96;type1b;249,84,389,150;259,84,638,157,620,234,249,161;1;1;generator_v1;CC-BY-4.0;day,angle
images/synthetic/synth_01626.jpg;P570BB716;type1a;590,170,381,268;641,170,971,229,920,438,590,429;1;1;generator_v1;CC-BY-4.0;day,angle
images/synthetic/synth_01627.jpg;T856MX797;type1b;700,491,349,119;704,491,1049,539,1038,610,700,560;1;1;generator_v1;CC-BY-4.0;day,angle,glare,dirt
images/synthetic/synth_01628.jpg;K395PA66;type1a;617,359,346,238;656,359,963,418,936,597,617,537;1;1;generator_v1;CC-BY-4.0;day,angle,glare,dirt
images/synthetic/synth_01629.jpg;P465TK190;type1a;734,371,215,152;734,408,929,371,949,490,752,523;1;1;generator_v1;CC-BY-4.0;day,angle
images/synthetic/synth_01630.jpg;A390ME177;type1;333,170,393,122;345,170,726,219,706,292,333,250;1;1;generator_v1;CC-BY-4.0;day,angle,dirt
images/synthetic/synth_01631.jpg;H972YT61;type1a;574,104,397,313;574,197,938,104,971,353,582,417;1;1;generator_v1;CC-BY-4.0;day,angle,glare,dirt
images/synthetic/synth_01632.jpg;O933OA61;type1b;494,339,376,117;494,372,862,339,870,440,502,456;1;1;generator_v1;CC-BY-4.0;day,angle
images/synthetic/synth_01633.jpg;M501EB161;type1b;154,73,364,107;158,73,518,99,515,180,154,169;1;1;generator_v1;CC-BY-4.0;day,angle
images/synthetic/synth_01634.jpg;X513AM161;type1b;227,227,378,87;227,234,603,227,605,309,228,314;1;1;generator_v1;CC-BY-4.0;day,angle,dirt,motion_blur
images/synthetic/synth_01635.jpg;K963MO138;type1b;284,27,367,148;304,27,651,81,631,175,284,105;1;1;generator_v1;CC-BY-4.0;day,angle
images/synthetic/synth_01636.jpg;X527EC63;type1b;695,535,449,135;695,535,1144,560,1142,670,700,630;1;1;generator_v1;CC-BY-4.0;day,angle
images/synthetic/synth_01637.jpg;C821KK761;type1a;1025,106,191,134;1025,133,1200,106,1216,209,1041,240;1;1;generator_v1;CC-BY-4.0;day,angle,glare,motion_blur
images/synthetic/synth_01638.jpg;Y136OA123;type1b;189,528,424,127;201,528,613,562,604,655,189,615;1;1;generator_v1;CC-BY-4.0;day,angle,glare
images/synthetic/synth_01639.jpg;T067AE63;type1;689,480,327,116;689,480,1011,521,1016,596,691,570;1;1;generator_v1;CC-BY-4.0;day,angle,dirt,motion_blur
images/synthetic/synth_01640.jpg;K601AX152;type1a;296,80,214,174;296,128,496,80,510,218,304,254;1;1;generator_v1;CC-BY-4.0;day,angle
images/synthetic/synth_01641.jpg;Y969CY777;type1a;605,31,235,153;638,31,840,57,810,184,605,149;1;1;generator_v1;CC-BY-4.0;day,angle
images/synthetic/synth_01642.jpg;X843TB190;type1a;259,140,475,309;259,188,685,140,734,449,320,434;1;1;generator_v1;CC-BY-4.0;day,angle
images/synthetic/synth_01643.jpg;H055HT152;type1b;107,479,321,122;119,479,428,540,411,601,107,542;1;1;generator_v1;CC-BY-4.0;day,angle
images/synthetic/synth_01644.jpg;H595MY54;type1b;90,414,381,115;98,414,471,452,460,529,90,498;1;1;generator_v1;CC-BY-4.0;day,angle,glare
images/synthetic/synth_01645.jpg;C699OC123;type1a;505,55,284,198;512,55,789,78,776,253,505,217;1;1;generator_v1;CC-BY-4.0;day,angle,glare,dirt
images/synthetic/synth_01646.jpg;C741PH102;type1b;493,556,213,77;493,580,702,556,706,605,498,633;1;1;generator_v1;CC-BY-4.0;day,angle
images/synthetic/synth_01647.jpg;X858CX797;type1a;763,331,416,279;816,331,1179,377,1135,610,763,539;1;1;generator_v1;CC-BY-4.0;day,angle,glare
images/synthetic/synth_01648.jpg;P234YH761;type1b;266,413,458,118;267,428,724,413,712,504,266,531;1;1;generator_v1;CC-BY-4.0;day,angle,dirt
images/synthetic/synth_01649.jpg;B165YP74;type1b;265,138,256,84;273,138,521,170,516,222,265,190;1;1;generator_v1;CC-BY-4.0;day,angle,glare
images/synthetic/synth_01650.jpg;B494PY777;type1a;299,310,477,335;299,379,726,310,776,555,349,645;1;1;generator_v1;CC-BY-4.0;day,angle
images/synthetic/synth_01651.jpg;Y024TE97;type1b;754,15,193,73;761,15,947,50,939,88,754,54;1;1;generator_v1;CC-BY-4.0;day,angle
images/synthetic/synth_01652.jpg;A303CP96;type1b;396,580,426,139;406,580,822,630,810,719,396,669;1;1;generator_v1;CC-BY-4.0;day,angle,motion_blur
images/synthetic/synth_01653.jpg;X363OO190;type1;173,186,390,131;184,186,563,238,560,317,173,269;1;1;generator_v1;CC-BY-4.0;day,angle,glare
images/synthetic/synth_01654.jpg;A053TA102;type1a;781,420,213,116;793,420,994,420,987,536,781,532;1;1;generator_v1;CC-BY-4.0;day,angle,dirt
images/synthetic/synth_01655.jpg;E939XO52;type1;673,406,237,55;673,409,907,406,910,456,675,461;1;1;generator_v1;CC-BY-4.0;day,angle,glare,dirt
images/synthetic/synth_01656.jpg;T019YK66;type1b;261,559,436,158;286,559,697,628,680,717,261,640;1;1;generator_v1;CC-BY-4.0;day,angle,glare,dirt
images/synthetic/synth_01657.jpg;M927KY125;type1a;500,190,203,129;510,190,703,208,690,319,500,301;1;1;generator_v1;CC-BY-4.0;day,angle
images/synthetic/synth_01658.jpg;Y257OH54;type1;211,384,389,130;211,428,582,384,600,461,225,514;1;1;generator_v1;CC-BY-4.0;day,angle,dirt
images/synthetic/synth_01659.jpg;M319HT763;type1a;96,422,391,222;118,422,484,437,487,644,96,627;1;1;generator_v1;CC-BY-4.0;day,angle,dirt
images/synthetic/synth_01660.jpg;E439KH774;type1b;1024,667,171,47;1024,674,1194,667,1195,705,1025,714;1;1;generator_v1;CC-BY-4.0;day,angle,glare,dirt
images/synthetic/synth_01661.jpg;H229YC50;type1b;677,172,430,139;677,222,1083,172,1107,285,703,311;1;1;generator_v1;CC-BY-4.0;day,angle,glare
images/synthetic/synth_01662.jpg;P985PP154;type1;582,504,440,123;584,504,1013,539,1022,627,582,602;1;1;generator_v1;CC-BY-4.0;day,angle,glare
images/synthetic/synth_01663.jpg;Y931MT763;type1b;729,376,352,98;729,400,1065,376,1081,465,748,474;1;1;generator_v1;CC-BY-4.0;day,angle
images/synthetic/synth_01664.jpg;M052HP78;type1b;168,397,156,43;168,397,319,403,324,440,174,432;1;1;generator_v1;CC-BY-4.0;day,angle
images/synthetic/synth_01665.jpg;B782XM199;type1;646,221,238,56;653,224,884,221,879,277,646,275;1;1;generator_v1;CC-BY-4.0;day,angle,glare
images/synthetic/synth_01666.jpg;T642BC761;type1a;674,144,194,144;674,144,858,154,868,288,688,264;1;1;generator_v1;CC-BY-4.0;day,angle,motion_blur
images/synthetic/synth_01667.jpg;O612BA138;type1b;200,248,278,97;213,248,478,275,465,345,200,309;1;1;generator_v1;CC-BY-4.0;day,angle,glare,motion_blur
images/synthetic/synth_01668.jpg;X336KK102;type1a;530,291,482,301;594,295,1012,291,964,592,530,540;1;1;generator_v1;CC-BY-4.0;day,angle,motion_blur
images/synthetic/synth_01669.jpg;C140XB193;type1b;390,280,272,75;394,280,662,299,661,355,390,338;1;1;generator_v1;CC-BY-4.0;day,angle,glare
images/synthetic/synth_01670.jpg;B873OA93;type1b;246,604,209,74;258,604,455,634,442,678,246,652;1;1;generator_v1;CC-BY-4.0;day,angle,glare,dirt
images/synthetic/synth_01671.jpg;H461ET138;type1a;175,99,412,244;190,99,587,109,586,343,175,330;1;1;generator_v1;CC-BY-4.0;day,angle
images/synthetic/synth_01672.jpg;T810YC102;type1a;200,120,343,229;218,120,543,160,536,349,200,319;1;1;generator_v1;CC-BY-4.0;day,angle
images/synthetic/synth_01673.jpg;X979HH52;type1a;664,374,222,172;692,374,886,404,855,546,664,501;1;1;generator_v1;CC-BY-4.0;day,angle
images/synthetic/synth_01674.jpg;M625MY125;type1a;344,213,467,320;364,213,811,270,771,533,344,462;1;1;generator_v1;CC-BY-4.0;day,angle
images/synthetic/synth_01675.jpg;P402YH199;type1b;365,350,415,106;365,363,773,350,780,436,369,456;1;1;generator_v1;CC-BY-4.0;day,angle,glare,dirt
images/synthetic/synth_01676.jpg;H356XB52;type1a;437,265,441,294;499,265,878,292,822,559,437,487;1;1;generator_v1;CC-BY-4.0;day,angle
images/synthetic/synth_01677.jpg;H446EP152;type1a;121,268,335,214;121,314,416,268,456,430,146,482;1;1;generator_v1;CC-BY-4.0;day,angle,glare
images/synthetic/synth_01678.jpg;A197AO52;type1a;428,249,194,147;428,249,619,254,622,396,433,376;1;1;generator_v1;CC-BY-4.0;day,angle,glare
images/synthetic/synth_01679.jpg;A875XO74;type1a;427,96,287,202;427,96,703,98,714,274,438,298;1;1;generator_v1;CC-BY-4.0;day,angle,motion_blur
images/synthetic/synth_01680.jpg;O241MM150;type1b;920,624,198,72;920,652,1113,624,1118,665,926,696;1;1;generator_v1;CC-BY-4.0;day,angle,glare,motion_blur
images/synthetic/synth_01681.jpg;H616KC78;type1a;181,94,494,316;208,94,675,168,616,410,181,348;1;1;generator_v1;CC-BY-4.0;day,angle
images/synthetic/synth_01682.jpg;T955XP52;type1;216,506,200,72;223,506,416,534,408,578,216,547;1;1;generator_v1;CC-BY-4.0;day,angle
images/synthetic/synth_01683.jpg;A229TB790;type1b;655,334,341,133;669,334,996,397,985,467,655,405;1;1;generator_v1;CC-BY-4.0;day,angle
images/synthetic/synth_01684.jpg;T121HY98;type1b;512,559,203,60;512,575,714,559,715,606,512,619;1;1;generator_v1;CC-BY-4.0;day,angle
images/synthetic/synth_01685.jpg;M696AH77;type1;808,494,189,54;808,511,990,494,997,533,817,548;1;1;generator_v1;CC-BY-4.0;day,angle,glare,dirt
images/synthetic/synth_01686.jpg;E736BE38;type1;298,154,193,47;304,159,491,154,486,199,298,201;1;1;generator_v1;CC-BY-4.0;day,angle,glare
images/synthetic/synth_01687.jpg;A562TX78;type1b;302,33,278,103;302,78,573,33,580,90,312,136;1;1;generator_v1;CC-BY-4.0;day,angle
images/synthetic/synth_01688.jpg;M437CT154;type1b;316,255,183,61;316,278,495,255,499,294,319,316;1;1;generator_v1;CC-BY-4.0;day,angle,glare
images/synthetic/synth_01689.jpg;O112EO197;type1b;681,208,317,90;694,208,998,228,984,298,681,290;1;1;generator_v1;CC-BY-4.0;day,angle
images/synthetic/synth_01690.jpg;H596KO199;type1b;888,249,214,94;897,249,1102,284,1092,343,888,301;1;1;generator_v1;CC-BY-4.0;day,angle,dirt
images/synthetic/synth_01691.jpg;Y994TH198;type1;454,457,420,154;485,457,874,503,844,611,454,541;1;1;generator_v1;CC-BY-4.0;day,angle,glare
images/synthetic/synth_01692.jpg;P543MA199;type1;130,430,301,71;131,430,431,437,430,501,130,496;1;1;generator_v1;CC-BY-4.0;day,angle,dirt
images/synthetic/synth_01693.jpg;C045OA125;type1a;709,84,428,267;709,124,1093,84,1137,351,766,344;1;1;generator_v1;CC-BY-4.0;day,angle,dirt
images/synthetic/synth_01694.jpg;O362OM163;type1b;367,283,390,107;367,283,757,304,752,390,367,364;1;1;generator_v1;CC-BY-4.0;day,angle
images/synthetic/synth_01695.jpg;C903BA125;type1;672,78,204,89;675,117,876,78,875,134,672,167;1;1;generator_v1;CC-BY-4.0;day,angle,dirt
images/synthetic/synth_01696.jpg;A638YX66;type1a;185,141,240,164;200,141,425,166,409,305,185,273;1;1;generator_v1;CC-BY-4.0;day,angle,glare
images/synthetic/synth_01697.jpg;K120XO52;type1;525,540,284,81;525,540,803,543,809,621,533,606;1;1;generator_v1;CC-BY-4.0;day,angle
images/synthetic/synth_01698.jpg;X721KE197;type1a;777,88,315,211;783,103,1092,88,1073,264,777,299;1;1;generator_v1;CC-BY-4.0;day,angle
images/synthetic/synth_01699.jpg;T246OB178;type1a;402,371,228,140;402,383,623,371,630,501,404,511;1;1;generator_v1;CC-BY-4.0;day,angle,dirt
images/synthetic/synth_01700.jpg;B461XM25;type1b;734,419,356,126;741,419,1090,469,1087,545,734,505;1;1;generator_v1;CC-BY-4.0;day,angle
images/synthetic/synth_01701.jpg;B945HH25;type1a;220,217,423,287;220,267,594,217,643,431,262,504;1;1;generator_v1;CC-BY-4.0;day,angle,motion_blur
images/synthetic/synth_01702.jpg;P557PA23;type1b;117,487,372,115;117,516,489,487,483,564,119,602;1;1;generator_v1;CC-BY-4.0;day,angle,dirt
images/synthetic/synth_01703.jpg;O099CB50;type1;764,582,243,84;764,613,993,582,1007,631,777,666;1;1;generator_v1;CC-BY-4.0;day,angle
images/synthetic/synth_01704.jpg;M494PE196;type1b;313,125,486,145;318,125,799,163,790,270,313,225;1;1;generator_v1;CC-BY-4.0;day,angle
images/synthetic/synth_01705.jpg;T736CE161;type1;790,403,321,115;805,403,1111,442,1098,518,790,470;1;1;generator_v1;CC-BY-4.0;day,angle,glare
images/synthetic/synth_01706.jpg;O024ET750;type1b;450,126,493,159;453,188,930,126,943,230,450,285;1;1;generator_v1;CC-BY-4.0;day,angle,dirt
images/synthetic/synth_01707.jpg;E737XA61;type1b;141,584,432,100;141,597,573,584,568,669,147,684;1;1;generator_v1;CC-BY-4.0;day,angle
images/synthetic/synth_01708.jpg;Y959AA750;type1b;263,513,319,123;274,513,582,569,574,636,263,586;1;1;generator_v1;CC-BY-4.0;day,angle,glare,dirt
images/synthetic/synth_01709.jpg;H913EE198;type1a;736,303,385,228;736,308,1121,303,1119,523,743,531;1;1;generator_v1;CC-BY-4.0;day,angle,glare,dirt,motion_blur
images/synthetic/synth_01710.jpg;K872YO161;type1b;501,94,178,58;501,94,676,109,679,152,503,140;1;1;generator_v1;CC-BY-4.0;day,angle,glare,dirt
images/synthetic/synth_01711.jpg;B030BY761;type1b;711,37,289,79;714,37,1000,53,997,116,711,108;1;1;generator_v1;CC-BY-4.0;day,angle
images/synthetic/synth_01712.jpg;P891AX777;type1;167,506,308,101;167,537,470,506,475,571,173,607;1;1;generator_v1;CC-BY-4.0;day,angle
images/synthetic/synth_01713.jpg;T950YE761;type1a;336,305,472,334;370,305,808,383,806,639,336,587;1;1;generator_v1;CC-BY-4.0;day,angle,motion_blur
images/synthetic/synth_01714.jpg;H705TE161;type1b;833,340,307,104;833,367,1128,340,1140,406,845,444;1;1;generator_v1;CC-BY-4.0;day,angle,glare
images/synthetic/synth_01715.jpg;E701BK52;type1a;482,305,432,291;496,314,914,305,876,540,482,596;1;1;generator_v1;CC-BY-4.0;day,angle,motion_blur
images/synthetic/synth_01716.jpg;O473TE52;type1;349,224,381,153;349,224,730,278,725,377,353,307;1;1;generator_v1;CC-BY-4.0;day,angle,glare,motion_blur
images/synthetic/synth_01717.jpg;K717BA38;type1b;401,276,444,159;401,350,819,276,845,380,431,435;1;1;generator_v1;CC-BY-4.0;day,angle,glare
images/synthetic/synth_01718.jpg;B882EB23;type1b;214,218,439,114;216,218,653,231,651,326,214,332;1;1;generator_v1;CC-BY-4.0;day,angle
images/synthetic/synth_01719.jpg;O312EA174;type1;622,561,240,89;631,561,862,595,854,650,622,623;1;1;generator_v1;CC-BY-4.0;day,angle
images/synthetic/synth_01720.jpg;B677EE196;type1a;271,173,494,365;318,173,765,275,751,538,271,465;1;1;generator_v1;CC-BY-4.0;day,angle
images/synthetic/synth_01721.jpg;H947KX193;type1b;455,605,237,63;455,605,684,619,692,668,459,659;1;1;generator_v1;CC-BY-4.0;day,angle,glare,dirt
images/synthetic/synth_01722.jpg;H784BE152;type1a;984,489,215,162;1021,489,1199,530,1163,651,984,625;1;1;generator_v1;CC-BY-4.0;day,angle,dirt,motion_blur
images/synthetic/synth_01723.jpg;A790AP196;type1b;553,66,244,57;553,66,794,69,797,122,554,123;1;1;generator_v1;CC-BY-4.0;day,angle
images/synthetic/synth_01724.jpg;B497HC716;type1a;295,133,509,330;295,186,776,133,804,418,326,463;1;1;generator_v1;CC-BY-4.0;day,angle,glare,motion_blur
images/synthetic/synth_01725.jpg;K689AA178;type1a;507,186,498,288;520,186,1005,220,961,474,507,463;1;1;generator_v1;CC-BY-4.0;day,angle,glare
images/synthetic/synth_01726.jpg;O586HA163;type1a;498,86,470,308;571,86,968,137,909,394,498,306;1;1;generator_v1;CC-BY-4.0;day,angle,dirt
images/synthetic/synth_01727.jpg;X573HH63;type1a;560,206,230,138;560,208,789,206,790,344,560,342;1;1;generator_v1;CC-BY-4.0;day,angle,glare,motion_blur
images/synthetic/synth_01728.jpg;B898PK78;type1b;201,229,332,92;215,229,533,230,521,321,201,303;1;1;generator_v1;CC-BY-4.0;day,angle,glare
images/synthetic/synth_01729.jpg;T610KT02;type1b;125,312,501,128;125,339,625,312,626,415,137,440;1;1;generator_v1;CC-BY-4.0;day,angle
images/synthetic/synth_01730.jpg;H813MC23;type1a;620,85,331,245;620,85,930,128,951,330,632,329;1;1;generator_v1;CC-BY-4.0;day,angle,motion_blur
images/synthetic/synth_01731.jpg;Y763HE777;type1a;585,456,225,150;596,456,810,468,798,604,585,606;1;1;generator_v1;CC-BY-4.0;day,angle,glare,dirt,motion_blur
images/synthetic/synth_01732.jpg;O383CH178;type1a;242,291,245,161;242,291,472,292,487,452,262,433;1;1;generator_v1;CC-BY-4.0;day,angle
images/synthetic/synth_01733.jpg;H264CY77;type1b;794,84,177,60;794,100,971,84,971,125,795,144;1;1;generator_v1;CC-BY-4.0;day,angle,dirt
images/synthetic/synth_01734.jpg;E999KB797;type1a;78,304,231,154;116,304,309,333,273,458,78,419;1;1;generator_v1;CC-BY-4.0;day,angle,glare
images/synthetic/synth_01735.jpg;B539AK38;type1a;469,115,249,164;475,115,718,136,717,279,469,265;1;1;generator_v1;CC-BY-4.0;day,angle,glare,dirt
images/synthetic/synth_01736.jpg;Y256BY799;type1b;284,378,342,94;284,378,624,387,626,472,290,452;1;1;generator_v1;CC-BY-4.0;day,angle
images/synthetic/synth_01737.jpg;E440HE50;type1b;808,322,226,64;810,322,1034,331,1033,386,808,385;1;1;generator_v1;CC-BY-4.0;day,angle,glare,dirt
images/synthetic/synth_01738.jpg;O478HT93;type1a;204,64,443,283;204,64,600,83,647,318,235,347;1;1;generator_v1;CC-BY-4.0;day,angle,dirt
images/synthetic/synth_01739.jpg;P943BE23;type1a;592,266,279,172;592,279,865,266,871,436,601,438;1;1;generator_v1;CC-BY-4.0;day,angle
images/synthetic/synth_01740.jpg;H087PE93;type1b;152,504,288,86;152,504,440,520,440,590,156,567;1;1;generator_v1;CC-BY-4.0;day,angle
images/synthetic/synth_01741.jpg;M111PM174;type1;545,355,406,138;574,355,951,415,920,493,545,452;1;1;generator_v1;CC-BY-4.0;day,angle,glare
images/synthetic/synth_01742.jpg;P058AY178;type1b;595,403,432,141;595,457,1014,403,1027,498,611,544;1;1;generator_v1;CC-BY-4.0;day,angle
images/synthetic/synth_01743.jpg;M638MM196;type1;502,25,398,164;502,102,890,25,900,106,519,189;1;1;generator_v1;CC-BY-4.0;day,angle
images/synthetic/synth_01744.jpg;A916KO178;type1a;930,23,187,110;933,28,1116,23,1117,130,930,133;1;1;generator_v1;CC-BY-4.0;day,angle,dirt
images/synthetic/synth_01745.jpg;B305TP52;type1a;696,504,188,111;697,504,884,507,882,615,696,613;1;1;generator_v1;CC-BY-4.0;day,angle,glare
images/synthetic/synth_01746.jpg;K502AK78;type1b;643,486,383,136;655,486,1026,543,1016,622,643,570;1;1;generator_v1;CC-BY-4.0;day,angle,motion_blur
images/synthetic/synth_01747.jpg;P960AE761;type1b;359,212,440,176;376,212,799,284,780,388,359,303;1;1;generator_v1;CC-BY-4.0;day,angle,motion_blur
images/synthetic/synth_01748.jpg;C787CX777;type1;923,325,178,45;924,325,1101,334,1101,370,923,363;1;1;generator_v1;CC-BY-4.0;day,angle,glare,dirt
images/synthetic/synth_01749.jpg;M502ET163;type1a;698,196,211,133;698,218,874,196,909,298,731,329;1;1;generator_v1;CC-BY-4.0;day,angle,glare
images/synthetic/synth_01750.jpg;O848KP125;type1a;200,121,345,217;211,121,545,146,527,338,200,312;1;1;generator_v1;CC-BY-4.0;day,angle,glare,dirt
images/synthetic/synth_01751.jpg;H775YO61;type1b;293,235,213,74;295,235,505,265,506,309,293,282;1;1;generator_v1;CC-BY-4.0;day,angle,glare
images/synthetic/synth_01752.jpg;C393TY61;type1b;908,184,302,101;917,184,1210,218,1202,285,908,247;1;1;generator_v1;CC-BY-4.0;day,angle
images/synthetic/synth_01753.jpg;O406PX190;type1;822,367,220,91;829,367,1042,411,1033,458,822,413;1;1;generator_v1;CC-BY-4.0;day,angle,dirt
images/synthetic/synth_01754.jpg;X051HT116;type1a;141,288,359,296;141,327,466,288,500,499,185,584;1;1;generator_v1;CC-BY-4.0;day,angle,glare
images/synthetic/synth_01755.jpg;B120CY38;type1b;809,541,205,78;809,574,1002,541,1014,590,822,619;1;1;generator_v1;CC-BY-4.0;day,angle
images/synthetic/synth_01756.jpg;T420EC93;type1a;102,60,377,261;102,112,465,60,479,261,133,321;1;1;generator_v1;CC-BY-4.0;day,angle
images/synthetic/synth_01757.jpg;K018BB102;type1;216,405,348,142;239,405,564,468,543,547,216,474;1;1;generator_v1;CC-BY-4.0;day,angle,glare,motion_blur
images/synthetic/synth_01758.jpg;M376MK98;type1b;718,68,326,123;743,68,1044,115,1020,191,718,132;1;1;generator_v1;CC-BY-4.0;day,angle,motion_blur
images/synthetic/synth_01759.jpg;P813CO150;type1;105,380,320,136;105,436,425,380,425,451,112,516;1;1;generator_v1;CC-BY-4.0;day,angle,glare
images/synthetic/synth_01760.jpg;K853PO774;type1b;151,14,339,80;153,23,489,14,490,90,151,94;1;1;generator_v1;CC-BY-4.0;day,angle,glare
images/synthetic/synth_01761.jpg;E125TB763;type1b;288,321,414,117;301,321,702,350,695,438,288,403;1;1;generator_v1;CC-BY-4.0;day,angle,dirt,motion_blur
images/synthetic/synth_01762.jpg;T160XT174;type1b;542,542,395,130;546,542,937,581,936,672,542,655;1;1;generator_v1;CC-BY-4.0;day,angle
images/synthetic/synth_01763.jpg;A951BB193;type1b;399,0,218,84;399,36,610,0,617,38,408,84;1;1;generator_v1;CC-BY-4.0;day,angle,glare
images/synthetic/synth_01764.jpg;Y913PP102;type1;267,111,370,107;278,111,637,147,620,218,267,190;1;1;generator_v1;CC-BY-4.0;day,angle,glare,motion_blur
images/synthetic/synth_01765.jpg;O048PC63;type1b;292,281,429,157;307,281,721,352,703,438,292,372;1;1;generator_v1;CC-BY-4.0;day,angle
images/synthetic/synth_01766.jpg;E941MA152;type1a;163,235,435,328;218,235,598,258,537,563,163,475;1;1;generator_v1;CC-BY-4.0;day,angle
images/synthetic/synth_01767.jpg;M029TK16;type1b;376,246,502,148;387,246,878,291,874,394,376,353;1;1;generator_v1;CC-BY-4.0;day,angle,glare
images/synthetic/synth_01768.jpg;C666XM790;type1b;317,288,386,106;319,292,703,288,701,394,317,379;1;1;generator_v1;CC-BY-4.0;day,angle,glare
images/synthetic/synth_01769.jpg;Y165KH763;type1;733,102,299,124;738,102,1032,160,1032,226,733,177;1;1;generator_v1;CC-BY-4.0;day,angle
images/synthetic/synth_01770.jpg;O148AB196;type1;482,152,190,43;482,155,671,152,672,194,484,195;1;1;generator_v1;CC-BY-4.0;day,angle
images/synthetic/synth_01771.jpg;A071KY174;type1b;736,76,197,66;741,76,933,102,927,142,736,116;1;1;generator_v1;CC-BY-4.0;day,angle
images/synthetic/synth_01772.jpg;P349HT178;type1;529,593,222,70;529,593,748,611,751,663,531,651;1;1;generator_v1;CC-BY-4.0;day,angle,dirt
images/synthetic/synth_01773.jpg;O644PA193;type1;502,487,345,117;511,487,847,532,839,604,502,566;1;1;generator_v1;CC-BY-4.0;day,angle,motion_blur
images/synthetic/synth_01774.jpg;B188OK196;type1a;420,291,454,311;450,291,874,354,852,602,420,567;1;1;generator_v1;CC-BY-4.0;day,angle,glare,dirt
images/synthetic/synth_01775.jpg;Y038MP38;type1b;763,175,269,91;763,200,1015,175,1032,232,779,266;1;1;generator_v1;CC-BY-4.0;day,angle,glare,dirt
images/synthetic/synth_01776.jpg;T666OX174;type1;450,273,324,101;455,273,773,307,774,374,450,345;1;1;generator_v1;CC-BY-4.0;day,angle,dirt,motion_blur
images/synthetic/synth_01777.jpg;A347MA96;type1a;937,355,192,115;937,362,1127,355,1129,464,943,470;1;1;generator_v1;CC-BY-4.0;day,angle,glare
images/synthetic/synth_01778.jpg;O892MB797;type1b;709,382,271,73;709,382,979,386,980,449,710,455;1;1;generator_v1;CC-BY-4.0;day,angle,dirt
images/synthetic/synth_01779.jpg;K969AK138;type1b;796,161,328,131;796,222,1122,161,1124,227,805,292;1;1;generator_v1;CC-BY-4.0;day,angle
images/synthetic/synth_01780.jpg;M413OT77;type1b;125,504,497,171;141,504,622,574,611,675,125,609;1;1;generator_v1;CC-BY-4.0;day,angle
images/synthetic/synth_01781.jpg;H996PE777;type1b;596,315,392,172;603,315,988,376,974,487,596,405;1;1;generator_v1;CC-BY-4.0;day,angle,dirt
images/synthetic/synth_01782.jpg;X790MT98;type1;730,607,359,84;736,608,1089,607,1086,691,730,683;1;1;generator_v1;CC-BY-4.0;day,angle
images/synthetic/synth_01783.jpg;X386TY98;type1b;730,493,248,104;730,544,971,493,978,550,734,597;1;1;generator_v1;CC-BY-4.0;day,angle,dirt
images/synthetic/synth_01784.jpg;H858YB99;type1;337,645,259,61;337,645,596,646,596,702,337,706;1;1;generator_v1;CC-BY-4.0;day,angle,glare
images/synthetic/synth_01785.jpg;H192CE174;type1b;235,319,448,102;235,333,672,319,683,421,256,419;1;1;generator_v1;CC-BY-4.0;day,angle,dirt
images/synthetic/synth_01786.jpg;A019AH96;type1b;594,334,212,75;595,355,806,334,803,383,594,409;1;1;generator_v1;CC-BY-4.0;day,angle,motion_blur
images/synthetic/synth_01787.jpg;E698TC196;type1;246,541,473,109;247,541,719,558,705,650,246,640;1;1;generator_v1;CC-BY-4.0;day,angle
images/synthetic/synth_01788.jpg;Y450HP52;type1b;596,173,442,156;599,173,1038,235,1024,329,596,262;1;1;generator_v1;CC-BY-4.0;day,angle
images/synthetic/synth_01789.jpg;H848HC54;type1a;144,71,433,284;144,90,559,71,577,355,176,329;1;1;generator_v1;CC-BY-4.0;day,angle,dirt
images/synthetic/synth_01790.jpg;M855MX196;type1;75,353,264,79;87,353,339,376,331,432,75,405;1;1;generator_v1;CC-BY-4.0;day,angle
images/synthetic/synth_01791.jpg;C151OH761;type1a;241,171,354,229;304,171,595,227,529,400,241,378;1;1;generator_v1;CC-BY-4.0;day,angle
images/synthetic/synth_01792.jpg;M776YO93;type1b;770,184,352,136;785,184,1122,239,1106,320,770,256;1;1;generator_v1;CC-BY-4.0;day,angle,glare
images/synthetic/synth_01793.jpg;X164MH90;type1a;819,210,306,209;819,254,1107,210,1125,382,822,419;1;1;generator_v1;CC-BY-4.0;day,angle
images/synthetic/synth_01794.jpg;T941EY161;type1a;234,321,371,217;234,328,569,321,605,512,256,538;1;1;generator_v1;CC-BY-4.0;day,angle
images/synthetic/synth_01795.jpg;X692KO66;type1a;220,552,201,128;235,552,421,572,404,680,220,665;1;1;generator_v1;CC-BY-4.0;day,angle,dirt
images/synthetic/synth_01796.jpg;T777KE102;type1b;642,30,200,65;643,30,842,47,842,95,642,83;1;1;generator_v1;CC-BY-4.0;day,angle,glare
images/synthetic/synth_01797.jpg;Y041XO763;type1a;232,201,217,146;267,201,449,235,417,347,232,306;1;1;generator_v1;CC-BY-4.0;day,angle
images/synthetic/synth_01798.jpg;C349YY23;type1a;895,479,221,140;933,479,1116,499,1080,619,895,588;1;1;generator_v1;CC-BY-4.0;day,angle,dirt
images/synthetic/synth_01799.jpg;P540HT99;type1b;484,533,218,81;493,533,702,570,694,614,484,576;1;1;generator_v1;CC-BY-4.0;day,angle
images/synthetic/synth_01800.jpg;K528XC77;type1a;625,450,288,182;646,450,913,470,897,632,625,604;1;1;generator_v1;CC-BY-4.0;day,angle
images/synthetic/synth_01801.jpg;K248BB750;type1a;344,446,221,140;344,446,557,462,565,586,346,577;1;1;generator_v1;CC-BY-4.0;day,angle,glare
images/synthetic/synth_01802.jpg;M132MM38;type1a;286,185,361,222;286,185,624,210,647,407,292,404;1;1;generator_v1;CC-BY-4.0;day,angle,motion_blur
images/synthetic/synth_01803.jpg;B148AY197;type1a;154,427,333,234;154,473,472,427,487,631,156,661;1;1;generator_v1;CC-BY-4.0;day,angle,glare
images/synthetic/synth_01804.jpg;C849MB123;type1b;127,101,323,107;142,101,450,145,440,208,127,161;1;1;generator_v1;CC-BY-4.0;day,angle,glare,dirt
images/synthetic/synth_01805.jpg;C433OX23;type1b;718,248,190,77;730,248,908,283,896,325,718,287;1;1;generator_v1;CC-BY-4.0;day,angle,glare,dirt
images/synthetic/synth_01806.jpg;O240PK125;type1a;294,100,240,170;294,138,513,100,534,241,314,270;1;1;generator_v1;CC-BY-4.0;day,angle
images/synthetic/synth_01807.jpg;T190YY174;type1b;774,429,304,83;777,429,1077,449,1078,512,774,494;1;1;generator_v1;CC-BY-4.0;day,angle
images/synthetic/synth_01808.jpg;A249MO16;type1;379,640,229,67;387,640,608,654,601,707,379,689;1;1;generator_v1;CC-BY-4.0;day,angle,glare,dirt
images/synthetic/synth_01809.jpg;K002HP50;type1b;144,176,438,170;151,176,582,240,568,346,144,268;1;1;generator_v1;CC-BY-4.0;day,angle
images/synthetic/synth_01810.jpg;P048TO702;type1a;114,474,254,206;114,503,368,474,365,631,121,680;1;1;generator_v1;CC-BY-4.0;day,angle,glare,dirt
images/synthetic/synth_01811.jpg;T757EE23;type1b;229,66,468,151;242,66,697,124,695,217,229,164;1;1;generator_v1;CC-BY-4.0;day,angle,motion_blur
images/synthetic/synth_01812.jpg;P606BO163;type1b;389,94,367,118;405,94,756,139,748,212,389,163;1;1;generator_v1;CC-BY-4.0;day,angle,dirt
images/synthetic/synth_01813.jpg;B532BX23;type1a;546,175,430,249;546,185,976,175,962,405,558,424;1;1;generator_v1;CC-BY-4.0;day,angle,glare
images/synthetic/synth_01814.jpg;B522KB761;type1a;968,126,212,146;968,158,1148,126,1180,232,998,272;1;1;generator_v1;CC-BY-4.0;day,angle,glare,dirt,motion_blur
images/synthetic/synth_01815.jpg;M385MO761;type1b;818,204,218,86;833,204,1036,242,1022,290,818,248;1;1;generator_v1;CC-BY-4.0;day,angle,motion_blur
images/synthetic/synth_01816.jpg;O300AC761;type1a;311,286,496,329;311,348,798,286,807,546,356,615;1;1;generator_v1;CC-BY-4.0;day,angle,glare,dirt,motion_blur
images/synthetic/synth_01817.jpg;M898YX199;type1;282,415,469,161;306,415,751,476,735,576,282,505;1;1;generator_v1;CC-BY-4.0;day,angle,glare,motion_blur
images/synthetic/synth_01818.jpg;P315PA23;type1a;762,258,390,271;808,258,1152,295,1108,529,762,461;1;1;generator_v1;CC-BY-4.0;day,angle,dirt
images/synthetic/synth_01819.jpg;Y621KO763;type1;662,192,404,116;662,216,1066,192,1062,274,665,308;1;1;generator_v1;CC-BY-4.0;day,angle,glare
images/synthetic/synth_01820.jpg;O757TM93;type1a;546,291,341,265;561,291,885,359,887,556,546,514;1;1;generator_v1;CC-BY-4.0;day,angle,motion_blur
images/synthetic/synth_01821.jpg;K808YH152;type1a;525,278,535,360;525,350,1030,278,1060,564,575,638;1;1;generator_v1;CC-BY-4.0;day,angle,glare,dirt
images/synthetic/synth_01822.jpg;C425BB750;type1b;544,243,404,105;554,243,948,253,934,339,544,348;1;1;generator_v1;CC-BY-4.0;day,angle
images/synthetic/synth_01823.jpg;X917EB102;type1a;135,142,350,297;135,161,479,142,485,366,152,439;1;1;generator_v1;CC-BY-4.0;day,angle,dirt
images/synthetic/synth_01824.jpg;E648PE77;type1;769,344,407,117;774,344,1176,376,1176,461,769,437;1;1;generator_v1;CC-BY-4.0;day,angle,glare,dirt
images/synthetic/synth_01825.jpg;A627XO25;type1;257,309,466,112;257,323,719,309,723,408,258,421;1;1;generator_v1;CC-BY-4.0;day,angle,glare,dirt
images/synthetic/synth_01826.jpg;E110MH02;type1a;156,452,221,141;156,461,376,452,377,592,156,593;1;1;generator_v1;CC-BY-4.0;day,angle,glare,motion_blur
images/synthetic/synth_01827.jpg;C566BX125;type1;635,66,240,60;635,67,861,66,875,118,647,126;1;1;generator_v1;CC-BY-4.0;day,angle,dirt
images/synthetic/synth_01828.jpg;M070HP163;type1a;141,153,377,215;141,153,470,155,518,343,173,368;1;1;generator_v1;CC-BY-4.0;day,angle,glare
images/synthetic/synth_01829.jpg;T227KE174;type1b;720,237,202,77;732,237,922,272,910,314,720,282;1;1;generator_v1;CC-BY-4.0;day,angle,glare,dirt
images/synthetic/synth_01830.jpg;B829PP90;type1b;829,599,331,101;837,599,1160,629,1151,700,829,680;1;1;generator_v1;CC-BY-4.0;day,angle,glare,motion_blur
images/synthetic/synth_01831.jpg;Y329TB178;type1;45,312,218,73;50,312,263,340,257,385,45,358;1;1;generator_v1;CC-BY-4.0;day,angle,glare
images/synthetic/synth_01832.jpg;A194YO116;type1;725,96,372,126;725,135,1089,96,1097,205,732,222;1;1;generator_v1;CC-BY-4.0;day,angle,glare,dirt,motion_blur
images/synthetic/synth_01833.jpg;T795BY123;type1a;292,71,190,123;292,107,441,71,482,167,333,194;1;1;generator_v1;CC-BY-4.0;day,angle,motion_blur
images/synthetic/synth_01834.jpg;M946HX190;type1b;442,531,320,78;442,531,753,545,762,609,444,600;1;1;generator_v1;CC-BY-4.0;day,angle,glare,motion_blur
images/synthetic/synth_01835.jpg;T065KC763;type1b;386,402,453,103;386,403,839,402,838,505,388,498;1;1;generator_v1;CC-BY-4.0;day,angle,glare
images/synthetic/synth_01836.jpg;P488HE77;type1;188,519,493,110;188,525,681,519,680,622,191,629;1;1;generator_v1;CC-BY-4.0;day,angle,dirt
images/synthetic/synth_01837.jpg;O962EC96;type1b;373,476,466,108;373,489,839,476,838,573,381,584;1;1;generator_v1;CC-BY-4.0;day,angle
images/synthetic/synth_01838.jpg;O223YO50;type1b;702,169,242,97;710,169,944,217,939,266,702,219;1;1;generator_v1;CC-BY-4.0;day,angle,glare
images/synthetic/synth_01839.jpg;A359OY774;type1b;581,194,408,171;581,252,986,194,989,286,592,365;1;1;generator_v1;CC-BY-4.0;day,angle,glare,motion_blur
images/synthetic/synth_01840.jpg;Y801AX138;type1a;464,184,303,209;464,225,745,184,767,346,490,393;1;1;generator_v1;CC-BY-4.0;day,angle
images/synthetic/synth_01841.jpg;C341CE177;type1a;103,342,421,291;103,404,493,342,524,592,126,633;1;1;generator_v1;CC-BY-4.0;day,angle,dirt
images/synthetic/synth_01842.jpg;T716HT799;type1b;639,587,326,80;639,598,963,587,965,663,643,667;1;1;generator_v1;CC-BY-4.0;day,angle
images/synthetic/synth_01843.jpg;B043YB199;type1b;444,212,232,63;446,212,676,219,673,275,444,263;1;1;generator_v1;CC-BY-4.0;day,angle
images/synthetic/synth_01844.jpg;T355XM777;type1;722,119,429,141;722,156,1139,119,1151,209,734,260;1;1;generator_v1;CC-BY-4.0;day,angle
images/synthetic/synth_01845.jpg;Y107EE102;type1;55,149,198,63;55,173,247,149,253,189,63,212;1;1;generator_v1;CC-BY-4.0;day,angle,dirt,motion_blur
images/synthetic/synth_01846.jpg;K062AT98;type1;469,596,385,90;486,600,854,596,843,686,469,676;1;1;generator_v1;CC-BY-4.0;day,angle
images/synthetic/synth_01847.jpg;X612OM198;type1a;122,101,370,265;122,137,473,101,492,366,143,357;1;1;generator_v1;CC-BY-4.0;day,angle,glare,motion_blur
images/synthetic/synth_01848.jpg;K402YT25;type1;127,361,423,156;141,361,550,429,540,517,127,461;1;1;generator_v1;CC-BY-4.0;day,angle
images/synthetic/synth_01849.jpg;T761TA90;type1a;660,96,325,191;660,100,947,96,985,263,689,287;1;1;generator_v1;CC-BY-4.0;day,angle,glare
images/synthetic/synth_01850.jpg;P341XE61;type1a;553,282,328,208;553,288,880,282,881,470,559,490;1;1;generator_v1;CC-BY-4.0;day,angle
images/synthetic/synth_01851.jpg;M651KK138;type1b;546,244,431,93;546,249,977,244,976,337,554,336;1;1;generator_v1;CC-BY-4.0;day,angle
images/synthetic/synth_01852.jpg;P276KB78;type1b;591,106,388,114;591,116,977,106,979,220,594,206;1;1;generator_v1;CC-BY-4.0;day,angle,glare,motion_blur
images/synthetic/synth_01853.jpg;B621AP790;type1a;583,177,540,376;648,177,1123,263,1068,553,583,448;1;1;generator_v1;CC-BY-4.0;day,angle,glare,dirt
images/synthetic/synth_01854.jpg;P762KY193;type1b;313,277,453,174;313,360,749,277,766,372,333,451;1;1;generator_v1;CC-BY-4.0;day,angle,glare,dirt
images/synthetic/synth_01855.jpg;H800PO66;type1b;521,560,342,87;521,560,855,560,863,647,534,633;1;1;generator_v1;CC-BY-4.0;day,angle
images/synthetic/synth_01856.jpg;X906YM50;type1b;787,242,201,58;787,259,982,242,988,286,794,300;1;1;generator_v1;CC-BY-4.0;day,angle,glare
images/synthetic/synth_01857.jpg;K844OE61;type1b;619,430,271,97;619,469,882,430,890,491,626,527;1;1;generator_v1;CC-BY-4.0;day,angle,dirt
images/synthetic/synth_01858.jpg;K947XO25;type1;491,158,274,66;500,162,765,158,759,224,491,221;1;1;generator_v1;CC-BY-4.0;day,angle
images/synthetic/synth_01859.jpg;K501CX197;type1b;126,303,246,88;126,337,364,303,372,354,134,391;1;1;generator_v1;CC-BY-4.0;day,angle
images/synthetic/synth_01860.jpg;O801TC16;type1;409,240,439,166;409,317,827,240,848,327,422,406;1;1;generator_v1;CC-BY-4.0;day,angle
images/synthetic/synth_01861.jpg;A568PO190;type1a;225,229,240,165;225,257,430,229,465,353,259,394;1;1;generator_v1;CC-BY-4.0;day,angle,dirt
images/synthetic/synth_01862.jpg;O271XH02;type1a;170,232,463,325;170,305,604,232,633,475,218,557;1;1;generator_v1;CC-BY-4.0;day,angle,glare
images/synthetic/synth_01863.jpg;E762MT102;type1;107,195,468,182;130,195,575,281,559,377,107,287;1;1;generator_v1;CC-BY-4.0;day,angle
images/synthetic/synth_01864.jpg;B307BK54;type1a;948,500,229,174;948,522,1155,500,1177,636,972,674;1;1;generator_v1;CC-BY-4.0;day,angle,glare,dirt,motion_blur
images/synthetic/synth_01865.jpg;T387XX702;type1;365,438,312,72;365,438,676,440,677,510,369,503;1;1;generator_v1;CC-BY-4.0;day,angle
images/synthetic/synth_01866.jpg;A050KX16;type1a;525,333,453,317;539,333,978,358,953,650,525,587;1;1;generator_v1;CC-BY-4.0;day,angle,dirt
images/synthetic/synth_01867.jpg;H025PX02;type1b;275,454,229,93;275,499,496,454,504,501,285,547;1;1;generator_v1;CC-BY-4.0;day,angle,glare
images/synthetic/synth_01868.jpg;T203KK125;type1a;459,107,534,360;544,107,993,225,896,467,459,403;1;1;generator_v1;CC-BY-4.0;day,angle
images/synthetic/synth_01869.jpg;T161TK193;type1a;658,322,313,220;658,322,959,355,971,542,662,537;1;1;generator_v1;CC-BY-4.0;day,angle,dirt,motion_blur
images/synthetic/synth_01870.jpg;T983PK52;type1;450,510,373,131;450,566,809,510,823,584,459,641;1;1;generator_v1;CC-BY-4.0;day,angle,glare,dirt
images/synthetic/synth_01871.jpg;C656XA50;type1a;280,64,199,138;280,91,466,64,479,179,290,202;1;1;generator_v1;CC-BY-4.0;day,angle,glare
images/synthetic/synth_01872.jpg;K033OO178;type1a;88,260,498,327;138,260,586,314,551,587,88,516;1;1;generator_v1;CC-BY-4.0;day,angle,glare
images/synthetic/synth_01873.jpg;Y949YY02;type1;683,544,233,60;683,553,912,544,916,592,686,604;1;1;generator_v1;CC-BY-4.0;day,angle
images/synthetic/synth_01874.jpg;X953HA177;type1;263,317,192,54;270,329,455,317,449,362,263,371;1;1;generator_v1;CC-BY-4.0;day,angle
images/synthetic/synth_01875.jpg;M166OT152;type1b;747,545,400,90;750,554,1141,545,1147,627,747,635;1;1;generator_v1;CC-BY-4.0;day,angle,glare
images/synthetic/synth_01876.jpg;B968YP50;type1a;320,337,281,196;320,385,572,337,601,485,348,533;1;1;generator_v1;CC-BY-4.0;day,angle,dirt
images/synthetic/synth_01877.jpg;X401AE90;type1a;221,102,282,201;250,102,503,142,472,303,221,252;1;1;generator_v1;CC-BY-4.0;day,angle
images/synthetic/synth_01878.jpg;B709BE198;type1b;867,386,213,47;869,386,1080,390,1076,433,867,431;1;1;generator_v1;CC-BY-4.0;day,angle
images/synthetic/synth_01879.jpg;P334PY190;type1;693,349,186,67;695,349,879,378,875,416,693,386;1;1;generator_v1;CC-BY-4.0;day,angle
images/synthetic/synth_01880.jpg;C886YE777;type1a;410,182,517,370;437,182,927,267,870,552,410,451;1;1;generator_v1;CC-BY-4.0;day,angle
images/synthetic/synth_01881.jpg;P512KP02;type1b;766,627,289,63;766,627,1054,628,1055,690,770,686;1;1;generator_v1;CC-BY-4.0;day,angle
images/synthetic/synth_01882.jpg;E361KP161;type1a;795,181,290,181;827,181,1085,215,1047,362,795,342;1;1;generator_v1;CC-BY-4.0;day,angle
images/synthetic/synth_01883.jpg;M216EH98;type1a;390,394,248,174;390,426,608,394,638,555,420,568;1;1;generator_v1;CC-BY-4.0;day,angle,dirt
images/synthetic/synth_01884.jpg;C490XH74;type1a;78,527,206,131;78,554,271,527,284,634,97,658;1;1;generator_v1;CC-BY-4.0;day,angle,motion_blur
images/synthetic/synth_01885.jpg;H764BH25;type1a;763,274,358,212;766,274,1121,279,1120,486,763,483;1;1;generator_v1;CC-BY-4.0;day,angle
images/synthetic/synth_01886.jpg;Y499TK78;type1a;372,252,364,238;406,252,736,299,696,490,372,469;1;1;generator_v1;CC-BY-4.0;day,angle
images/synthetic/synth_01887.jpg;A443PP16;type1a;698,206,435,305;698,206,1133,253,1112,511,709,439;1;1;generator_v1;CC-BY-4.0;day,angle,glare
images/synthetic/synth_01888.jpg;K724HM750;type1;747,247,290,83;754,247,1037,253,1029,330,747,313;1;1;generator_v1;CC-BY-4.0;day,angle,glare
images/synthetic/synth_01889.jpg;C867AM50;type1a;75,457,262,157;75,462,335,457,337,607,79,614;1;1;generator_v1;CC-BY-4.0;day,angle,glare,motion_blur
images/synthetic/synth_01890.jpg;O885AO774;type1;603,441,255,71;604,462,854,441,858,493,603,512;1;1;generator_v1;CC-BY-4.0;day,angle,glare
images/synthetic/synth_01891.jpg;T182KM66;type1a;112,156,233,157;112,188,326,156,345,281,130,313;1;1;generator_v1;CC-BY-4.0;day,angle,glare
images/synthetic/synth_01892.jpg;C586XO761;type1b;227,485,407,106;231,510,629,485,634,571,227,591;1;1;generator_v1;CC-BY-4.0;day,angle,glare
images/synthetic/synth_01893.jpg;T328PM99;type1a;439,222,408,261;439,288,790,222,847,452,505,483;1;1;generator_v1;CC-BY-4.0;day,angle
images/synthetic/synth_01894.jpg;P991TP163;type1a;149,202,386,299;194,202,535,287,499,501,149,456;1;1;generator_v1;CC-BY-4.0;day,angle,dirt,motion_blur
images/synthetic/synth_01895.jpg;B063XC716;type1b;728,491,368,157;735,564,1095,491,1096,593,728,648;1;1;generator_v1;CC-BY-4.0;day,angle,glare,dirt
images/synthetic/synth_01896.jpg;M875BE161;type1b;836,326,315,126;852,326,1151,388,1138,452,836,388;1;1;generator_v1;CC-BY-4.0;day,angle,glare
images/synthetic/synth_01897.jpg;T795YO750;type1b;416,387,208,63;416,407,620,387,624,432,419,450;1;1;generator_v1;CC-BY-4.0;day,angle
images/synthetic/synth_01898.jpg;P450OY199;type1b;583,151,370,140;610,151,953,196,926,291,583,227;1;1;generator_v1;CC-BY-4.0;day,angle,glare
images/synthetic/synth_01899.jpg;M952KT190;type1;267,572,185,63;271,572,452,597,449,635,267,611;1;1;generator_v1;CC-BY-4.0;day,angle
images/synthetic/synth_01900.jpg;Y987EB174;type1a;764,85,399,277;764,98,1156,85,1163,315,779,362;1;1;generator_v1;CC-BY-4.0;day,angle,glare
images/synthetic/synth_01901.jpg;K606HB197;type1b;233,438,424,141;243,438,657,489,651,579,233,544;1;1;generator_v1;CC-BY-4.0;day,angle
images/synthetic/synth_01902.jpg;A569TP750;type1b;592,253,457,163;592,325,1034,253,1049,351,595,416;1;1;generator_v1;CC-BY-4.0;day,angle
images/synthetic/synth_01903.jpg;O462XB716;type1b;706,101,426,135;713,101,1132,143,1122,236,706,189;1;1;generator_v1;CC-BY-4.0;day,angle
images/synthetic/synth_01904.jpg;H525TT38;type1b;458,83,379,79;458,85,837,83,835,161,462,162;1;1;generator_v1;CC-BY-4.0;day,angle,motion_blur
images/synthetic/synth_01905.jpg;Y247OM196;type1b;317,346,362,154;319,346,679,404,670,500,317,428;1;1;generator_v1;CC-BY-4.0;day,angle,glare
images/synthetic/synth_01906.jpg;B947TH196;type1a;278,125,407,262;285,129,685,125,658,348,278,387;1;1;generator_v1;CC-BY-4.0;day,angle
images/synthetic/synth_01907.jpg;M751MT774;type1;368,553,248,86;368,585,603,553,616,602,379,639;1;1;generator_v1;CC-BY-4.0;day,angle,dirt
images/synthetic/synth_01908.jpg;P550KT761;type1a;233,221,300,172;272,221,533,224,502,393,233,372;1;1;generator_v1;CC-BY-4.0;day,angle,glare,dirt
images/synthetic/synth_01909.jpg;A045TO178;type1a;744,159,412,318;780,159,1156,246,1135,477,744,427;1;1;generator_v1;CC-BY-4.0;day,angle
images/synthetic/synth_01910.jpg;B190BH52;type1b;376,469,295,99;376,495,656,469,671,532,390,568;1;1;generator_v1;CC-BY-4.0;day,angle,glare,dirt
images/synthetic/synth_01911.jpg;P191KA178;type1a;241,425,298,204;268,425,539,476,507,629,241,581;1;1;generator_v1;CC-BY-4.0;day,angle,glare
images/synthetic/synth_01912.jpg;Y278YY93;type1;167,424,240,82;167,424,406,447,407,506,169,478;1;1;generator_v1;CC-BY-4.0;day,angle,dirt
images/synthetic/synth_01913.jpg;Y366CT99;type1b;901,270,256,67;901,282,1154,270,1157,330,903,337;1;1;generator_v1;CC-BY-4.0;day,angle,motion_blur
images/synthetic/synth_01914.jpg;H021PC98;type1a;886,540,202,125;890,540,1088,551,1081,665,886,653;1;1;generator_v1;CC-BY-4.0;day,angle,glare
images/synthetic/synth_01915.jpg;H554BB196;type1b;561,25,272,83;570,25,833,49,826,108,561,80;1;1;generator_v1;CC-BY-4.0;day,angle
images/synthetic/synth_01916.jpg;C512HK161;type1a;336,341,369,234;368,341,705,367,663,565,336,575;1;1;generator_v1;CC-BY-4.0;day,angle,glare
images/synthetic/synth_01917.jpg;T554KE52;type1a;550,214,246,174;550,258,763,214,796,358,582,388;1;1;generator_v1;CC-BY-4.0;day,angle,glare
images/synthetic/synth_01918.jpg;C827YH163;type1a;226,532,244,137;226,532,470,538,461,669,227,664;1;1;generator_v1;CC-BY-4.0;day,angle,glare,motion_blur
images/synthetic/synth_01919.jpg;M865AT77;type1b;267,347,358,120;267,390,613,347,625,420,277,467;1;1;generator_v1;CC-BY-4.0;day,angle,glare,dirt,motion_blur
images/synthetic/synth_01920.jpg;X920TH193;type1b;465,15,250,96;485,15,715,61,694,111,465,71;1;1;generator_v1;CC-BY-4.0;day,angle,glare
images/synthetic/synth_01921.jpg;M931CB123;type1b;615,128,259,107;615,171,868,128,874,187,623,235;1;1;generator_v1;CC-BY-4.0;day,angle
images/synthetic/synth_01922.jpg;E101TE161;type1a;330,158,534,367;382,158,864,256,803,525,330,457;1;1;generator_v1;CC-BY-4.0;day,angle,dirt
images/synthetic/synth_01923.jpg;Y080BC197;type1b;245,192,272,65;252,192,517,193,512,257,245,250;1;1;generator_v1;CC-BY-4.0;day,angle,glare
images/synthetic/synth_01924.jpg;Y405HA123;type1b;541,377,361,133;554,377,902,436,894,510,541,454;1;1;generator_v1;CC-BY-4.0;day,angle,glare,motion_blur
images/synthetic/synth_01925.jpg;T526EX102;type1a;467,344,492,344;467,372,900,344,959,600,524,688;1;1;generator_v1;CC-BY-4.0;day,angle,glare
images/synthetic/synth_01926.jpg;A430OX797;type1a;551,305,209,126;565,306,760,305,749,431,551,424;1;1;generator_v1;CC-BY-4.0;day,angle,dirt
images/synthetic/synth_01927.jpg;O339TE61;type1b;972,114,201,60;983,114,1173,131,1161,174,972,162;1;1;generator_v1;CC-BY-4.0;day,angle
images/synthetic/synth_01928.jpg;M085BB25;type1a;239,307,183,108;239,307,405,315,422,415,252,413;1;1;generator_v1;CC-BY-4.0;day,angle,glare,dirt,motion_blur
images/synthetic/synth_01929.jpg;C146OO799;type1;519,370,327,128;519,423,839,370,846,439,530,498;1;1;generator_v1;CC-BY-4.0;day,angle
images/synthetic/synth_01930.jpg;O625PY750;type1b;773,531,427,116;783,531,1200,551,1193,647,773,618;1;1;generator_v1;CC-BY-4.0;day,angle,glare,dirt
images/synthetic/synth_01931.jpg;X666EC198;type1b;475,553,202,65;480,553,677,571,672,618,475,604;1;1;generator_v1;CC-BY-4.0;day,angle,glare
images/synthetic/synth_01932.jpg;B274YH25;type1b;84,571,213,76;94,571,297,604,288,647,84,612;1;1;generator_v1;CC-BY-4.0;day,angle,glare,motion_blur
images/synthetic/synth_01933.jpg;X244OX750;type1;494,585,308,69;494,585,790,588,802,650,501,654;1;1;generator_v1;CC-BY-4.0;day,angle,motion_blur
images/synthetic/synth_01934.jpg;K401YY716;type1b;348,416,393,130;348,416,731,462,741,546,350,515;1;1;generator_v1;CC-BY-4.0;day,angle,dirt
images/synthetic/synth_01935.jpg;K308TY150;type1a;747,469,282,195;766,469,1029,509,1018,664,747,632;1;1;generator_v1;CC-BY-4.0;day,angle,dirt
images/synthetic/synth_01936.jpg;P809AY125;type1b;437,78,282,111;437,131,708,78,719,135,448,189;1;1;generator_v1;CC-BY-4.0;day,angle,glare,dirt
images/synthetic/synth_01937.jpg;A496AH74;type1a;625,235,483,312;646,235,1108,261,1085,547,625,500;1;1;generator_v1;CC-BY-4.0;day,angle,glare,motion_blur
images/synthetic/synth_01938.jpg;M317TB98;type1b;349,383,370,128;349,437,706,383,719,465,364,511;1;1;generator_v1;CC-BY-4.0;day,angle
images/synthetic/synth_01939.jpg;Y478CK799;type1a;785,302,289,176;785,318,1058,302,1074,459,794,478;1;1;generator_v1;CC-BY-4.0;day,angle,dirt
images/synthetic/synth_01940.jpg;H850PC74;type1;998,146,185,44;1000,146,1183,154,1180,190,998,182;1;1;generator_v1;CC-BY-4.0;day,angle
images/synthetic/synth_01941.jpg;K527CB74;type1b;390,127,433,176;390,209,812,127,823,215,409,303;1;1;generator_v1;CC-BY-4.0;day,angle
images/synthetic/synth_01942.jpg;M649CK199;type1b;220,358,242,72;225,358,462,379,458,430,220,409;1;1;generator_v1;CC-BY-4.0;day,angle,glare
images/synthetic/synth_01943.jpg;H093MX98;type1b;543,567,365,130;543,614,900,567,908,643,554,697;1;1;generator_v1;CC-BY-4.0;day,angle
images/synthetic/synth_01944.jpg;A477EB138;type1b;683,498,359,105;683,498,1042,504,1041,603,684,580;1;1;generator_v1;CC-BY-4.0;day,angle
images/synthetic/synth_01945.jpg;A748HC116;type1b;458,81,417,125;461,99,875,81,865,169,458,206;1;1;generator_v1;CC-BY-4.0;day,angle,glare,dirt
images/synthetic/synth_01946.jpg;P472KE199;type1a;902,445,274,158;902,448,1148,445,1176,587,922,603;1;1;generator_v1;CC-BY-4.0;day,angle,dirt
images/synthetic/synth_01947.jpg;P807PX16;type1b;429,106,313,139;429,173,730,106,742,191,437,245;1;1;generator_v1;CC-BY-4.0;day,angle,glare
images/synthetic/synth_01948.jpg;C391CX97;type1;597,631,218,79;597,658,813,631,815,679,601,710;1;1;generator_v1;CC-BY-4.0;day,angle
images/synthetic/synth_01949.jpg;H223MT54;type1b;558,511,376,166;558,572,934,511,931,597,563,677;1;1;generator_v1;CC-BY-4.0;day,angle
images/synthetic/synth_01950.jpg;E557PA196;type1;442,79,501,169;442,141,928,79,943,182,455,248;1;1;generator_v1;CC-BY-4.0;day,angle
images/synthetic/synth_01951.jpg;O750OB199;type1b;612,256,366,89;612,256,972,268,978,345,613,342;1;1;generator_v1;CC-BY-4.0;day,angle,glare
images/synthetic/synth_01952.jpg;B514HX163;type1a;1028,55,196,147;1028,94,1201,55,1224,171,1050,202;1;1;generator_v1;CC-BY-4.0;day,angle,motion_blur
images/synthetic/synth_01953.jpg;A036BC102;type1a;482,290,318,201;482,295,764,290,800,461,513,491;1;1;generator_v1;CC-BY-4.0;day,angle,motion_blur
images/synthetic/synth_01954.jpg;K337KC77;type1a;230,53,263,156;230,71,461,53,493,182,254,209;1;1;generator_v1;CC-BY-4.0;day,angle
images/synthetic/synth_01955.jpg;H833EE198;type1a;751,246,347,236;788,246,1098,312,1052,482,751,426;1;1;generator_v1;CC-BY-4.0;day,angle,dirt
images/synthetic/synth_01956.jpg;A624PC197;type1a;93,112,372,250;93,176,433,112,465,305,138,362;1;1;generator_v1;CC-BY-4.0;day,angle,glare,dirt,motion_blur
images/synthetic/synth_01957.jpg;B023MB152;type1b;165,135,395,107;168,135,560,159,554,242,165,219;1;1;generator_v1;CC-BY-4.0;day,angle,dirt
images/synthetic/synth_01958.jpg;Y365AX93;type1b;200,204,458,181;210,204,658,275,641,385,200,299;1;1;generator_v1;CC-BY-4.0;day,angle,glare
images/synthetic/synth_01959.jpg;X165XT52;type1b;461,258,391,105;465,258,849,284,852,363,461,343;1;1;generator_v1;CC-BY-4.0;day,angle,glare
images/synthetic/synth_01960.jpg;P369YK16;type1b;562,314,190,56;571,314,752,327,744,370,562,354;1;1;generator_v1;CC-BY-4.0;day,angle,glare
images/synthetic/synth_01961.jpg;O537PK61;type1b;651,472,471,125;664,472,1122,499,1119,597,651,566;1;1;generator_v1;CC-BY-4.0;day,angle,glare,dirt
images/synthetic/synth_01962.jpg;M186BO123;type1;654,212,440,149;654,272,1080,212,1094,312,668,361;1;1;generator_v1;CC-BY-4.0;day,angle,dirt
images/synthetic/synth_01963.jpg;P998AT66;type1;216,158,403,120;223,158,619,195,609,278,216,244;1;1;generator_v1;CC-BY-4.0;day,angle,glare,dirt
images/synthetic/synth_01964.jpg;O400AT163;type1b;136,168,309,84;142,168,445,173,439,252,136,236;1;1;generator_v1;CC-BY-4.0;day,angle
images/synthetic/synth_01965.jpg;E187PO193;type1a;395,216,263,166;409,216,658,237,648,382,395,362;1;1;generator_v1;CC-BY-4.0;day,angle,dirt
images/synthetic/synth_01966.jpg;B517KX197;type1b;659,267,464,151;659,328,1107,267,1123,370,681,418;1;1;generator_v1;CC-BY-4.0;day,angle
images/synthetic/synth_01967.jpg;C104TY190;type1b;590,158,182,69;599,158,772,188,762,227,590,200;1;1;generator_v1;CC-BY-4.0;day,angle
images/synthetic/synth_01968.jpg;B934HE190;type1b;733,474,191,60;739,474,924,496,920,534,733,512;1;1;generator_v1;CC-BY-4.0;day,angle,glare
images/synthetic/synth_01969.jpg;M886PX99;type1b;294,38,345,107;300,38,639,73,631,145,294,111;1;1;generator_v1;CC-BY-4.0;day,angle,glare,motion_blur
images/synthetic/synth_01970.jpg;B653BO96;type1a;605,225,372,225;606,254,955,225,977,424,605,450;1;1;generator_v1;CC-BY-4.0;day,angle,dirt,motion_blur
images/synthetic/synth_01971.jpg;M439XC774;type1b;190,179,449,108;190,179,639,181,637,287,190,273;1;1;generator_v1;CC-BY-4.0;day,angle,glare,motion_blur
images/synthetic/synth_01972.jpg;K632AH78;type1a;352,185,271,193;352,197,605,185,623,378,374,363;1;1;generator_v1;CC-BY-4.0;day,angle,glare,dirt,motion_blur
images/synthetic/synth_01973.jpg;P551EA78;type1b;355,203,471,139;355,248,806,203,826,292,362,342;1;1;generator_v1;CC-BY-4.0;day,angle,dirt,motion_blur
images/synthetic/synth_01974.jpg;X063YP98;type1a;136,361,497,297;187,379,633,361,610,658,136,631;1;1;generator_v1;CC-BY-4.0;day,angle
images/synthetic/synth_01975.jpg;T916HT116;type1a;677,308,401,315;708,308,1078,392,1062,623,677,581;1;1;generator_v1;CC-BY-4.0;day,angle
images/synthetic/synth_01976.jpg;A843TX93;type1a;112,69,245,169;135,69,357,111,331,238,112,197;1;1;generator_v1;CC-BY-4.0;day,angle
images/synthetic/synth_01977.jpg;K948CA38;type1;707,195,183,50;711,198,890,195,885,238,707,245;1;1;generator_v1;CC-BY-4.0;day,angle,glare
images/synthetic/synth_01978.jpg;O240TC150;type1;537,323,320,80;546,323,857,332,852,403,537,388;1;1;generator_v1;CC-BY-4.0;day,angle
images/synthetic/synth_01979.jpg;O592XC702;type1b;520,198,280,95;520,234,793,198,800,256,528,293;1;1;generator_v1;CC-BY-4.0;day,angle,dirt,motion_blur
images/synthetic/synth_01980.jpg;X182TO99;type1a;831,353,287,181;831,398,1071,353,1118,505,883,534;1;1;generator_v1;CC-BY-4.0;day,angle
images/synthetic/synth_01981.jpg;P087XO97;type1a;919,478,217,140;919,489,1131,478,1136,615,924,618;1;1;generator_v1;CC-BY-4.0;day,angle
images/synthetic/synth_01982.jpg;P574HX154;type1a;203,498,213,166;203,529,409,498,416,624,216,664;1;1;generator_v1;CC-BY-4.0;day,angle,glare
images/synthetic/synth_01983.jpg;M909EE193;type1a;322,107,405,252;340,107,727,112,689,328,322,359;1;1;generator_v1;CC-BY-4.0;day,angle,glare
images/synthetic/synth_01984.jpg;A098KX74;type1a;128,361,478,296;128,361,606,377,589,657,131,627;1;1;generator_v1;CC-BY-4.0;day,angle,motion_blur
images/synthetic/synth_01985.jpg;P192BE38;type1;871,18,170,50;873,27,1041,18,1038,56,871,68;1;1;generator_v1;CC-BY-4.0;day,angle,glare,motion_blur
images/synthetic/synth_01986.jpg;P096TE190;type1;767,566,192,60;768,566,959,582,957,626,767,607;1;1;generator_v1;CC-BY-4.0;day,angle,glare,motion_blur
images/synthetic/synth_01987.jpg;A685CK790;type1a;636,518,194,115;638,521,830,518,829,633,636,633;1;1;generator_v1;CC-BY-4.0;day,angle
images/synthetic/synth_01988.jpg;K956OY716;type1b;700,459,355,81;702,459,1055,463,1050,537,700,540;1;1;generator_v1;CC-BY-4.0;day,angle
images/synthetic/synth_01989.jpg;O301KH123;type1b;195,474,268,69;196,474,463,477,462,543,195,534;1;1;generator_v1;CC-BY-4.0;day,angle,glare,dirt
images/synthetic/synth_01990.jpg;T417OE750;type1b;420,150,475,174;420,227,882,150,895,247,439,324;1;1;generator_v1;CC-BY-4.0;day,angle,glare,motion_blur
images/synthetic/synth_01991.jpg;A347YE77;type1a;234,446,402,266;293,446,636,504,591,712,234,637;1;1;generator_v1;CC-BY-4.0;day,angle,glare
images/synthetic/synth_01992.jpg;K327YY150;type1b;712,471,309,70;714,478,1019,471,1021,535,712,541;1;1;generator_v1;CC-BY-4.0;day,angle,motion_blur
images/synthetic/synth_01993.jpg;C628TX799;type1a;550,266,399,296;553,266,937,323,949,562,550,553;1;1;generator_v1;CC-BY-4.0;day,angle,glare,dirt
images/synthetic/synth_01994.jpg;Y757BX163;type1a;817,237,276,218;817,295,1064,237,1093,417,841,455;1;1;generator_v1;CC-BY-4.0;day,angle
images/synthetic/synth_01995.jpg;C776PO774;type1a;651,71,310,209;652,103,953,71,961,262,651,280;1;1;generator_v1;CC-BY-4.0;day,angle,glare,motion_blur
images/synthetic/synth_01996.jpg;P915XY790;type1b;148,399,241,63;148,411,389,399,387,448,149,462;1;1;generator_v1;CC-BY-4.0;day,angle,glare
images/synthetic/synth_01997.jpg;X685XT123;type1a;325,334,362,278;325,376,687,334,687,542,344,612;1;1;generator_v1;CC-BY-4.0;day,angle,dirt,motion_blur
images/synthetic/synth_01998.jpg;B040KK177;type1a;419,150,363,239;419,150,773,159,782,370,426,389;1;1;generator_v1;CC-BY-4.0;day,angle,glare
images/synthetic/synth_01999.jpg;P085XA102;type1;324,618,323,101;324,660,642,618,647,682,336,719;1;1;generator_v1;CC-BY-4.0;day,angle
images/synthetic/synth_02000.jpg;B790EP78;type1b;726,430,293,101;726,473,1003,430,1019,485,737,531;1;1;generator_v1;CC-BY-4.0;day,angle
images/synthetic/synth_02001.jpg;A545YE174;type1b;628,105,372,163;628,185,983,105,1000,205,641,268;1;1;generator_v1;CC-BY-4.0;day,angle,dirt
images/synthetic/synth_02002.jpg;B792OA93;type1b;565,421,244,91;565,461,804,421,809,476,568,512;1;1;generator_v1;CC-BY-4.0;day,angle,dirt
images/synthetic/synth_02003.jpg;T288YY777;type1;713,199,469,112;718,215,1180,199,1182,304,713,311;1;1;generator_v1;CC-BY-4.0;day,angle
images/synthetic/synth_02004.jpg;H311PM152;type1a;225,41,257,172;245,41,482,77,459,213,225,180;1;1;generator_v1;CC-BY-4.0;day,angle,dirt
images/synthetic/synth_02005.jpg;E843EA52;type1b;473,21,235,70;473,40,700,21,708,69,479,91;1;1;generator_v1;CC-BY-4.0;day,angle,dirt
images/synthetic/synth_02006.jpg;K491MP96;type1a;767,242,330,226;796,242,1097,293,1068,468,767,420;1;1;generator_v1;CC-BY-4.0;day,angle,glare,dirt
images/synthetic/synth_02007.jpg;M401XK02;type1;753,486,287,101;753,531,1031,486,1040,543,765,587;1;1;generator_v1;CC-BY-4.0;day,angle,motion_blur
images/synthetic/synth_02008.jpg;B934AT761;type1a;246,334,325,255;252,339,571,334,561,589,246,548;1;1;generator_v1;CC-BY-4.0;day,angle
images/synthetic/synth_02009.jpg;M538PT74;type1;332,299,192,67;342,299,524,326,514,366,332,343;1;1;generator_v1;CC-BY-4.0;day,angle,dirt
images/synthetic/synth_02010.jpg;Y271CC123;type1b;431,512,434,113;431,522,848,512,865,625,453,611;1;1;generator_v1;CC-BY-4.0;day,angle
images/synthetic/synth_02011.jpg;H073HK198;type1b;166,259,267,86;166,287,422,259,433,312,175,345;1;1;generator_v1;CC-BY-4.0;day,angle,glare
images/synthetic/synth_02012.jpg;C709OB716;type1b;858,535,206,75;865,535,1064,566,1057,610,858,582;1;1;generator_v1;CC-BY-4.0;day,angle,dirt,motion_blur
images/synthetic/synth_02013.jpg;K760MO74;type1b;572,573,211,53;572,573,775,574,783,626,582,619;1;1;generator_v1;CC-BY-4.0;day,angle,motion_blur
images/synthetic/synth_02014.jpg;Y068PO198;type1a;540,200,304,199;578,214,844,200,812,399,540,383;1;1;generator_v1;CC-BY-4.0;day,angle,glare,dirt
images/synthetic/synth_02015.jpg;B626TY98;type1b;172,347,366,112;197,347,538,370,515,459,172,420;1;1;generator_v1;CC-BY-4.0;day,angle,glare
images/synthetic/synth_02016.jpg;K389TK178;type1;448,191,244,57;449,191,692,194,692,248,448,244;1;1;generator_v1;CC-BY-4.0;day,angle,dirt
images/synthetic/synth_02017.jpg;O292YC799;type1;167,130,429,150;179,130,596,190,586,280,167,234;1;1;generator_v1;CC-BY-4.0;day,angle,motion_blur
images/synthetic/synth_02018.jpg;E660EC750;type1a;432,103,424,327;432,155,828,103,856,338,474,430;1;1;generator_v1;CC-BY-4.0;day,angle,glare,dirt
images/synthetic/synth_02019.jpg;Y650AO178;type1;283,269,383,100;283,279,661,269,666,369,290,363;1;1;generator_v1;CC-BY-4.0;day,angle,glare
images/synthetic/synth_02020.jpg;X253BA102;type1a;297,142,487,319;297,185,784,142,780,401,329,461;1;1;generator_v1;CC-BY-4.0;day,angle,glare,dirt
images/synthetic/synth_02021.jpg;B488AE99;type1b;776,581,255,91;776,618,1024,581,1031,634,784,672;1;1;generator_v1;CC-BY-4.0;day,angle,glare
images/synthetic/synth_02022.jpg;A983HT52;type1a;184,311,459,295;200,311,629,361,643,606,184,580;1;1;generator_v1;CC-BY-4.0;day,angle
images/synthetic/synth_02023.jpg;A989OC161;type1a;308,401,425,293;308,468,694,401,733,633,341,694;1;1;generator_v1;CC-BY-4.0;day,angle
images/synthetic/synth_02024.jpg;M805CH197;type1a;897,496,293,202;897,524,1183,496,1190,660,912,698;1;1;generator_v1;CC-BY-4.0;day,angle
images/synthetic/synth_02025.jpg;Y604OT97;type1a;625,225,421,264;625,260,1044,225,1046,449,653,489;1;1;generator_v1;CC-BY-4.0;day,angle,dirt
images/synthetic/synth_02026.jpg;A927AH78;type1a;328,95,428,329;328,109,756,95,746,350,336,424;1;1;generator_v1;CC-BY-4.0;day,angle,dirt
images/synthetic/synth_02027.jpg;E165CC161;type1a;449,44,343,235;479,44,792,96,770,279,449,231;1;1;generator_v1;CC-BY-4.0;day,angle,dirt
images/synthetic/synth_02028.jpg;P963XX702;type1a;611,104,503,353;611,199,1070,104,1114,365,674,457;1;1;generator_v1;CC-BY-4.0;day,angle
images/synthetic/synth_02029.jpg;E913KC774;type1b;215,268,196,71;219,268,411,293,406,339,215,311;1;1;generator_v1;CC-BY-4.0;day,angle,glare,dirt,motion_blur
images/synthetic/synth_02030.jpg;K872EO197;type1b;333,185,393,153;333,257,708,185,726,263,348,338;1;1;generator_v1;CC-BY-4.0;day,angle,glare,dirt
images/synthetic/synth_02031.jpg;Y783AB777;type1a;264,257,455,269;264,260,710,257,719,518,264,526;1;1;generator_v1;CC-BY-4.0;day,angle,motion_blur
images/synthetic/synth_02032.jpg;A661CP774;type1b;696,378,363,136;696,440,1046,378,1059,455,703,514;1;1;generator_v1;CC-BY-4.0;day,angle
images/synthetic/synth_02033.jpg;X876AO177;type1;402,32,434,166;431,32,836,115,805,198,402,135;1;1;generator_v1;CC-BY-4.0;day,angle
images/synthetic/synth_02034.jpg;B863AM761;type1a;684,264,507,349;733,264,1191,344,1148,613,684,534;1;1;generator_v1;CC-BY-4.0;day,angle,motion_blur
images/synthetic/synth_02035.jpg;K032PY25;type1b;764,454,188,56;768,470,952,454,950,498,764,510;1;1;generator_v1;CC-BY-4.0;day,angle
images/synthetic/synth_02036.jpg;K500MB163;type1;390,476,464,189;411,476,854,571,835,665,390,579;1;1;generator_v1;CC-BY-4.0;day,angle
images/synthetic/synth_02037.jpg;X050TX763;type1b;391,184,302,100;401,184,693,214,683,284,391,266;1;1;generator_v1;CC-BY-4.0;day,angle
images/synthetic/synth_02038.jpg;E088KM163;type1b;364,501,315,83;364,521,671,501,679,563,366,584;1;1;generator_v1;CC-BY-4.0;day,angle
images/synthetic/synth_02039.jpg;A080PO750;type1a;594,224,529,366;594,304,1061,224,1123,491,647,590;1;1;generator_v1;CC-BY-4.0;day,angle,glare,motion_blur
images/synthetic/synth_02040.jpg;X285TA198;type1a;396,118,443,287;419,118,839,153,805,395,396,405;1;1;generator_v1;CC-BY-4.0;day,angle
images/synthetic/synth_02041.jpg;M521BH799;type1b;658,236,432,123;658,257,1065,236,1090,320,677,359;1;1;generator_v1;CC-BY-4.0;day,angle,glare,dirt
images/synthetic/synth_02042.jpg;B642EO102;type1a;1041,272,163,116;1041,284,1195,272,1204,387,1050,388;1;1;generator_v1;CC-BY-4.0;day,angle,glare,dirt
images/synthetic/synth_02043.jpg;P834CC154;type1b;729,206,410,118;734,206,1139,237,1135,324,729,305;1;1;generator_v1;CC-BY-4.0;day,angle,dirt
images/synthetic/synth_02044.jpg;Y347CA38;type1;635,245,461,105;637,245,1094,254,1096,350,635,346;1;1;generator_v1;CC-BY-4.0;day,angle
images/synthetic/synth_02045.jpg;A755CY93;type1;652,460,191,60;652,478,835,460,843,499,659,520;1;1;generator_v1;CC-BY-4.0;day,angle,glare,dirt
images/synthetic/synth_02046.jpg;O770AK716;type1b;440,219,320,137;451,219,760,283,753,356,440,305;1;1;generator_v1;CC-BY-4.0;day,angle,dirt
images/synthetic/synth_02047.jpg;K855OE761;type1b;109,465,306,75;109,474,415,465,412,528,110,540;1;1;generator_v1;CC-BY-4.0;day,angle,glare,motion_blur
images/synthetic/synth_02048.jpg;M670EH54;type1b;793,386,340,127;793,425,1119,386,1133,460,808,513;1;1;generator_v1;CC-BY-4.0;day,angle
images/synthetic/synth_02049.jpg;P014OA178;type1b;203,278,463,138;203,318,666,278,661,369,211,416;1;1;generator_v1;CC-BY-4.0;day,angle
images/synthetic/synth_02050.jpg;B327HX163;type1b;567,11,450,161;567,70,988,11,1017,96,590,172;1;1;generator_v1;CC-BY-4.0;day,angle,glare
images/synthetic/synth_02051.jpg;H173EO190;type1b;142,457,453,184;142,549,576,457,595,551,162,641;1;1;generator_v1;CC-BY-4.0;day,angle
images/synthetic/synth_02052.jpg;K605HH799;type1b;995,521,189,67;995,552,1176,521,1184,556,1000,588;1;1;generator_v1;CC-BY-4.0;day,angle,glare
images/synthetic/synth_02053.jpg;Y274AP193;type1b;509,75,313,87;509,99,805,75,822,149,528,162;1;1;generator_v1;CC-BY-4.0;day,angle,dirt
images/synthetic/synth_02054.jpg;K832CO123;type1;777,222,243,87;777,222,1020,253,1018,309,778,274;1;1;generator_v1;CC-BY-4.0;day,angle,glare
images/synthetic/synth_02055.jpg;H893CE66;type1a;209,252,333,216;209,284,506,252,542,468,249,467;1;1;generator_v1;CC-BY-4.0;day,angle,glare
images/synthetic/synth_02056.jpg;K749YM174;type1a;509,63,417,264;509,115,893,63,926,298,554,327;1;1;generator_v1;CC-BY-4.0;day,angle,glare
images/synthetic/synth_02057.jpg;A481HM797;type1b;342,482,350,121;353,482,692,515,680,603,342,558;1;1;generator_v1;CC-BY-4.0;day,angle
images/synthetic/synth_02058.jpg;X532XE78;type1a;559,336,430,294;604,336,989,408,969,630,559,561;1;1;generator_v1;CC-BY-4.0;day,angle,glare
images/synthetic/synth_02059.jpg;B323YX190;type1b;624,475,206,83;636,475,830,514,819,558,624,516;1;1;generator_v1;CC-BY-4.0;day,angle
images/synthetic/synth_02060.jpg;X050AK99;type1;819,113,189,82;819,145,1007,113,1008,159,822,195;1;1;generator_v1;CC-BY-4.0;day,angle,dirt
images/synthetic/synth_02061.jpg;H169PY90;type1b;1006,285,222,74;1011,285,1228,314,1221,359,1006,330;1;1;generator_v1;CC-BY-4.0;day,angle
images/synthetic/synth_02062.jpg;Y192CO93;type1b;512,418,459,153;534,418,971,480,945,571,512,531;1;1;generator_v1;CC-BY-4.0;day,angle,dirt
images/synthetic/synth_02063.jpg;O412AE96;type1b;450,214,209,72;462,214,659,240,648,286,450,265;1;1;generator_v1;CC-BY-4.0;day,angle
images/synthetic/synth_02064.jpg;A141XT78;type1a;813,120,271,212;813,173,1051,120,1084,305,843,332;1;1;generator_v1;CC-BY-4.0;day,angle,glare,dirt
images/synthetic/synth_02065.jpg;H554BA198;type1b;200,165,374,101;200,185,574,165,566,240,201,266;1;1;generator_v1;CC-BY-4.0;day,angle,dirt
images/synthetic/synth_02066.jpg;H231EC63;type1a;50,137,200,142;83,137,250,170,217,279,50,258;1;1;generator_v1;CC-BY-4.0;day,angle,glare,dirt,motion_blur
images/synthetic/synth_02067.jpg;E957KB196;type1a;584,245,206,118;586,248,790,245,782,357,584,363;1;1;generator_v1;CC-BY-4.0;day,angle,dirt
images/synthetic/synth_02068.jpg;M783BX93;type1a;127,100,212,136;127,116,333,100,339,218,136,236;1;1;generator_v1;CC-BY-4.0;day,angle
images/synthetic/synth_02069.jpg;T238CY54;type1b;110,166,326,90;122,166,436,181,427,256,110,232;1;1;generator_v1;CC-BY-4.0;day,angle,glare
images/synthetic/synth_02070.jpg;E029HH63;type1b;575,255,366,110;575,290,938,255,941,329,584,365;1;1;generator_v1;CC-BY-4.0;day,angle,dirt,motion_blur
images/synthetic/synth_02071.jpg;T818KC54;type1a;739,330,251,177;774,330,990,369,956,507,739,487;1;1;generator_v1;CC-BY-4.0;day,angle,glare,dirt
images/synthetic/synth_02072.jpg;C552BE99;type1b;392,134,441,169;392,209,820,134,833,244,397,303;1;1;generator_v1;CC-BY-4.0;day,angle,glare
images/synthetic/synth_02073.jpg;T560AT16;type1;613,363,412,152;630,363,1025,437,1001,515,613,449;1;1;generator_v1;CC-BY-4.0;day,angle
images/synthetic/synth_02074.jpg;M966KX116;type1b;1023,497,198,59;1025,497,1221,515,1219,556,1023,540;1;1;generator_v1;CC-BY-4.0;day,angle,dirt
images/synthetic/synth_02075.jpg;O780OA178;type1;567,445,343,112;571,484,909,445,910,528,567,557;1;1;generator_v1;CC-BY-4.0;day,angle
images/synthetic/synth_02076.jpg;M261TM799;type1b;277,94,464,112;277,94,739,94,741,206,287,190;1;1;generator_v1;CC-BY-4.0;day,angle
images/synthetic/synth_02077.jpg;A727CA125;type1a;691,554,161,114;691,554,838,562,852,668,708,651;1;1;generator_v1;CC-BY-4.0;day,angle,glare,motion_blur
images/synthetic/synth_02078.jpg;M922EA77;type1a;328,515,228,169;328,525,537,515,556,656,348,684;1;1;generator_v1;CC-BY-4.0;day,angle,glare,dirt
images/synthetic/synth_02079.jpg;P545BY161;type1b;212,165,376,168;212,235,588,165,586,248,219,333;1;1;generator_v1;CC-BY-4.0;day,angle,motion_blur
images/synthetic/synth_02080.jpg;C699OB116;type1b;718,249,346,117;722,286,1064,249,1064,346,718,366;1;1;generator_v1;CC-BY-4.0;day,angle,dirt
images/synthetic/synth_02081.jpg;K799XH716;type1b;153,264,311,72;157,264,462,274,464,336,153,326;1;1;generator_v1;CC-BY-4.0;day,angle,glare
images/synthetic/synth_02082.jpg;B066TO196;type1b;602,9,479,177;602,93,1063,9,1081,111,627,186;1;1;generator_v1;CC-BY-4.0;day,angle,motion_blur
images/synthetic/synth_02083.jpg;M397PT150;type1;244,63,354,137;244,123,587,63,598,136,257,200;1;1;generator_v1;CC-BY-4.0;day,angle
images/synthetic/synth_02084.jpg;H338BK23;type1a;299,398,197,142;313,398,496,428,485,540,299,518;1;1;generator_v1;CC-BY-4.0;day,angle
images/synthetic/synth_02085.jpg;O493YY74;type1a;151,360,459,290;208,360,610,417,583,650,151,581;1;1;generator_v1;CC-BY-4.0;day,angle,glare
images/synthetic/synth_02086.jpg;T580CK154;type1a;97,344,332,205;108,344,429,366,413,549,97,533;1;1;generator_v1;CC-BY-4.0;day,angle,glare
images/synthetic/synth_02087.jpg;T939TP02;type1;698,310,373,85;698,310,1071,316,1069,395,702,385;1;1;generator_v1;CC-BY-4.0;day,angle,glare,dirt
images/synthetic/synth_02088.jpg;Y045CM98;type1;135,590,250,61;141,590,385,600,383,651,135,640;1;1;generator_v1;CC-BY-4.0;day,angle,dirt,motion_blur
images/synthetic/synth_02089.jpg;H710PA52;type1a;754,70,173,120;754,70,924,83,927,190,755,185;1;1;generator_v1;CC-BY-4.0;day,angle
images/synthetic/synth_02090.jpg;C169AH716;type1;489,312,368,118;498,312,857,354,847,430,489,390;1;1;generator_v1;CC-BY-4.0;day,angle
images/synthetic/synth_02091.jpg;C795KY138;type1;452,167,190,46;452,167,642,172,642,213,452,212;1;1;generator_v1;CC-BY-4.0;day,angle,dirt
images/synthetic/synth_02092.jpg;P311YH02;type1a;616,295,474,273;616,298,1090,295,1080,559,627,568;1;1;generator_v1;CC-BY-4.0;day,angle,glare,dirt
images/synthetic/synth_02093.jpg;A413EA99;type1b;871,651,212,47;873,651,1083,655,1080,698,871,695;1;1;generator_v1;CC-BY-4.0;day,angle,glare
images/synthetic/synth_02094.jpg;Y919AO178;type1;115,293,465,181;115,365,570,293,580,389,132,474;1;1;generator_v1;CC-BY-4.0;day,angle
images/synthetic/synth_02095.jpg;H415AB25;type1a;1035,472,204,134;1049,472,1239,501,1221,606,1035,578;1;1;generator_v1;CC-BY-4.0;day,angle,motion_blur
images/synthetic/synth_02096.jpg;T131KH774;type1a;674,138,439,280;674,217,1053,138,1113,372,749,418;1;1;generator_v1;CC-BY-4.0;day,angle,glare
images/synthetic/synth_02097.jpg;X772BY790;type1a;355,246,331,241;355,270,666,246,686,487,378,471;1;1;generator_v1;CC-BY-4.0;day,angle
images/synthetic/synth_02098.jpg;Y048PM152;type1a;499,57,364,253;507,65,863,57,854,310,499,282;1;1;generator_v1;CC-BY-4.0;day,angle,glare
images/synthetic/synth_02099.jpg;C987YE102;type1;904,459,272,74;904,478,1165,459,1176,511,912,533;1;1;generator_v1;CC-BY-4.0;day,angle
images/synthetic/synth_02100.jpg;X560TP154;type1a;176,331,357,215;186,331,533,346,515,543,176,546;1;1;generator_v1;CC-BY-4.0;day,angle
images/synthetic/synth_02101.jpg;H694MM16;type1a;273,369,350,249;298,369,623,421,590,618,273,555;1;1;generator_v1;CC-BY-4.0;day,angle
images/synthetic/synth_02102.jpg;K935PE78;type1;600,561,370,94;611,561,970,579,966,655,600,633;1;1;generator_v1;CC-BY-4.0;day,angle,glare
images/synthetic/synth_02103.jpg;X713PY150;type1a;278,94,198,148;307,94,476,129,449,242,278,219;1;1;generator_v1;CC-BY-4.0;day,angle,dirt
images/synthetic/synth_02104.jpg;B900EC25;type1a;432,267,499,357;480,267,931,355,874,624,432,526;1;1;generator_v1;CC-BY-4.0;day,angle,dirt
images/synthetic/synth_02105.jpg;B820TT66;type1b;844,298,278,79;856,298,1122,315,1109,377,844,370;1;1;generator_v1;CC-BY-4.0;day,angle
images/synthetic/synth_02106.jpg;M933HK63;type1b;317,222,186,60;317,244,499,222,503,260,322,282;1;1;generator_v1;CC-BY-4.0;day,angle,glare
images/synthetic/synth_02107.jpg;K678XK199;type1a;665,45,402,307;665,45,1067,87,1051,352,672,274;1;1;generator_v1;CC-BY-4.0;day,angle
images/synthetic/synth_02108.jpg;C132KM123;type1a;427,99,291,174;427,120,702,99,718,262,451,273;1;1;generator_v1;CC-BY-4.0;day,angle,dirt
images/synthetic/synth_02109.jpg;E075EM77;type1b;750,147,345,126;755,147,1095,190,1086,273,750,220;1;1;generator_v1;CC-BY-4.0;day,angle
images/synthetic/synth_02110.jpg;K027EK116;type1b;518,387,401,128;518,412,905,387,919,473,532,515;1;1;generator_v1;CC-BY-4.0;day,angle,glare,dirt,motion_blur
images/synthetic/synth_02111.jpg;Y910AX98;type1b;348,535,403,126;354,554,751,535,738,622,348,661;1;1;generator_v1;CC-BY-4.0;day,angle,glare
images/synthetic/synth_02112.jpg;O180BM93;type1;344,46,221,61;344,60,563,46,565,95,347,107;1;1;generator_v1;CC-BY-4.0;day,angle,dirt
images/synthetic/synth_02113.jpg;P386OO750;type1a;784,65,342,226;784,104,1105,65,1126,265,806,291;1;1;generator_v1;CC-BY-4.0;day,angle
images/synthetic/synth_02114.jpg;A706YC750;type1a;756,93,320,211;756,145,1055,93,1076,255,792,304;1;1;generator_v1;CC-BY-4.0;day,angle,glare,dirt
images/synthetic/synth_02115.jpg;H571BM161;type1b;223,200,460,145;223,256,672,200,683,297,244,345;1;1;generator_v1;CC-BY-4.0;day,angle
images/synthetic/synth_02116.jpg;B648AE154;type1;260,322,507,186;272,322,767,412,741,508,260,421;1;1;generator_v1;CC-BY-4.0;day,angle,glare,motion_blur
images/synthetic/synth_02117.jpg;H553HM116;type1;816,346,270,96;816,381,1072,346,1086,418,829,442;1;1;generator_v1;CC-BY-4.0;day,angle,glare
images/synthetic/synth_02118.jpg;O339KE116;type1b;318,362,430,109;318,382,739,362,748,466,331,471;1;1;generator_v1;CC-BY-4.0;day,angle,dirt,motion_blur
images/synthetic/synth_02119.jpg;T839YC102;type1b;180,408,351,121;191,408,531,457,521,529,180,482;1;1;generator_v1;CC-BY-4.0;day,angle,glare
images/synthetic/synth_02120.jpg;H803PH02;type1b;410,41,262,99;410,71,663,41,672,101,420,140;1;1;generator_v1;CC-BY-4.0;day,angle,glare
images/synthetic/synth_02121.jpg;A438EH125;type1b;303,332,478,194;322,332,781,426,760,526,303,430;1;1;generator_v1;CC-BY-4.0;day,angle
images/synthetic/synth_02122.jpg;P400XT198;type1b;817,437,278,78;823,437,1095,450,1090,515,817,496;1;1;generator_v1;CC-BY-4.0;day,angle
images/synthetic/synth_02123.jpg;E748CM02;type1b;279,527,505,160;279,579,769,527,784,630,289,687;1;1;generator_v1;CC-BY-4.0;day,angle,motion_blur
images/synthetic/synth_02124.jpg;Y744MM78;type1b;584,321,184,42;585,321,768,324,768,363,584,360;1;1;generator_v1;CC-BY-4.0;day,angle
images/synthetic/synth_02125.jpg;C949XM178;type1b;258,345,393,124;258,388,643,345,651,432,259,469;1;1;generator_v1;CC-BY-4.0;day,angle
images/synthetic/synth_02126.jpg;A631AA716;type1b;275,567,175,48;275,578,443,567,450,602,280,615;1;1;generator_v1;CC-BY-4.0;day,angle
images/synthetic/synth_02127.jpg;K240YX52;type1a;96,236,273,187;103,236,364,271,369,423,96,398;1;1;generator_v1;CC-BY-4.0;day,angle
images/synthetic/synth_02128.jpg;E642CE61;type1b;493,450,280,71;500,450,773,465,763,521,493,511;1;1;generator_v1;CC-BY-4.0;day,angle,glare
images/synthetic/synth_02129.jpg;T493EY23;type1b;246,314,180,67;246,341,413,314,426,350,258,381;1;1;generator_v1;CC-BY-4.0;day,angle,glare
images/synthetic/synth_02130.jpg;E977MB790;type1b;603,43,435,182;616,43,1038,130,1034,225,603,160;1;1;generator_v1;CC-BY-4.0;day,angle,dirt
images/synthetic/synth_02131.jpg;H825HY716;type1a;593,437,174,117;611,437,767,454,749,554,593,546;1;1;generator_v1;CC-BY-4.0;day,angle,glare,motion_blur
images/synthetic/synth_02132.jpg;H445KC174;type1b;492,140,265,79;492,144,756,140,757,204,494,219;1;1;generator_v1;CC-BY-4.0;day,angle
images/synthetic/synth_02133.jpg;P928MT123;type1a;187,35,236,129;204,35,423,38,414,164,187,156;1;1;generator_v1;CC-BY-4.0;day,angle
images/synthetic/synth_02134.jpg;T986OC116;type1;883,16,198,59;885,16,1081,32,1081,75,883,61;1;1;generator_v1;CC-BY-4.0;day,angle,glare
images/synthetic/synth_02135.jpg;C818MO02;type1b;513,145,357,144;529,145,870,216,858,289,513,218;1;1;generator_v1;CC-BY-4.0;day,angle,glare
images/synthetic/synth_02136.jpg;C823EP716;type1a;648,234,451,308;660,294,1085,234,1099,516,648,542;1;1;generator_v1;CC-BY-4.0;day,angle,glare,dirt,motion_blur
images/synthetic/synth_02137.jpg;Y336AC90;type1a;410,125,337,225;447,125,747,176,705,350,410,320;1;1;generator_v1;CC-BY-4.0;day,angle
images/synthetic/synth_02138.jpg;E151XY150;type1a;855,217,174,120;874,217,1029,227,1010,337,855,318;1;1;generator_v1;CC-BY-4.0;day,angle
images/synthetic/synth_02139.jpg;Y930HC190;type1a;194,325,495,353;194,420,636,325,689,598,217,678;1;1;generator_v1;CC-BY-4.0;day,angle
images/synthetic/synth_02140.jpg;E215OX154;type1a;428,386,288,181;428,410,697,386,716,541,441,567;1;1;generator_v1;CC-BY-4.0;day,angle,glare,dirt
images/synthetic/synth_02141.jpg;C996MA199;type1a;184,62,205,142;217,62,389,93,357,204,184,165;1;1;generator_v1;CC-BY-4.0;day,angle,glare
images/synthetic/synth_02142.jpg;M160PA99;type1a;232,469,155,116;239,469,387,482,381,585,232,582;1;1;generator_v1;CC-BY-4.0;day,angle,glare
images/synthetic/synth_02143.jpg;P682EH54;type1a;399,145,433,323;399,197,820,145,832,384,433,468;1;1;generator_v1;CC-BY-4.0;day,angle
images/synthetic/synth_02144.jpg;H812CH38;type1b;151,190,199,65;151,203,347,190,350,237,154,255;1;1;generator_v1;CC-BY-4.0;day,angle
images/synthetic/synth_02145.jpg;C101YT797;type1a;133,100,266,178;157,100,399,139,381,278,133,239;1;1;generator_v1;CC-BY-4.0;day,angle
images/synthetic/synth_02146.jpg;O303KH98;type1;169,542,486,155;187,542,655,586,641,697,169,639;1;1;generator_v1;CC-BY-4.0;day,angle,glare
images/synthetic/synth_02147.jpg;C356OE197;type1a;694,41,364,238;739,41,1058,72,1007,268,694,279;1;1;generator_v1;CC-BY-4.0;day,angle,dirt
images/synthetic/synth_02148.jpg;P319YM797;type1;881,571,215,87;887,571,1096,609,1088,658,881,617;1;1;generator_v1;CC-BY-4.0;day,angle,glare
images/synthetic/synth_02149.jpg;E016HP61;type1;902,321,249,87;908,321,1151,354,1145,408,902,380;1;1;generator_v1;CC-BY-4.0;day,angle,glare,dirt
images/synthetic/synth_02150.jpg;P410EP198;type1;611,25,242,90;627,25,853,57,837,115,611,76;1;1;generator_v1;CC-BY-4.0;day,angle,dirt
images/synthetic/synth_02151.jpg;H193KO61;type1a;855,343,313,185;859,343,1168,344,1166,528,855,522;1;1;generator_v1;CC-BY-4.0;day,angle,motion_blur
images/synthetic/synth_02152.jpg;C329MH38;type1b;500,309,411,116;500,339,904,309,911,396,505,425;1;1;generator_v1;CC-BY-4.0;day,angle,glare,dirt
images/synthetic/synth_02153.jpg;T341CT116;type1;789,515,172,50;794,515,961,525,957,565,789,552;1;1;generator_v1;CC-BY-4.0;day,angle,glare,dirt,motion_blur
images/synthetic/synth_02154.jpg;P549TE99;type1a;594,113,312,201;594,141,888,113,906,286,608,314;1;1;generator_v1;CC-BY-4.0;day,angle,glare
images/synthetic/synth_02155.jpg;O771BT190;type1b;369,186,333,118;369,238,695,186,702,252,381,304;1;1;generator_v1;CC-BY-4.0;day,angle,glare,dirt
images/synthetic/synth_02156.jpg;M321MB161;type1a;765,476,277,179;770,483,1042,476,1039,655,765,647;1;1;generator_v1;CC-BY-4.0;day,angle
images/synthetic/synth_02157.jpg;O592YC97;type1b;88,559,452,95;88,559,540,563,532,654,90,653;1;1;generator_v1;CC-BY-4.0;day,angle
images/synthetic/synth_02158.jpg;C508OK54;type1a;614,95,244,154;626,95,858,115,844,249,614,235;1;1;generator_v1;CC-BY-4.0;day,angle,dirt
images/synthetic/synth_02159.jpg;Y681EX138;type1b;145,152,400,110;145,185,529,152,545,243,168,262;1;1;generator_v1;CC-BY-4.0;day,angle,dirt
images/synthetic/synth_02160.jpg;P753EA23;type1a;269,123,356,234;304,123,625,187,575,357,269,302;1;1;generator_v1;CC-BY-4.0;day,angle,dirt,motion_blur
images/synthetic/synth_02161.jpg;K844YO93;type1b;229,15,181,72;229,51,403,15,410,51,234,87;1;1;generator_v1;CC-BY-4.0;day,angle,glare,dirt
images/synthetic/synth_02162.jpg;B832PM116;type1b;490,105,248,93;490,147,729,105,738,157,499,198;1;1;generator_v1;CC-BY-4.0;day,angle
images/synthetic/synth_02163.jpg;B722OT125;type1;466,460,259,64;466,460,725,468,725,524,470,512;1;1;generator_v1;CC-BY-4.0;day,angle,glare
images/synthetic/synth_02164.jpg;A946YY25;type1a;168,347,446,324;209,347,614,392,566,643,168,671;1;1;generator_v1;CC-BY-4.0;day,angle,motion_blur
images/synthetic/synth_02165.jpg;C415PT178;type1a;561,190,428,342;561,250,989,190,982,431,586,532;1;1;generator_v1;CC-BY-4.0;day,angle,glare
images/synthetic/synth_02166.jpg;K587AY799;type1a;116,202,284,186;127,202,400,226,391,388,116,375;1;1;generator_v1;CC-BY-4.0;day,angle
images/synthetic/synth_02167.jpg;C357TO78;type1b;515,162,341,132;515,227,844,162,856,231,531,294;1;1;generator_v1;CC-BY-4.0;day,angle
images/synthetic/synth_02168.jpg;B448AA761;type1a;448,276,405,278;484,276,853,338,817,554,448,519;1;1;generator_v1;CC-BY-4.0;day,angle
images/synthetic/synth_02169.jpg;C904TO163;type1b;936,581,192,52;937,581,1128,588,1127,633,936,629;1;1;generator_v1;CC-BY-4.0;day,angle
images/synthetic/synth_02170.jpg;E744CT66;type1;647,93,370,82;647,94,1008,93,1017,168,650,175;1;1;generator_v1;CC-BY-4.0;day,angle,glare,dirt
images/synthetic/synth_02171.jpg;E148KT163;type1b;605,7,437,133;614,7,1042,41,1033,140,605,97;1;1;generator_v1;CC-BY-4.0;day,angle
images/synthetic/synth_02172.jpg;P623XP74;type1a;187,255,386,241;187,258,520,255,573,454,233,496;1;1;generator_v1;CC-BY-4.0;day,angle,glare
images/synthetic/synth_02173.jpg;C145BO199;type1a;728,194,202,124;728,212,921,194,930,301,742,318;1;1;generator_v1;CC-BY-4.0;day,angle,glare,motion_blur
images/synthetic/synth_02174.jpg;P832XE178;type1b;591,94,362,91;591,103,953,94,951,170,593,185;1;1;generator_v1;CC-BY-4.0;day,angle
images/synthetic/synth_02175.jpg;A562AE174;type1;109,93,300,114;109,145,400,93,409,157,112,207;1;1;generator_v1;CC-BY-4.0;day,angle
images/synthetic/synth_02176.jpg;E991AT799;type1;904,197,236,80;904,228,1134,197,1140,245,911,277;1;1;generator_v1;CC-BY-4.0;day,angle
images/synthetic/synth_02177.jpg;C519EB102;type1;591,98,423,152;605,98,1014,163,1001,250,591,189;1;1;generator_v1;CC-BY-4.0;day,angle,motion_blur
images/synthetic/synth_02178.jpg;C486HM161;type1b;540,229,192,87;540,263,728,229,732,276,546,316;1;1;generator_v1;CC-BY-4.0;day,angle
images/synthetic/synth_02179.jpg;B077MB702;type1;669,307,211,78;669,339,869,307,880,358,681,385;1;1;generator_v1;CC-BY-4.0;day,angle,glare
images/synthetic/synth_02180.jpg;O129CB61;type1a;644,104,231,164;670,104,875,148,850,268,644,227;1;1;generator_v1;CC-BY-4.0;day,angle
images/synthetic/synth_02181.jpg;O038BO702;type1a;117,309,319,266;127,309,430,382,436,575,117,532;1;1;generator_v1;CC-BY-4.0;day,angle,motion_blur
images/synthetic/synth_02182.jpg;C685YA777;type1a;621,320,492,328;680,320,1113,373,1066,648,621,565;1;1;generator_v1;CC-BY-4.0;day,angle,motion_blur
images/synthetic/synth_02183.jpg;B521XC116;type1;170,175,296,89;171,175,466,202,460,264,170,235;1;1;generator_v1;CC-BY-4.0;day,angle,dirt
images/synthetic/synth_02184.jpg;M659EO177;type1b;831,8,197,81;831,43,1020,8,1028,61,838,89;1;1;generator_v1;CC-BY-4.0;day,angle,dirt,motion_blur
images/synthetic/synth_02185.jpg;B271BP198;type1;657,239,418,102;658,239,1075,241,1074,341,657,328;1;1;generator_v1;CC-BY-4.0;day,angle,dirt
images/synthetic/synth_02186.jpg;M742PY177;type1a;991,204,203,161;1014,204,1194,241,1173,365,991,343;1;1;generator_v1;CC-BY-4.0;day,angle,glare,dirt
images/synthetic/synth_02187.jpg;T238TP116;type1a;180,45,231,140;208,45,411,50,387,185,180,169;1;1;generator_v1;CC-BY-4.0;day,angle,glare,dirt
images/synthetic/synth_02188.jpg;H588OT50;type1b;857,40,317,98;857,70,1171,40,1174,105,863,138;1;1;generator_v1;CC-BY-4.0;day,angle,dirt
images/synthetic/synth_02189.jpg;K900EH98;type1a;65,236,411,285;109,236,476,311,457,521,65,450;1;1;generator_v1;CC-BY-4.0;day,angle
images/synthetic/synth_02190.jpg;E550TO63;type1b;264,17,180,37;266,17,444,19,440,54,264,53;1;1;generator_v1;CC-BY-4.0;day,angle
images/synthetic/synth_02191.jpg;O223BA177;type1a;710,142,420,247;748,142,1130,177,1075,387,710,389;1;1;generator_v1;CC-BY-4.0;day,angle,glare
images/synthetic/synth_02192.jpg;X106AH102;type1a;340,335,492,323;373,335,832,390,808,658,340,610;1;1;generator_v1;CC-BY-4.0;day,angle,glare,dirt
images/synthetic/synth_02193.jpg;T721BM52;type1a;667,370,186,133;667,403,828,370,853,477,692,503;1;1;generator_v1;CC-BY-4.0;day,angle,glare,motion_blur
images/synthetic/synth_02194.jpg;Y297HO716;type1b;311,278,416,169;322,278,727,352,722,447,311,398;1;1;generator_v1;CC-BY-4.0;day,angle
images/synthetic/synth_02195.jpg;C300TO116;type1a;788,231,353,222;802,231,1141,259,1123,453,788,430;1;1;generator_v1;CC-BY-4.0;day,angle,glare
images/synthetic/synth_02196.jpg;A646HO152;type1;613,297,305,113;632,297,918,353,896,410,613,361;1;1;generator_v1;CC-BY-4.0;day,angle,glare
images/synthetic/synth_02197.jpg;O591CX190;type1;393,194,383,163;400,194,776,263,762,357,393,276;1;1;generator_v1;CC-BY-4.0;day,angle
images/synthetic/synth_02198.jpg;K538AE163;type1b;621,607,354,89;626,607,975,621,966,696,621,690;1;1;generator_v1;CC-BY-4.0;day,angle
images/synthetic/synth_02199.jpg;H828OT99;type1b;309,90,368,143;309,151,676,90,677,166,319,233;1;1;generator_v1;CC-BY-4.0;day,angle,glare
images/synthetic/synth_02200.jpg;X071OE78;type1a;138,334,352,246;138,377,490,334,490,525,159,580;1;1;generator_v1;CC-BY-4.0;day,angle,glare,dirt
images/synthetic/synth_02201.jpg;E237BE193;type1b;577,365,434,146;604,365,1011,427,980,511,577,472;1;1;generator_v1;CC-BY-4.0;day,angle
images/synthetic/synth_02202.jpg;M311EY97;type1;437,179,237,89;454,179,674,223,656,268,437,229;1;1;generator_v1;CC-BY-4.0;day,angle,motion_blur
images/synthetic/synth_02203.jpg;H675HM54;type1b;484,343,440,96;484,354,919,343,924,437,499,439;1;1;generator_v1;CC-BY-4.0;day,angle,dirt,motion_blur
images/synthetic/synth_02204.jpg;A755EA799;type1;491,618,189,49;496,625,680,618,674,658,491,667;1;1;generator_v1;CC-BY-4.0;day,angle,dirt
images/synthetic/synth_02205.jpg;X308HP154;type1a;501,293,402,282;501,369,852,293,903,533,554,575;1;1;generator_v1;CC-BY-4.0;day,angle
images/synthetic/synth_02206.jpg;B450CO193;type1a;193,329,468,303;193,375,634,329,661,595,212,632;1;1;generator_v1;CC-BY-4.0;day,angle
images/synthetic/synth_02207.jpg;T565EH138;type1a;277,145,506,366;277,249,725,145,783,427,319,511;1;1;generator_v1;CC-BY-4.0;day,angle
images/synthetic/synth_02208.jpg;H387CX93;type1a;331,302,440,326;338,329,771,302,764,628,331,592;1;1;generator_v1;CC-BY-4.0;day,angle,glare,motion_blur
images/synthetic/synth_02209.jpg;K673CC99;type1a;645,78,395,323;645,120,1040,78,1027,311,655,401;1;1;generator_v1;CC-BY-4.0;day,angle,dirt
images/synthetic/synth_02210.jpg;X751PY25;type1b;614,132,414,151;614,174,1028,132,1027,223,620,283;1;1;generator_v1;CC-BY-4.0;day,angle
images/synthetic/synth_02211.jpg;Y887CT702;type1b;463,521,328,111;463,568,780,521,791,589,477,632;1;1;generator_v1;CC-BY-4.0;day,angle
images/synthetic/synth_02212.jpg;A487AT50;type1b;171,477,386,125;172,477,557,493,553,602,171,565;1;1;generator_v1;CC-BY-4.0;day,angle,glare
images/synthetic/synth_02213.jpg;H569TH96;type1b;220,232,383,147;220,300,592,232,603,317,224,379;1;1;generator_v1;CC-BY-4.0;day,angle,glare,motion_blur
images/synthetic/synth_02214.jpg;M926ET61;type1a;819,432,340,257;855,432,1159,467,1118,689,819,621;1;1;generator_v1;CC-BY-4.0;day,angle,dirt
images/synthetic/synth_02215.jpg;K894AM138;type1a;216,38,293,231;235,38,509,85,494,269,216,256;1;1;generator_v1;CC-BY-4.0;day,angle
images/synthetic/synth_02216.jpg;X873OB77;type1b;911,216,208,70;914,216,1119,240,1117,286,911,265;1;1;generator_v1;CC-BY-4.0;day,angle,glare,dirt
images/synthetic/synth_02217.jpg;P390XK78;type1b;446,419,223,61;446,419,665,430,669,480,449,475;1;1;generator_v1;CC-BY-4.0;day,angle,glare,dirt
images/synthetic/synth_02218.jpg;P550AE97;type1a;743,324,208,137;756,324,951,324,935,448,743,461;1;1;generator_v1;CC-BY-4.0;day,angle,glare
images/synthetic/synth_02219.jpg;H136CY716;type1a;558,256,198,128;558,260,751,256,756,372,564,384;1;1;generator_v1;CC-BY-4.0;day,angle
images/synthetic/synth_02220.jpg;B470XM23;type1a;393,234,449,300;393,256,792,234,842,468,437,534;1;1;generator_v1;CC-BY-4.0;day,angle,motion_blur
images/synthetic/synth_02221.jpg;P199TP177;type1b;280,398,254,97;280,444,523,398,534,452,291,495;1;1;generator_v1;CC-BY-4.0;day,angle
images/synthetic/synth_02222.jpg;X586XY02;type1a;233,259,351,231;251,259,584,295,560,490,233,449;1;1;generator_v1;CC-BY-4.0;day,angle,dirt
images/synthetic/synth_02223.jpg;C895MB98;type1b;739,409,416,161;739,495,1129,409,1155,497,771,570;1;1;generator_v1;CC-BY-4.0;day,angle,glare,dirt,motion_blur
images/synthetic/synth_02224.jpg;E450HM177;type1b;538,166,390,147;538,224,910,166,928,245,555,313;1;1;generator_v1;CC-BY-4.0;day,angle,motion_blur
images/synthetic/synth_02225.jpg;M882XP790;type1b;665,469,464,160;678,469,1129,541,1106,629,665,564;1;1;generator_v1;CC-BY-4.0;day,angle,dirt
images/synthetic/synth_02226.jpg;E476AB193;type1b;81,590,191,59;84,590,272,610,271,649,81,630;1;1;generator_v1;CC-BY-4.0;day,angle,glare
images/synthetic/synth_02227.jpg;H816AO750;type1a;81,265,355,219;81,279,416,265,436,458,95,484;1;1;generator_v1;CC-BY-4.0;day,angle,motion_blur
images/synthetic/synth_02228.jpg;E930YK50;type1b;328,478,440,171;340,478,768,560,748,649,328,567;1;1;generator_v1;CC-BY-4.0;day,angle
images/synthetic/synth_02229.jpg;X148CX74;type1a;386,222,374,250;406,222,760,284,719,472,386,411;1;1;generator_v1;CC-BY-4.0;day,angle,glare
images/synthetic/synth_02230.jpg;K869OK66;type1b;753,264,324,137;762,264,1077,334,1075,401,753,336;1;1;generator_v1;CC-BY-4.0;day,angle,glare
images/synthetic/synth_02231.jpg;C690OA161;type1;175,189,266,62;177,189,441,195,441,251,175,245;1;1;generator_v1;CC-BY-4.0;day,angle,motion_blur
images/synthetic/synth_02232.jpg;K635KA774;type1b;671,502,412,109;683,502,1083,516,1075,611,671,586;1;1;generator_v1;CC-BY-4.0;day,angle,glare,dirt
images/synthetic/synth_02233.jpg;A446PK96;type1a;165,215,384,233;198,241,549,215,534,448,165,444;1;1;generator_v1;CC-BY-4.0;day,angle,glare,dirt
images/synthetic/synth_02234.jpg;A560OP74;type1a;321,224,299,232;365,224,620,291,581,456,321,415;1;1;generator_v1;CC-BY-4.0;day,angle,dirt
images/synthetic/synth_02235.jpg;K343YP763;type1;170,98,197,73;178,98,367,130,359,171,170,138;1;1;generator_v1;CC-BY-4.0;day,angle,dirt
images/synthetic/synth_02236.jpg;C624BO16;type1a;84,98,217,158;87,128,297,98,301,235,84,256;1;1;generator_v1;CC-BY-4.0;day,angle,glare
images/synthetic/synth_02237.jpg;A394TT90;type1b;478,20,289,94;478,55,759,20,767,80,483,114;1;1;generator_v1;CC-BY-4.0;day,angle,glare
images/synthetic/synth_02238.jpg;Y795OK761;type1;904,584,269,72;904,600,1169,584,1173,641,906,656;1;1;generator_v1;CC-BY-4.0;day,angle,glare
images/synthetic/synth_02239.jpg;B797KC66;type1b;823,651,166,43;823,651,983,654,989,693,829,694;1;1;generator_v1;CC-BY-4.0;day,angle,glare
images/synthetic/synth_02240.jpg;M698AP193;type1b;808,372,204,77;815,372,1012,401,1006,449,808,424;1;1;generator_v1;CC-BY-4.0;day,angle,glare,dirt
images/synthetic/synth_02241.jpg;T819PO66;type1a;646,501,289,192;646,543,907,501,935,662,677,693;1;1;generator_v1;CC-BY-4.0;day,angle,dirt
images/synthetic/synth_02242.jpg;O928XX777;type1a;853,183,196,111;871,183,1049,192,1028,294,853,292;1;1;generator_v1;CC-BY-4.0;day,angle,motion_blur
images/synthetic/synth_02243.jpg;C339MY99;type1b;133,624,214,55;142,624,347,633,336,679,133,675;1;1;generator_v1;CC-BY-4.0;day,angle,motion_blur
images/synthetic/synth_02244.jpg;H628EB74;type1;556,329,408,112;556,329,964,357,957,441,559,409;1;1;generator_v1;CC-BY-4.0;day,angle,glare
images/synthetic/synth_02245.jpg;B667YE190;type1b;611,524,376,109;611,545,984,524,987,604,616,633;1;1;generator_v1;CC-BY-4.0;day,angle,dirt
images/synthetic/synth_02246.jpg;C424MH138;type1b;115,623,185,65;120,623,300,647,296,688,115,668;1;1;generator_v1;CC-BY-4.0;day,angle
images/synthetic/synth_02247.jpg;E710AY102;type1b;475,163,292,117;487,163,767,218,755,280,475,223;1;1;generator_v1;CC-BY-4.0;day,angle,glare,dirt,motion_blur
images/synthetic/synth_02248.jpg;B736XH777;type1a;510,155,267,162;510,164,772,155,777,315,517,317;1;1;generator_v1;CC-BY-4.0;day,angle,dirt
images/synthetic/synth_02249.jpg;K466HM150;type1a;159,20,398,273;195,20,557,82,521,293,159,233;1;1;generator_v1;CC-BY-4.0;day,angle,glare
images/synthetic/synth_02250.jpg;E965CX78;type1a;387,232,468,347;441,232,855,335,813,579,387,505;1;1;generator_v1;CC-BY-4.0;day,angle
images/synthetic/synth_02251.jpg;H241BO702;type1;297,309,405,102;297,309,698,313,702,400,300,411;1;1;generator_v1;CC-BY-4.0;day,angle
images/synthetic/synth_02252.jpg;Y522BK761;type1b;208,95,426,161;212,95,634,136,625,256,208,191;1;1;generator_v1;CC-BY-4.0;day,angle,glare,dirt
images/synthetic/synth_02253.jpg;E210EK716;type1b;308,362,200,54;308,375,501,362,508,406,316,416;1;1;generator_v1;CC-BY-4.0;day,angle,glare
images/synthetic/synth_02254.jpg;B943PO198;type1b;317,38,382,117;317,76,692,38,699,118,326,155;1;1;generator_v1;CC-BY-4.0;day,angle,glare
images/synthetic/synth_02255.jpg;Y503HO190;type1b;540,160,287,110;549,160,827,212,815,270,540,218;1;1;generator_v1;CC-BY-4.0;day,angle,glare,dirt,motion_blur
images/synthetic/synth_02256.jpg;T931HY38;type1a;302,456,296,230;302,471,573,456,598,637,330,686;1;1;generator_v1;CC-BY-4.0;day,angle,glare,dirt
images/synthetic/synth_02257.jpg;C381HY790;type1b;515,555,197,78;515,593,704,555,712,595,523,633;1;1;generator_v1;CC-BY-4.0;day,angle
images/synthetic/synth_02258.jpg;O274XP163;type1a;573,103,211,156;582,132,784,103,781,243,573,259;1;1;generator_v1;CC-BY-4.0;day,angle,dirt,motion_blur
images/synthetic/synth_02259.jpg;O129MX02;type1a;816,132,163,119;821,151,979,132,977,239,816,251;1;1;generator_v1;CC-BY-4.0;day,angle,dirt
images/synthetic/synth_02260.jpg;E285BM750;type1a;582,150,194,167;592,192,776,150,772,290,582,317;1;1;generator_v1;CC-BY-4.0;day,angle,glare
images/synthetic/synth_02261.jpg;O057KE125;type1;672,109,383,161;683,109,1055,186,1050,270,672,209;1;1;generator_v1;CC-BY-4.0;day,angle,glare,dirt
images/synthetic/synth_02262.jpg;E724CB74;type1a;799,412,208,149;799,435,994,412,1007,530,815,561;1;1;generator_v1;CC-BY-4.0;day,angle,glare,motion_blur
images/synthetic/synth_02263.jpg;T222KC50;type1b;904,214,190,45;904,219,1093,214,1094,253,905,259;1;1;generator_v1;CC-BY-4.0;day,angle
images/synthetic/synth_02264.jpg;M013BC98;type1b;121,140,257,85;126,140,378,170,372,225,121,194;1;1;generator_v1;CC-BY-4.0;day,angle
images/synthetic/synth_02265.jpg;B178XC52;type1a;752,127,388,277;786,127,1140,179,1106,404,752,404;1;1;generator_v1;CC-BY-4.0;day,angle,dirt
images/synthetic/synth_02266.jpg;E883TP799;type1a;633,341,207,119;638,348,838,341,840,455,633,460;1;1;generator_v1;CC-BY-4.0;day,angle,dirt
images/synthetic/synth_02267.jpg;T125HE23;type1;250,107,330,121;250,160,569,107,580,178,260,228;1;1;generator_v1;CC-BY-4.0;day,angle,glare,dirt
images/synthetic/synth_02268.jpg;H983HA02;type1a;158,23,332,231;158,71,478,23,490,199,185,254;1;1;generator_v1;CC-BY-4.0;day,angle,glare
images/synthetic/synth_02269.jpg;C910KO123;type1b;812,552,263,78;812,575,1070,552,1075,607,817,630;1;1;generator_v1;CC-BY-4.0;day,angle,dirt
images/synthetic/synth_02270.jpg;E977AO66;type1;545,301,368,133;545,301,912,331,913,434,552,385;1;1;generator_v1;CC-BY-4.0;day,angle,motion_blur
images/synthetic/synth_02271.jpg;H673OP74;type1b;691,560,204,56;696,568,895,560,888,604,691,616;1;1;generator_v1;CC-BY-4.0;day,angle,dirt
images/synthetic/synth_02272.jpg;Y530XK38;type1a;864,363,195,122;864,364,1058,363,1059,485,866,479;1;1;generator_v1;CC-BY-4.0;day,angle,glare,dirt
images/synthetic/synth_02273.jpg;E017EX198;type1b;614,351,287,90;621,351,901,374,895,441,614,412;1;1;generator_v1;CC-BY-4.0;day,angle,glare,dirt
images/synthetic/synth_02274.jpg;T517BB196;type1a;758,278,387,233;758,283,1141,278,1145,500,763,511;1;1;generator_v1;CC-BY-4.0;day,angle
images/synthetic/synth_02275.jpg;P699XO799;type1b;822,65,364,94;822,82,1183,65,1186,149,826,159;1;1;generator_v1;CC-BY-4.0;day,angle
images/synthetic/synth_02276.jpg;H196YB96;type1a;820,481,260,168;820,486,1074,481,1080,632,827,649;1;1;generator_v1;CC-BY-4.0;day,angle
images/synthetic/synth_02277.jpg;P441BP78;type1;369,118,322,106;369,155,686,118,691,196,372,224;1;1;generator_v1;CC-BY-4.0;day,angle,motion_blur
images/synthetic/synth_02278.jpg;M032TE23;type1b;811,245,226,66;816,255,1037,245,1030,295,811,311;1;1;generator_v1;CC-BY-4.0;day,angle,dirt
images/synthetic/synth_02279.jpg;T256AK102;type1b;477,54,252,68;479,54,729,71,724,122,477,105;1;1;generator_v1;CC-BY-4.0;day,angle,motion_blur
images/synthetic/synth_02280.jpg;M130OH163;type1a;708,380,189,129;708,408,889,380,897,480,721,509;1;1;generator_v1;CC-BY-4.0;day,angle
images/synthetic/synth_02281.jpg;O919OE174;type1a;305,314,300,202;362,314,605,350,550,516,305,459;1;1;generator_v1;CC-BY-4.0;day,angle
images/synthetic/synth_02282.jpg;K062HK197;type1b;203,480,387,149;227,480,590,551,572,629,203,551;1;1;generator_v1;CC-BY-4.0;day,angle,dirt
images/synthetic/synth_02283.jpg;Y159OC761;type1b;926,31,245,87;926,62,1164,31,1171,95,933,118;1;1;generator_v1;CC-BY-4.0;day,angle
images/synthetic/synth_02284.jpg;M978CA125;type1a;119,447,357,247;153,447,476,505,447,694,119,640;1;1;generator_v1;CC-BY-4.0;day,angle
images/synthetic/synth_02285.jpg;O119KE152;type1a;451,466,299,212;477,466,750,514,728,678,451,643;1;1;generator_v1;CC-BY-4.0;day,angle,glare,dirt
images/synthetic/synth_02286.jpg;E894PT193;type1a;459,296,361,246;459,313,816,296,820,503,472,542;1;1;generator_v1;CC-BY-4.0;day,angle,dirt
images/synthetic/synth_02287.jpg;A189MK197;type1;284,294,244,60;284,294,528,299,528,354,286,346;1;1;generator_v1;CC-BY-4.0;day,angle
images/synthetic/synth_02288.jpg;Y022TT16;type1b;378,321,462,114;378,334,835,321,840,418,380,435;1;1;generator_v1;CC-BY-4.0;day,angle,glare,dirt
images/synthetic/synth_02289.jpg;C563MX154;type1b;575,17,283,62;576,18,858,17,858,79,575,78;1;1;generator_v1;CC-BY-4.0;day,angle,dirt,motion_blur
images/synthetic/synth_02290.jpg;E072BK116;type1a;642,473,235,171;660,473,877,505,856,644,642,603;1;1;generator_v1;CC-BY-4.0;day,angle,glare,dirt
images/synthetic/synth_02291.jpg;P394MA797;type1b;722,469,249,76;722,493,956,469,971,530,738,545;1;1;generator_v1;CC-BY-4.0;day,angle,motion_blur
images/synthetic/synth_02292.jpg;A784PT98;type1a;459,78,473,315;459,149,870,78,932,309,498,393;1;1;generator_v1;CC-BY-4.0;day,angle,glare
images/synthetic/synth_02293.jpg;C714CM161;type1a;645,420,275,202;646,420,920,434,913,622,645,587;1;1;generator_v1;CC-BY-4.0;day,angle,glare
images/synthetic/synth_02294.jpg;O024CY16;type1a;411,139,193,111;411,150,591,139,604,237,419,250;1;1;generator_v1;CC-BY-4.0;day,angle,dirt
images/synthetic/synth_02295.jpg;Y813OP97;type1b;321,546,185,54;324,546,506,561,503,600,321,585;1;1;generator_v1;CC-BY-4.0;day,angle,glare
images/synthetic/synth_02296.jpg;M434XT763;type1b;814,111,305,116;814,154,1108,111,1119,177,826,227;1;1;generator_v1;CC-BY-4.0;day,angle,glare,motion_blur
images/synthetic/synth_02297.jpg;T134TC93;type1b;459,285,234,88;459,320,683,285,693,334,469,373;1;1;generator_v1;CC-BY-4.0;day,angle,glare
images/synthetic/synth_02298.jpg;K311TY25;type1;684,23,263,104;684,69,934,23,947,88,696,127;1;1;generator_v1;CC-BY-4.0;day,angle
images/synthetic/synth_02299.jpg;K861AA102;type1b;797,611,189,46;797,611,985,617,986,657,798,654;1;1;generator_v1;CC-BY-4.0;day,angle
images/synthetic/synth_02300.jpg;C933TB174;type1b;625,87,347,123;625,139,961,87,972,164,636,210;1;1;generator_v1;CC-BY-4.0;day,angle
images/synthetic/synth_02301.jpg;B484BA161;type1;321,201,193,63;321,201,510,219,514,264,323,251;1;1;generator_v1;CC-BY-4.0;day,angle,dirt
images/synthetic/synth_02302.jpg;T716HO16;type1b;421,568,435,128;421,608,848,568,856,661,434,696;1;1;generator_v1;CC-BY-4.0;day,angle
images/synthetic/synth_02303.jpg;T219PH96;type1b;639,538,354,145;639,610,981,538,993,616,643,683;1;1;generator_v1;CC-BY-4.0;day,angle
images/synthetic/synth_02304.jpg;P823BP93;type1b;822,148,216,79;822,182,1026,148,1038,199,833,227;1;1;generator_v1;CC-BY-4.0;day,angle,glare,dirt
images/synthetic/synth_02305.jpg;Y378AM198;type1a;169,222,331,203;169,259,462,222,500,411,215,425;1;1;generator_v1;CC-BY-4.0;day,angle
images/synthetic/synth_02306.jpg;A285YP196;type1a;458,414,345,234;458,436,789,414,803,607,476,648;1;1;generator_v1;CC-BY-4.0;day,angle,glare
images/synthetic/synth_02307.jpg;M291HH61;type1b;881,243,271,102;881,271,1142,243,1152,307,892,345;1;1;generator_v1;CC-BY-4.0;day,angle
images/synthetic/synth_02308.jpg;Y644HK23;type1;374,103,426,152;374,170,783,103,800,188,381,255;1;1;generator_v1;CC-BY-4.0;day,angle
images/synthetic/synth_02309.jpg;M732XK199;type1;625,366,354,77;625,373,979,366,976,436,629,443;1;1;generator_v1;CC-BY-4.0;day,angle,dirt
images/synthetic/synth_02310.jpg;M779AY77;type1a;624,243,377,253;624,267,983,243,1001,496,648,483;1;1;generator_v1;CC-BY-4.0;day,angle,glare
images/synthetic/synth_02311.jpg;E055XB138;type1;333,27,290,63;333,27,620,28,623,88,333,90;1;1;generator_v1;CC-BY-4.0;day,angle,glare,dirt
images/synthetic/synth_02312.jpg;Y514XK163;type1b;582,314,312,84;582,314,888,315,894,386,587,398;1;1;generator_v1;CC-BY-4.0;day,angle,dirt
images/synthetic/synth_02313.jpg;E592MT152;type1b;139,118,468,155;139,177,594,118,607,221,150,273;1;1;generator_v1;CC-BY-4.0;day,angle,glare,dirt,motion_blur
images/synthetic/synth_02314.jpg;P509YP23;type1a;801,449,305,194;801,501,1053,449,1106,611,859,643;1;1;generator_v1;CC-BY-4.0;day,angle,motion_blur
images/synthetic/synth_02315.jpg;X679HX198;type1;219,310,356,124;225,359,573,310,575,395,219,434;1;1;generator_v1;CC-BY-4.0;day,angle,glare,dirt
images/synthetic/synth_02316.jpg;C071MK99;type1;558,100,190,50;559,100,748,104,747,150,558,150;1;1;generator_v1;CC-BY-4.0;day,angle
images/synthetic/synth_02317.jpg;M378PM797;type1b;395,137,271,96;406,137,666,167,655,233,395,195;1;1;generator_v1;CC-BY-4.0;day,angle,dirt
images/synthetic/synth_02318.jpg;H587CP77;type1a;816,42,333,218;868,42,1149,61,1100,260,816,213;1;1;generator_v1;CC-BY-4.0;day,angle
images/synthetic/synth_02319.jpg;A804CX750;type1;338,328,430,116;338,328,756,336,768,444,357,417;1;1;generator_v1;CC-BY-4.0;day,angle,dirt
images/synthetic/synth_02320.jpg;K069PB177;type1b;189,137,328,118;201,137,517,187,505,255,189,212;1;1;generator_v1;CC-BY-4.0;day,angle,dirt
images/synthetic/synth_02321.jpg;C854TM150;type1a;792,498,215,160;792,498,1002,506,1007,647,797,658;1;1;generator_v1;CC-BY-4.0;day,angle
images/synthetic/synth_02322.jpg;C721MO96;type1b;173,471,255,101;185,471,428,517,416,572,173,523;1;1;generator_v1;CC-BY-4.0;day,angle,glare,motion_blur
images/synthetic/synth_02323.jpg;O630OM54;type1b;344,569,384,128;344,616,720,569,728,661,349,697;1;1;generator_v1;CC-BY-4.0;day,angle,glare
images/synthetic/synth_02324.jpg;C803XE161;type1a;726,282,313,218;726,335,1008,282,1039,447,757,500;1;1;generator_v1;CC-BY-4.0;day,angle
images/synthetic/synth_02325.jpg;T962XA61;type1a;616,320,342,207;630,320,958,334,953,527,616,512;1;1;generator_v1;CC-BY-4.0;day,angle
images/synthetic/synth_02326.jpg;K622YA78;type1b;699,423,203,47;702,423,902,429,898,470,699,466;1;1;generator_v1;CC-BY-4.0;day,angle,glare
images/synthetic/synth_02327.jpg;H399HM799;type1b;331,461,413,158;351,461,744,538,733,619,331,540;1;1;generator_v1;CC-BY-4.0;day,angle,motion_blur
images/synthetic/synth_02328.jpg;O113HO716;type1b;804,470,173,58;804,486,972,470,977,510,809,528;1;1;generator_v1;CC-BY-4.0;day,angle,motion_blur
images/synthetic/synth_02329.jpg;Y959BA797;type1a;763,174,387,237;775,174,1150,204,1124,411,763,386;1;1;generator_v1;CC-BY-4.0;day,angle,glare
images/synthetic/synth_02330.jpg;M355YM763;type1;732,191,298,116;749,191,1030,249,1018,307,732,247;1;1;generator_v1;CC-BY-4.0;day,angle,dirt
images/synthetic/synth_02331.jpg;M482YX78;type1;729,385,363,129;734,385,1089,437,1092,514,729,472;1;1;generator_v1;CC-BY-4.0;day,angle,dirt
images/synthetic/synth_02332.jpg;B533MC174;type1b;811,434,273,111;822,434,1084,484,1072,545,811,490;1;1;generator_v1;CC-BY-4.0;day,angle,motion_blur
images/synthetic/synth_02333.jpg;T161XE797;type1;187,95,426,97;187,95,613,101,610,192,190,184;1;1;generator_v1;CC-BY-4.0;day,angle,glare
images/synthetic/synth_02334.jpg;K979PC178;type1b;670,163,241,79;677,163,911,196,902,242,670,210;1;1;generator_v1;CC-BY-4.0;day,angle
images/synthetic/synth_02335.jpg;C853MY123;type1b;628,142,394,125;643,179,1022,142,1012,252,628,267;1;1;generator_v1;CC-BY-4.0;day,angle,glare
images/synthetic/synth_02336.jpg;P543CT25;type1a;198,165,386,274;241,165,584,238,547,439,198,371;1;1;generator_v1;CC-BY-4.0;day,angle,dirt
images/synthetic/synth_02337.jpg;Y950BC78;type1;92,46,330,81;93,46,421,57,422,127,92,121;1;1;generator_v1;CC-BY-4.0;day,angle
images/synthetic/synth_02338.jpg;B879XX790;type1;441,499,425,141;441,536,834,499,866,581,470,640;1;1;generator_v1;CC-BY-4.0;day,angle,motion_blur
images/synthetic/synth_02339.jpg;A503ET38;type1a;971,366,226,140;983,366,1197,384,1191,506,971,487;1;1;generator_v1;CC-BY-4.0;day,angle,glare,dirt
images/synthetic/synth_02340.jpg;T695OH197;type1;525,374,426,128;525,415,941,374,951,471,537,502;1;1;generator_v1;CC-BY-4.0;day,angle
images/synthetic/synth_02341.jpg;O265MK777;type1a;893,453,267,177;893,492,1138,453,1160,596,920,630;1;1;generator_v1;CC-BY-4.0;day,angle,glare,dirt
images/synthetic/synth_02342.jpg;O905AP97;type1b;423,56,485,119;423,74,904,56,908,162,425,175;1;1;generator_v1;CC-BY-4.0;day,angle,glare
images/synthetic/synth_02343.jpg;B873KB96;type1a;329,99,451,279;345,103,780,99,772,378,329,355;1;1;generator_v1;CC-BY-4.0;day,angle,dirt
images/synthetic/synth_02344.jpg;P297XT90;type1a;557,95,293,197;557,100,844,95,850,292,568,274;1;1;generator_v1;CC-BY-4.0;day,angle
images/synthetic/synth_02345.jpg;C040XY90;type1b;780,352,269,70;780,354,1046,352,1049,413,783,422;1;1;generator_v1;CC-BY-4.0;day,angle,dirt,motion_blur
images/synthetic/synth_02346.jpg;T145EY98;type1b;400,18,505,195;400,109,882,18,905,119,417,213;1;1;generator_v1;CC-BY-4.0;day,angle
images/synthetic/synth_02347.jpg;X696XX196;type1b;462,392,183,73;462,428,639,392,645,430,467,465;1;1;generator_v1;CC-BY-4.0;day,angle,motion_blur
images/synthetic/synth_02348.jpg;H457MT197;type1b;507,112,346,88;513,112,853,125,850,200,507,184;1;1;generator_v1;CC-BY-4.0;day,angle
images/synthetic/synth_02349.jpg;E930HA54;type1;167,34,374,86;167,38,538,34,541,120,174,115;1;1;generator_v1;CC-BY-4.0;day,angle,dirt
images/synthetic/synth_02350.jpg;A650XK02;type1b;498,610,254,83;498,634,738,610,752,663,511,693;1;1;generator_v1;CC-BY-4.0;day,angle,glare,dirt
images/synthetic/synth_02351.jpg;O840XB74;type1b;744,507,421,130;749,507,1165,550,1153,637,744,594;1;1;generator_v1;CC-BY-4.0;day,angle,motion_blur
images/synthetic/synth_02352.jpg;Y802TB23;type1b;792,107,311,76;793,107,1103,113,1101,183,792,173;1;1;generator_v1;CC-BY-4.0;day,angle,dirt
images/synthetic/synth_02353.jpg;E086HE797;type1a;752,515,191,119;758,521,943,515,938,634,752,632;1;1;generator_v1;CC-BY-4.0;day,angle,glare,dirt
images/synthetic/synth_02354.jpg;Y256HC98;type1a;258,468,272,163;269,468,530,479,525,631,258,618;1;1;generator_v1;CC-BY-4.0;day,angle
images/synthetic/synth_02355.jpg;K359OM197;type1;984,402,193,69;989,402,1177,431,1172,471,984,443;1;1;generator_v1;CC-BY-4.0;day,angle,dirt,motion_blur
images/synthetic/synth_02356.jpg;A906TB54;type1;587,528,380,93;587,528,952,543,967,621,595,620;1;1;generator_v1;CC-BY-4.0;day,angle,dirt
images/synthetic/synth_02357.jpg;X606BY150;type1b;473,133,264,90;473,169,731,133,737,190,477,223;1;1;generator_v1;CC-BY-4.0;day,angle,glare
images/synthetic/synth_02358.jpg;A172BY150;type1;739,319,339,143;740,319,1078,379,1070,462,739,392;1;1;generator_v1;CC-BY-4.0;day,angle
images/synthetic/synth_02359.jpg;Y828BC138;type1a;302,38,336,231;336,38,638,88,607,269,302,213;1;1;generator_v1;CC-BY-4.0;day,angle,glare,motion_blur
images/synthetic/synth_02360.jpg;A815PX61;type1b;596,309,363,87;598,313,959,309,958,396,596,390;1;1;generator_v1;CC-BY-4.0;day,angle,motion_blur
images/synthetic/synth_02361.jpg;Y039XE23;type1b;703,374,218,52;704,374,921,380,920,426,703,420;1;1;generator_v1;CC-BY-4.0;day,angle
images/synthetic/synth_02362.jpg;K425PH97;type1;425,320,207,53;433,320,632,331,622,373,425,366;1;1;generator_v1;CC-BY-4.0;day,angle,glare,dirt
images/synthetic/synth_02363.jpg;M629OK177;type1;575,585,341,112;584,585,916,626,908,697,575,656;1;1;generator_v1;CC-BY-4.0;day,angle,motion_blur
images/synthetic/synth_02364.jpg;K086AM125;type1;304,247,375,107;304,277,674,247,679,325,312,354;1;1;generator_v1;CC-BY-4.0;day,angle
images/synthetic/synth_02365.jpg;C472TO50;type1b;688,577,467,142;702,577,1155,613,1143,719,688,671;1;1;generator_v1;CC-BY-4.0;day,angle,glare,dirt
images/synthetic/synth_02366.jpg;T230YA74;type1b;619,70,417,119;619,101,1031,70,1036,169,620,189;1;1;generator_v1;CC-BY-4.0;day,angle,dirt
images/synthetic/synth_02367.jpg;H543KH761;type1b;556,115,342,78;558,115,898,115,897,193,556,187;1;1;generator_v1;CC-BY-4.0;day,angle
images/synthetic/synth_02368.jpg;H734KE763;type1a;306,109,435,302;348,109,741,185,698,411,306,352;1;1;generator_v1;CC-BY-4.0;day,angle,dirt
images/synthetic/synth_02369.jpg;M167KY178;type1a;313,323,297,196;353,323,610,353,575,519,313,473;1;1;generator_v1;CC-BY-4.0;day,angle
images/synthetic/synth_02370.jpg;M980KC98;type1b;460,71,387,107;460,93,834,71,847,149,468,178;1;1;generator_v1;CC-BY-4.0;day,angle,motion_blur
images/synthetic/synth_02371.jpg;Y310BX763;type1b;304,113,488,181;310,113,792,187,776,294,304,212;1;1;generator_v1;CC-BY-4.0;day,angle,glare
images/synthetic/synth_02372.jpg;K772MO16;type1b;387,436,312,98;394,436,699,467,692,534,387,500;1;1;generator_v1;CC-BY-4.0;day,angle,glare
images/synthetic/synth_02373.jpg;M898CB61;type1b;416,420,480,190;436,420,896,512,882,610,416,531;1;1;generator_v1;CC-BY-4.0;day,angle,dirt
images/synthetic/synth_02374.jpg;B284BY196;type1b;118,91,406,92;118,91,521,91,524,183,128,173;1;1;generator_v1;CC-BY-4.0;day,angle,dirt
images/synthetic/synth_02375.jpg;C810CK178;type1b;589,359,502,163;589,420,1079,359,1091,467,604,522;1;1;generator_v1;CC-BY-4.0;day,angle
images/synthetic/synth_02376.jpg;B273EA125;type1;722,119,190,70;727,144,912,119,908,169,722,189;1;1;generator_v1;CC-BY-4.0;day,angle
images/synthetic/synth_02377.jpg;C362AO61;type1a;472,548,179,113;472,548,632,553,651,657,488,661;1;1;generator_v1;CC-BY-4.0;day,angle,dirt
images/synthetic/synth_02378.jpg;X772KM66;type1;743,170,182,45;746,176,925,170,920,207,743,215;1;1;generator_v1;CC-BY-4.0;day,angle,motion_blur
images/synthetic/synth_02379.jpg;M730OH774;type1a;316,139,452,296;316,227,709,139,768,377,391,435;1;1;generator_v1;CC-BY-4.0;day,angle,glare
images/synthetic/synth_02380.jpg;B640CP199;type1b;554,45,319,94;554,72,867,45,873,112,559,139;1;1;generator_v1;CC-BY-4.0;day,angle
images/synthetic/synth_02381.jpg;B748OO74;type1b;603,405,472,120;603,405,1075,411,1075,525,610,503;1;1;generator_v1;CC-BY-4.0;day,angle,glare,dirt
images/synthetic/synth_02382.jpg;C162OC99;type1b;500,276,356,141;500,331,836,276,856,350,519,417;1;1;generator_v1;CC-BY-4.0;day,angle
images/synthetic/synth_02383.jpg;P240OX797;type1;639,170,227,50;642,172,866,170,864,220,639,219;1;1;generator_v1;CC-BY-4.0;day,angle,glare
images/synthetic/synth_02384.jpg;E667HT102;type1;385,284,286,88;397,284,671,304,660,372,385,344;1;1;generator_v1;CC-BY-4.0;day,angle,dirt
images/synthetic/synth_02385.jpg;E293TA197;type1b;410,241,178,55;414,256,588,241,584,286,410,296;1;1;generator_v1;CC-BY-4.0;day,angle,glare
images/synthetic/synth_02386.jpg;E528EM63;type1b;134,209,271,100;134,252,385,209,405,259,152,309;1;1;generator_v1;CC-BY-4.0;day,angle,glare,dirt
images/synthetic/synth_02387.jpg;K264HO154;type1a;549,251,481,314;600,251,1030,273,990,565,549,500;1;1;generator_v1;CC-BY-4.0;day,angle,glare,dirt
images/synthetic/synth_02388.jpg;P065EO98;type1b;318,490,322,94;318,490,633,508,640,584,323,581;1;1;generator_v1;CC-BY-4.0;day,angle
images/synthetic/synth_02389.jpg;P048YB125;type1;302,46,343,73;304,46,645,47,638,115,302,119;1;1;generator_v1;CC-BY-4.0;day,angle
images/synthetic/synth_02390.jpg;E543KO77;type1b;405,395,207,53;409,395,612,402,608,448,405,446;1;1;generator_v1;CC-BY-4.0;day,angle,dirt
images/synthetic/synth_02391.jpg;H771KX66;type1b;754,93,369,107;754,126,1113,93,1123,167,758,200;1;1;generator_v1;CC-BY-4.0;day,angle,dirt,motion_blur
images/synthetic/synth_02392.jpg;M872AY761;type1;214,605,222,53;215,605,436,606,434,655,214,658;1;1;generator_v1;CC-BY-4.0;day,angle,dirt
images/synthetic/synth_02393.jpg;C822CY96;type1b;442,606,290,65;447,606,732,612,724,671,442,670;1;1;generator_v1;CC-BY-4.0;day,angle,dirt
images/synthetic/synth_02394.jpg;E017TK16;type1a;441,364,221,162;441,383,645,364,662,493,460,526;1;1;generator_v1;CC-BY-4.0;day,angle,glare
images/synthetic/synth_02395.jpg;E448OX16;type1;572,409,438,106;572,428,1010,409,1009,497,582,515;1;1;generator_v1;CC-BY-4.0;day,angle
images/synthetic/synth_02396.jpg;A060YX97;type1;775,119,175,68;777,119,950,147,946,187,775,157;1;1;generator_v1;CC-BY-4.0;day,angle,glare
images/synthetic/synth_02397.jpg;C232KM96;type1a;604,94,470,297;604,124,1059,94,1074,356,626,391;1;1;generator_v1;CC-BY-4.0;day,angle,glare
images/synthetic/synth_02398.jpg;H901PY61;type1;537,107,427,114;537,110,961,107,964,200,540,221;1;1;generator_v1;CC-BY-4.0;day,angle
images/synthetic/synth_02399.jpg;H591TX97;type1a;643,458,222,153;643,491,837,458,865,571,670,611;1;1;generator_v1;CC-BY-4.0;day,angle
images/synthetic/synth_02400.jpg;O416BO52;type1a;499,111,426,268;499,136,915,111,925,379,516,375;1;1;generator_v1;CC-BY-4.0;day,angle,glare
images/synthetic/synth_02401.jpg;P297XM799;type1b;447,645,177,44;452,647,624,645,620,689,447,687;1;1;generator_v1;CC-BY-4.0;day,angle,dirt
images/synthetic/synth_02402.jpg;K226KE702;type1b;1057,11,173,57;1057,29,1223,11,1230,54,1064,68;1;1;generator_v1;CC-BY-4.0;day,angle
images/synthetic/synth_02403.jpg;P309ET161;type1;152,568,304,114;159,568,456,617,453,682,152,640;1;1;generator_v1;CC-BY-4.0;day,angle,motion_blur
images/synthetic/synth_02404.jpg;X815OB761;type1a;949,112,234,176;971,112,1183,149,1164,288,949,268;1;1;generator_v1;CC-BY-4.0;day,angle,glare,dirt,motion_blur
images/synthetic/synth_02405.jpg;E462TE163;type1;723,155,407,140;726,155,1130,202,1120,295,723,240;1;1;generator_v1;CC-BY-4.0;day,angle,glare
images/synthetic/synth_02406.jpg;X443MK150;type1b;391,534,376,105;391,534,767,546,767,639,395,615;1;1;generator_v1;CC-BY-4.0;day,angle,glare,dirt
images/synthetic/synth_02407.jpg;K258YB190;type1a;461,163,472,359;461,236,932,163,933,418,500,522;1;1;generator_v1;CC-BY-4.0;day,angle
images/synthetic/synth_02408.jpg;K342BB16;type1b;582,173,487,123;596,173,1069,192,1065,296,582,270;1;1;generator_v1;CC-BY-4.0;day,angle,dirt
images/synthetic/synth_02409.jpg;C644CB799;type1b;152,528,428,145;167,528,580,571,565,673,152,616;1;1;generator_v1;CC-BY-4.0;day,angle
images/synthetic/synth_02410.jpg;H117PE38;type1a;910,272,247,186;910,272,1157,274,1155,458,911,433;1;1;generator_v1;CC-BY-4.0;day,angle
images/synthetic/synth_02411.jpg;Y063YK790;type1b;290,442,391,140;290,502,669,442,681,527,297,582;1;1;generator_v1;CC-BY-4.0;day,angle
images/synthetic/synth_02412.jpg;A877OK93;type1;166,135,208,88;181,135,374,174,359,223,166,180;1;1;generator_v1;CC-BY-4.0;day,angle,glare
images/synthetic/synth_02413.jpg;C247AP799;type1a;250,297,251,146;260,297,501,303,497,443,250,434;1;1;generator_v1;CC-BY-4.0;day,angle
images/synthetic/synth_02414.jpg;P076YP702;type1;744,335,248,96;754,335,992,380,982,431,744,388;1;1;generator_v1;CC-BY-4.0;day,angle,glare
images/synthetic/synth_02415.jpg;X592BE77;type1b;615,55,424,117;615,85,1031,55,1039,145,618,172;1;1;generator_v1;CC-BY-4.0;day,angle
images/synthetic/synth_02416.jpg;A543PE52;type1;401,72,347,143;401,134,735,72,748,145,416,215;1;1;generator_v1;CC-BY-4.0;day,angle,dirt
images/synthetic/synth_02417.jpg;T186MO797;type1b;870,448,296,88;870,460,1147,448,1166,512,888,536;1;1;generator_v1;CC-BY-4.0;day,angle,glare
images/synthetic/synth_02418.jpg;T519CX125;type1b;790,292,212,64;790,292,999,312,1002,356,791,339;1;1;generator_v1;CC-BY-4.0;day,angle,dirt
images/synthetic/synth_02419.jpg;P603AY163;type1b;448,316,229,55;450,316,677,323,675,371,448,363;1;1;generator_v1;CC-BY-4.0;day,angle
images/synthetic/synth_02420.jpg;Y219AM125;type1b;471,59,255,102;471,59,720,101,726,161,475,129;1;1;generator_v1;CC-BY-4.0;day,angle,glare
images/synthetic/synth_02421.jpg;T017TO77;type1b;732,321,230,93;755,321,962,361,938,414,732,367;1;1;generator_v1;CC-BY-4.0;day,angle
images/synthetic/synth_02422.jpg;M638CT178;type1a;262,237,270,199;279,237,532,245,514,436,262,402;1;1;generator_v1;CC-BY-4.0;day,angle
images/synthetic/synth_02423.jpg;Y035KT750;type1a;363,530,264,176;393,530,627,557,599,706,363,668;1;1;generator_v1;CC-BY-4.0;day,angle,dirt
images/synthetic/synth_02424.jpg;Y077MH152;type1a;442,302,227,147;442,317,653,302,669,427,456,449;1;1;generator_v1;CC-BY-4.0;day,angle,glare
images/synthetic/synth_02425.jpg;H877TH199;type1a;452,159,266,169;452,193,676,159,718,313,496,328;1;1;generator_v1;CC-BY-4.0;day,angle,glare
images/synthetic/synth_02426.jpg;T088OT66;type1;592,62,206,84;592,99,789,62,798,114,600,146;1;1;generator_v1;CC-BY-4.0;day,angle,glare,dirt
images/synthetic/synth_02427.jpg;T897KC99;type1b;539,484,443,147;548,484,982,540,968,631,539,576;1;1;generator_v1;CC-BY-4.0;day,angle,motion_blur
images/synthetic/synth_02428.jpg;X316XT78;type1b;703,541,259,91;703,577,956,541,962,594,711,632;1;1;generator_v1;CC-BY-4.0;day,angle
images/synthetic/synth_02429.jpg;C757OK02;type1a;501,90,437,284;501,90,926,91,938,339,513,374;1;1;generator_v1;CC-BY-4.0;day,angle,glare
images/synthetic/synth_02430.jpg;C198YC163;type1b;789,613,301,106;789,657,1078,613,1090,674,800,719;1;1;generator_v1;CC-BY-4.0;day,angle,glare
images/synthetic/synth_02431.jpg;C939KE197;type1;868,462,218,62;873,477,1086,462,1084,513,868,524;1;1;generator_v1;CC-BY-4.0;day,angle,dirt
images/synthetic/synth_02432.jpg;B309EE02;type1a;350,181,394,277;350,181,744,184,740,458,358,413;1;1;generator_v1;CC-BY-4.0;day,angle,motion_blur
images/synthetic/synth_02433.jpg;P129BP125;type1b;833,221,334,116;833,265,1160,221,1167,291,842,337;1;1;generator_v1;CC-BY-4.0;day,angle,motion_blur
images/synthetic/synth_02434.jpg;O572OH199;type1a;366,53,392,260;366,87,756,53,758,267,388,313;1;1;generator_v1;CC-BY-4.0;day,angle,motion_blur
images/synthetic/synth_02435.jpg;E422CH125;type1b;841,607,343,84;841,615,1181,607,1184,680,843,691;1;1;generator_v1;CC-BY-4.0;day,angle,glare,motion_blur
images/synthetic/synth_02436.jpg;T008YK161;type1a;758,72,341,230;758,114,1078,72,1099,272,775,302;1;1;generator_v1;CC-BY-4.0;day,angle,dirt
images/synthetic/synth_02437.jpg;A262EO77;type1a;529,230,385,243;542,230,914,278,878,473,529,427;1;1;generator_v1;CC-BY-4.0;day,angle
images/synthetic/synth_02438.jpg;T405HE38;type1;374,502,454,157;389,502,828,561,814,659,374,594;1;1;generator_v1;CC-BY-4.0;day,angle,glare
images/synthetic/synth_02439.jpg;T546AP16;type1b;642,291,389,102;642,309,1027,291,1031,372,646,393;1;1;generator_v1;CC-BY-4.0;day,angle
images/synthetic/synth_02440.jpg;A913MA196;type1a;358,236,425,305;401,236,783,262,738,541,358,467;1;1;generator_v1;CC-BY-4.0;day,angle
images/synthetic/synth_02441.jpg;B937TC52;type1;223,334,458,107;242,351,681,334,673,440,223,441;1;1;generator_v1;CC-BY-4.0;day,angle
images/synthetic/synth_02442.jpg;M926BT193;type1a;176,219,448,292;176,240,559,219,624,443,233,511;1;1;generator_v1;CC-BY-4.0;day,angle,dirt
images/synthetic/synth_02443.jpg;X463EY98;type1a;751,132,371,274;751,132,1122,173,1110,406,762,338;1;1;generator_v1;CC-BY-4.0;day,angle,dirt
images/synthetic/synth_02444.jpg;O056CP78;type1b;705,339,435,108;707,339,1140,349,1137,447,705,430;1;1;generator_v1;CC-BY-4.0;day,angle,glare,dirt
images/synthetic/synth_02445.jpg;H932PX50;type1;658,460,412,118;658,489,1066,460,1070,546,665,578;1;1;generator_v1;CC-BY-4.0;day,angle
images/synthetic/synth_02446.jpg;P468XA74;type1b;599,435,378,139;614,435,977,498,969,574,599,510;1;1;generator_v1;CC-BY-4.0;day,angle
images/synthetic/synth_02447.jpg;E475CP196;type1;136,330,323,96;136,358,453,330,459,404,140,426;1;1;generator_v1;CC-BY-4.0;day,angle,glare,dirt,motion_blur
images/synthetic/synth_02448.jpg;Y902TA02;type1b;850,477,249,94;853,477,1099,514,1093,571,850,529;1;1;generator_v1;CC-BY-4.0;day,angle,glare
images/synthetic/synth_02449.jpg;C905XB190;type1b;346,105,323,83;346,120,669,105,669,171,350,188;1;1;generator_v1;CC-BY-4.0;day,angle,motion_blur
images/synthetic/synth_02450.jpg;M446BC116;type1b;308,475,469,175;308,548,748,475,777,564,330,650;1;1;generator_v1;CC-BY-4.0;day,angle
images/synthetic/synth_02451.jpg;T904EE702;type1b;485,127,413,149;485,189,878,127,898,234,505,276;1;1;generator_v1;CC-BY-4.0;day,angle
images/synthetic/synth_02452.jpg;K768BK190;type1b;155,1,466,179;179,1,621,85,606,180,155,91;1;1;generator_v1;CC-BY-4.0;day,angle,glare
images/synthetic/synth_02453.jpg;M402CO790;type1a;85,185,362,265;85,259,413,185,447,387,98,450;1;1;generator_v1;CC-BY-4.0;day,angle,dirt
images/synthetic/synth_02454.jpg;A043XT50;type1;722,85,303,123;734,85,1025,147,1017,208,722,149;1;1;generator_v1;CC-BY-4.0;day,angle,dirt
images/synthetic/synth_02455.jpg;O821TP763;type1;667,369,309,137;667,421,961,369,976,440,685,506;1;1;generator_v1;CC-BY-4.0;day,angle,dirt,motion_blur
images/synthetic/synth_02456.jpg;A646OE50;type1a;744,418,269,206;777,418,1013,464,983,624,744,604;1;1;generator_v1;CC-BY-4.0;day,angle
images/synthetic/synth_02457.jpg;Y068ET66;type1b;101,279,170,52;101,290,263,279,271,317,108,331;1;1;generator_v1;CC-BY-4.0;day,angle,dirt,motion_blur
images/synthetic/synth_02458.jpg;Y587YT150;type1a;972,106,209,146;994,106,1181,127,1159,252,972,221;1;1;generator_v1;CC-BY-4.0;day,angle,glare,dirt
images/synthetic/synth_02459.jpg;P643EX750;type1b;368,150,336,78;369,150,704,158,699,228,368,222;1;1;generator_v1;CC-BY-4.0;day,angle,dirt
images/synthetic/synth_02460.jpg;A864ET99;type1a;606,176,407,229;606,176,1013,184,996,405,610,402;1;1;generator_v1;CC-BY-4.0;day,angle,glare
images/synthetic/synth_02461.jpg;T694HY90;type1a;658,414,255,162;658,419,904,414,913,560,667,576;1;1;generator_v1;CC-BY-4.0;day,angle,glare,dirt
images/synthetic/synth_02462.jpg;M271OA196;type1a;292,397,342,218;292,410,592,397,634,576,328,615;1;1;generator_v1;CC-BY-4.0;day,angle,glare
images/synthetic/synth_02463.jpg;H364HE16;type1b;393,373,187,59;393,392,577,373,580,412,397,432;1;1;generator_v1;CC-BY-4.0;day,angle,dirt
images/synthetic/synth_02464.jpg;Y376PX750;type1a;812,31,340,245;852,31,1152,97,1113,276,812,232;1;1;generator_v1;CC-BY-4.0;day,angle
images/synthetic/synth_02465.jpg;M471OA61;type1;120,1,349,135;135,1,469,62,455,136,120,72;1;1;generator_v1;CC-BY-4.0;day,angle,dirt,motion_blur
images/synthetic/synth_02466.jpg;X860BT750;type1;457,609,253,101;457,659,700,609,710,661,466,710;1;1;generator_v1;CC-BY-4.0;day,angle,dirt
images/synthetic/synth_02467.jpg;K713KM63;type1b;288,414,261,88;296,414,549,449,539,502,288,469;1;1;generator_v1;CC-BY-4.0;day,angle
images/synthetic/synth_02468.jpg;X427XC96;type1a;127,366,461,290;127,401,559,366,588,617,143,656;1;1;generator_v1;CC-BY-4.0;day,angle,dirt
images/synthetic/synth_02469.jpg;C273MM66;type1b;788,592,303,120;788,639,1079,592,1091,658,801,712;1;1;generator_v1;CC-BY-4.0;day,angle,dirt
images/synthetic/synth_02470.jpg;E462CT90;type1;531,196,475,163;531,262,992,196,1006,299,545,359;1;1;generator_v1;CC-BY-4.0;day,angle,dirt,motion_blur
images/synthetic/synth_02471.jpg;O864KE63;type1a;754,188,222,156;754,217,950,188,976,331,781,344;1;1;generator_v1;CC-BY-4.0;day,angle,dirt
images/synthetic/synth_02472.jpg;B990EX66;type1a;648,205,348,213;671,205,996,231,989,418,648,391;1;1;generator_v1;CC-BY-4.0;day,angle,motion_blur
images/synthetic/synth_02473.jpg;E891TE66;type1b;784,482,399,85;793,482,1183,484,1183,567,784,561;1;1;generator_v1;CC-BY-4.0;day,angle,glare,motion_blur
images/synthetic/synth_02474.jpg;P893MT138;type1a;526,320,432,258;541,320,951,342,958,578,526,564;1;1;generator_v1;CC-BY-4.0;day,angle,glare
images/synthetic/synth_02475.jpg;O225PT777;type1b;438,36,304,108;448,36,742,81,733,144,438,99;1;1;generator_v1;CC-BY-4.0;day,angle
images/synthetic/synth_02476.jpg;K305MX154;type1a;570,419,290,248;570,452,849,419,860,601,590,667;1;1;generator_v1;CC-BY-4.0;day,angle
images/synthetic/synth_02477.jpg;P023XH161;type1b;615,84,342,147;615,140,953,84,957,162,625,231;1;1;generator_v1;CC-BY-4.0;day,angle
images/synthetic/synth_02478.jpg;K037OM97;type1a;155,369,249,143;182,369,404,386,371,512,155,507;1;1;generator_v1;CC-BY-4.0;day,angle
images/synthetic/synth_02479.jpg;C536YB98;type1a;511,128,404,310;543,202,915,128,904,419,511,438;1;1;generator_v1;CC-BY-4.0;day,angle,glare,dirt
images/synthetic/synth_02480.jpg;Y606PO77;type1a;678,292,410,279;678,348,1031,292,1088,492,727,571;1;1;generator_v1;CC-BY-4.0;day,angle,glare,motion_blur
images/synthetic/synth_02481.jpg;C729AE193;type1;587,474,308,79;587,482,881,474,895,537,597,553;1;1;generator_v1;CC-BY-4.0;day,angle,glare
images/synthetic/synth_02482.jpg;C490ET54;type1;398,359,486,151;398,402,872,359,884,457,409,510;1;1;generator_v1;CC-BY-4.0;day,angle,glare
images/synthetic/synth_02483.jpg;X611OP190;type1b;738,503,182,52;738,503,917,513,920,555,740,549;1;1;generator_v1;CC-BY-4.0;day,angle,glare
images/synthetic/synth_02484.jpg;B147XY702;type1b;718,427,264,82;718,449,975,427,982,496,725,509;1;1;generator_v1;CC-BY-4.0;day,angle
images/synthetic/synth_02485.jpg;A072OK799;type1a;296,392,318,185;296,395,614,392,611,571,302,577;1;1;generator_v1;CC-BY-4.0;day,angle,glare,dirt
images/synthetic/synth_02486.jpg;O616BM154;type1b;526,126,266,69;529,126,792,140,788,195,526,183;1;1;generator_v1;CC-BY-4.0;day,angle,glare,dirt
images/synthetic/synth_02487.jpg;P293HX196;type1;498,338,276,74;498,356,773,338,774,394,503,412;1;1;generator_v1;CC-BY-4.0;day,angle,glare,dirt,motion_blur
images/synthetic/synth_02488.jpg;E383YC152;type1;60,497,213,62;60,512,273,497,271,541,61,559;1;1;generator_v1;CC-BY-4.0;day,angle,glare,motion_blur
images/synthetic/synth_02489.jpg;M116EA198;type1a;649,459,227,146;661,459,876,482,861,605,649,584;1;1;generator_v1;CC-BY-4.0;day,angle,glare,dirt
images/synthetic/synth_02490.jpg;P923TO154;type1b;618,464,349,126;618,511,956,464,967,559,627,590;1;1;generator_v1;CC-BY-4.0;day,angle,motion_blur
images/synthetic/synth_02491.jpg;K185CM52;type1b;435,152,424,91;435,157,859,152,858,242,444,243;1;1;generator_v1;CC-BY-4.0;day,angle,glare
images/synthetic/synth_02492.jpg;C606KK774;type1a;642,310,304,199;642,334,942,310,946,478,656,509;1;1;generator_v1;CC-BY-4.0;day,angle,dirt
images/synthetic/synth_02493.jpg;H821PC77;type1b;264,338,204,55;265,338,468,349,466,393,264,381;1;1;generator_v1;CC-BY-4.0;day,angle,glare
images/synthetic/synth_02494.jpg;P836PM02;type1b;265,297,437,171;284,297,702,378,688,468,265,388;1;1;generator_v1;CC-BY-4.0;day,angle
images/synthetic/synth_02495.jpg;O087ET177;type1;697,250,420,153;697,319,1105,250,1117,340,699,403;1;1;generator_v1;CC-BY-4.0;day,angle,glare,dirt,motion_blur
images/synthetic/synth_02496.jpg;B485OP161;type1;374,34,385,102;386,54,759,34,752,131,374,136;1;1;generator_v1;CC-BY-4.0;day,angle,glare,motion_blur
images/synthetic/synth_02497.jpg;B720AM66;type1a;548,142,418,267;548,179,937,142,966,369,565,409;1;1;generator_v1;CC-BY-4.0;day,angle
images/synthetic/synth_02498.jpg;A817TP38;type1b;132,141,264,65;137,141,396,151,393,206,132,194;1;1;generator_v1;CC-BY-4.0;day,angle,glare,motion_blur
images/synthetic/synth_02499.jpg;E169KH154;type1a;140,300,455,265;140,300,595,300,589,565,152,552;1;1;generator_v1;CC-BY-4.0;day,angle,glare,motion_blur
images/synthetic/synth_02500.jpg;T348HB116;type1;46,227,183,48;46,238,227,227,229,264,49,275;1;1;generator_v1;CC-BY-4.0;day,angle,glare
images/synthetic/synth_02501.jpg;P962KP777;type1b;983,522,172,45;983,529,1152,522,1155,562,987,567;1;1;generator_v1;CC-BY-4.0;day,angle
images/synthetic/synth_02502.jpg;T939EE74;type1b;565,319,491,164;565,382,1042,319,1056,428,573,483;1;1;generator_v1;CC-BY-4.0;day,angle,motion_blur
images/synthetic/synth_02503.jpg;E793TK63;type1a;671,124,203,133;696,124,874,136,848,255,671,257;1;1;generator_v1;CC-BY-4.0;day,angle
images/synthetic/synth_02504.jpg;C277CY774;type1;603,416,199,58;603,430,799,416,802,463,605,474;1;1;generator_v1;CC-BY-4.0;day,angle
images/synthetic/synth_02505.jpg;T159OM23;type1a;170,498,261,150;187,498,431,513,407,648,170,643;1;1;generator_v1;CC-BY-4.0;day,angle,dirt
images/synthetic/synth_02506.jpg;K811KM93;type1b;510,164,310,85;510,185,815,164,820,232,517,249;1;1;generator_v1;CC-BY-4.0;day,angle
images/synthetic/synth_02507.jpg;T149HK797;type1a;912,305,202,149;912,339,1107,305,1114,416,925,454;1;1;generator_v1;CC-BY-4.0;day,angle,glare,dirt
images/synthetic/synth_02508.jpg;K258TB123;type1b;653,155,420,114;653,155,1073,181,1068,269,658,239;1;1;generator_v1;CC-BY-4.0;day,angle
images/synthetic/synth_02509.jpg;P660AE763;type1a;623,424,314,252;632,424,934,483,937,676,623,650;1;1;generator_v1;CC-BY-4.0;day,angle,dirt
images/synthetic/synth_02510.jpg;K802TY93;type1b;218,539,477,114;236,539,695,548,687,653,218,632;1;1;generator_v1;CC-BY-4.0;day,angle
images/synthetic/synth_02511.jpg;C401PB116;type1a;105,270,539,367;105,365,599,270,644,557,169,637;1;1;generator_v1;CC-BY-4.0;day,angle,dirt
images/synthetic/synth_02512.jpg;K813HO199;type1b;159,317,339,99;159,317,493,330,498,416,167,391;1;1;generator_v1;CC-BY-4.0;day,angle,glare,dirt
images/synthetic/synth_02513.jpg;O417TX198;type1b;598,0,306,116;598,48,893,0,904,53,611,116;1;1;generator_v1;CC-BY-4.0;day,angle,glare
images/synthetic/synth_02514.jpg;M086BY716;type1;435,486,339,98;447,486,774,513,761,584,435,569;1;1;generator_v1;CC-BY-4.0;day,angle,motion_blur
images/synthetic/synth_02515.jpg;C940MC63;type1b;383,493,321,99;401,493,704,510,687,592,383,562;1;1;generator_v1;CC-BY-4.0;day,angle
images/synthetic/synth_02516.jpg;O836AH90;type1b;466,132,278,78;480,132,744,154,728,210,466,197;1;1;generator_v1;CC-BY-4.0;day,angle,glare
images/synthetic/synth_02517.jpg;T574HC63;type1b;375,199,377,96;375,212,752,199,751,278,378,295;1;1;generator_v1;CC-BY-4.0;day,angle,dirt
images/synthetic/synth_02518.jpg;O130HB125;type1;180,510,403,131;181,554,579,510,583,614,180,641;1;1;generator_v1;CC-BY-4.0;day,angle,glare,dirt,motion_blur
images/synthetic/synth_02519.jpg;E734MA90;type1;144,241,286,90;151,241,430,273,423,331,144,302;1;1;generator_v1;CC-BY-4.0;day,angle,glare
images/synthetic/synth_02520.jpg;O845AP54;type1a;735,295,200,127;745,295,935,307,926,422,735,405;1;1;generator_v1;CC-BY-4.0;day,angle,glare
images/synthetic/synth_02521.jpg;H168EY123;type1b;485,481,453,117;485,494,923,481,938,571,494,598;1;1;generator_v1;CC-BY-4.0;day,angle,dirt
images/synthetic/synth_02522.jpg;X542ME77;type1;675,98,497,146;675,141,1163,98,1172,210,682,244;1;1;generator_v1;CC-BY-4.0;day,angle,glare
images/synthetic/synth_02523.jpg;E828XX790;type1b;792,507,364,92;800,507,1156,523,1153,599,792,581;1;1;generator_v1;CC-BY-4.0;day,angle,glare,motion_blur
images/synthetic/synth_02524.jpg;P403BH50;type1a;302,211,441,300;352,211,743,280,708,511,302,436;1;1;generator_v1;CC-BY-4.0;day,angle,dirt
images/synthetic/synth_02525.jpg;T531CC190;type1a;583,508,185,115;605,508,768,519,745,623,583,623;1;1;generator_v1;CC-BY-4.0;day,angle,glare,dirt,motion_blur
images/synthetic/synth_02526.jpg;Y861XX54;type1a;125,300,462,300;125,352,554,300,587,556,134,600;1;1;generator_v1;CC-BY-4.0;day,angle
images/synthetic/synth_02527.jpg;A988AX702;type1a;451,145,240,152;451,145,665,147,691,283,474,297;1;1;generator_v1;CC-BY-4.0;day,angle,glare
images/synthetic/synth_02528.jpg;T075AC799;type1b;303,307,180,44;305,307,483,315,483,351,303,343;1;1;generator_v1;CC-BY-4.0;day,angle
images/synthetic/synth_02529.jpg;P276MK116;type1b;469,505,387,80;471,506,850,505,856,582,469,585;1;1;generator_v1;CC-BY-4.0;day,angle,dirt
images/synthetic/synth_02530.jpg;E799CC02;type1a;185,218,285,206;185,237,455,218,470,384,203,424;1;1;generator_v1;CC-BY-4.0;day,angle,glare,dirt
images/synthetic/synth_02531.jpg;H163BE163;type1a;824,20,374,256;824,83,1158,20,1198,213,846,276;1;1;generator_v1;CC-BY-4.0;day,angle,glare
images/synthetic/synth_02532.jpg;B180OC16;type1b;860,162,198,72;860,191,1045,162,1058,210,873,234;1;1;generator_v1;CC-BY-4.0;day,angle,glare,motion_blur
images/synthetic/synth_02533.jpg;Y174PP198;type1a;367,135,286,186;373,135,653,168,635,321,367,285;1;1;generator_v1;CC-BY-4.0;day,angle
images/synthetic/synth_02534.jpg;A191KY78;type1a;549,242,240,145;585,242,789,245,756,387,549,368;1;1;generator_v1;CC-BY-4.0;day,angle,glare,motion_blur
images/synthetic/synth_02535.jpg;P253HT761;type1b;816,403,223,50;816,407,1037,403,1039,449,817,453;1;1;generator_v1;CC-BY-4.0;day,angle,dirt
images/synthetic/synth_02536.jpg;T622XP702;type1b;167,4,347,128;182,4,514,64,506,132,167,72;1;1;generator_v1;CC-BY-4.0;day,angle,glare
images/synthetic/synth_02537.jpg;M640EY763;type1a;681,146,476,314;681,206,1122,146,1157,446,724,460;1;1;generator_v1;CC-BY-4.0;day,angle,glare,dirt
images/synthetic/synth_02538.jpg;M983OC93;type1b;834,202,290,108;848,202,1124,247,1112,310,834,275;1;1;generator_v1;CC-BY-4.0;day,angle
images/synthetic/synth_02539.jpg;E469TE38;type1b;738,150,389,106;738,180,1110,150,1127,240,760,256;1;1;generator_v1;CC-BY-4.0;day,angle,glare
images/synthetic/synth_02540.jpg;K179YB78;type1b;648,93,406,100;648,109,1054,93,1048,173,652,193;1;1;generator_v1;CC-BY-4.0;day,angle,dirt
images/synthetic/synth_02541.jpg;C346TT90;type1b;195,553,252,95;203,553,447,593,440,648,195,614;1;1;generator_v1;CC-BY-4.0;day,angle,dirt
images/synthetic/synth_02542.jpg;K059TO799;type1a;206,62,483,328;206,154,648,62,689,310,270,390;1;1;generator_v1;CC-BY-4.0;day,angle,motion_blur
images/synthetic/synth_02543.jpg;T311AO197;type1b;262,394,221,97;262,434,477,394,483,445,269,491;1;1;generator_v1;CC-BY-4.0;day,angle
images/synthetic/synth_02544.jpg;T926EE66;type1b;417,249,260,93;424,249,677,287,668,342,417,303;1;1;generator_v1;CC-BY-4.0;day,angle,glare
images/synthetic/synth_02545.jpg;C750OM102;type1b;381,354,197,68;381,379,574,354,578,400,384,422;1;1;generator_v1;CC-BY-4.0;day,angle,dirt
images/synthetic/synth_02546.jpg;K548YT702;type1a;267,392,209,146;270,392,475,411,476,538,267,528;1;1;generator_v1;CC-BY-4.0;day,angle
images/synthetic/synth_02547.jpg;C352HP98;type1a;781,292,188,144;781,317,961,292,969,404,792,436;1;1;generator_v1;CC-BY-4.0;day,angle,glare,dirt,motion_blur
images/synthetic/synth_02548.jpg;O558KB799;type1a;389,335,377,229;400,350,766,335,766,564,389,562;1;1;generator_v1;CC-BY-4.0;day,angle,dirt
images/synthetic/synth_02549.jpg;O534YT797;type1a;343,280,364,221;343,309,680,280,707,470,350,501;1;1;generator_v1;CC-BY-4.0;day,angle
images/synthetic/synth_02550.jpg;K230XT763;type1a;390,62,366,266;403,62,756,107,729,328,390,265;1;1;generator_v1;CC-BY-4.0;day,angle,glare
images/synthetic/synth_02551.jpg;E367EH61;type1a;710,103,371,267;729,103,1081,130,1056,370,710,313;1;1;generator_v1;CC-BY-4.0;day,angle,dirt
images/synthetic/synth_02552.jpg;C574KH66;type1b;255,336,273,92;262,336,528,371,523,428,255,395;1;1;generator_v1;CC-BY-4.0;day,angle,dirt
images/synthetic/synth_02553.jpg;H713BE750;type1a;198,108,346,232;262,108,544,176,478,340,198,301;1;1;generator_v1;CC-BY-4.0;day,angle,glare,dirt
images/synthetic/synth_02554.jpg;P697CB178;type1a;818,499,204,132;818,499,1011,505,1022,631,834,615;1;1;generator_v1;CC-BY-4.0;day,angle,glare
images/synthetic/synth_02555.jpg;H572CY763;type1;428,337,391,116;435,337,819,372,813,453,428,424;1;1;generator_v1;CC-BY-4.0;day,angle
images/synthetic/synth_02556.jpg;X779YP25;type1b;202,379,206,64;210,379,408,397,399,443,202,430;1;1;generator_v1;CC-BY-4.0;day,angle,glare,dirt,motion_blur
images/synthetic/synth_02557.jpg;M386EP777;type1b;605,141,326,98;609,141,929,173,931,239,605,210;1;1;generator_v1;CC-BY-4.0;day,angle
images/synthetic/synth_02558.jpg;T385XK174;type1a;410,316,219,157;418,324,629,316,616,449,410,473;1;1;generator_v1;CC-BY-4.0;day,angle,glare
images/synthetic/synth_02559.jpg;Y055HP150;type1a;425,164,408,308;425,164,833,171,829,472,436,410;1;1;generator_v1;CC-BY-4.0;day,angle,glare
images/synthetic/synth_02560.jpg;M394AE23;type1;688,226,265,71;688,231,947,226,953,297,695,293;1;1;generator_v1;CC-BY-4.0;day,angle
images/synthetic/synth_02561.jpg;E126XM702;type1b;757,148,306,69;757,148,1055,155,1063,217,761,217;1;1;generator_v1;CC-BY-4.0;day,angle
images/synthetic/synth_02562.jpg;T611HT98;type1b;734,256,426,120;734,291,1143,256,1160,337,739,376;1;1;generator_v1;CC-BY-4.0;day,angle,glare
images/synthetic/synth_02563.jpg;E138EX152;type1a;403,155,465,306;451,155,868,214,840,461,403,395;1;1;generator_v1;CC-BY-4.0;day,angle,dirt
images/synthetic/synth_02564.jpg;M773KT177;type1a;72,89,446,317;72,178,469,89,518,327,123,406;1;1;generator_v1;CC-BY-4.0;day,angle
images/synthetic/synth_02565.jpg;H213EY52;type1a;1022,181,196,132;1027,181,1218,203,1208,313,1022,288;1;1;generator_v1;CC-BY-4.0;day,angle,motion_blur
images/synthetic/synth_02566.jpg;B967BE38;type1a;296,110,402,266;296,149,683,110,698,357,299,376;1;1;generator_v1;CC-BY-4.0;day,angle,glare,dirt,motion_blur
images/synthetic/synth_02567.jpg;E224HA63;type1a;822,460,335,238;822,515,1133,460,1157,637,856,698;1;1;generator_v1;CC-BY-4.0;day,angle
images/synthetic/synth_02568.jpg;E343BB790;type1b;240,290,164,44;240,290,404,293,404,334,240,334;1;1;generator_v1;CC-BY-4.0;day,angle,dirt
images/synthetic/synth_02569.jpg;X631HK99;type1b;484,143,400,116;491,156,884,143,878,259,484,247;1;1;generator_v1;CC-BY-4.0;day,angle,dirt,motion_blur
images/synthetic/synth_02570.jpg;P063HA16;type1a;367,183,462,316;412,183,829,241,786,499,367,422;1;1;generator_v1;CC-BY-4.0;day,angle
images/synthetic/synth_02571.jpg;A258YY61;type1b;386,263,378,131;386,305,737,263,764,337,411,394;1;1;generator_v1;CC-BY-4.0;day,angle,glare,motion_blur
images/synthetic/synth_02572.jpg;P269PP190;type1b;99,169,319,123;99,208,396,169,418,237,122,292;1;1;generator_v1;CC-BY-4.0;day,angle,dirt
images/synthetic/synth_02573.jpg;E351AP163;type1b;327,397,333,95;340,397,660,420,646,492,327,483;1;1;generator_v1;CC-BY-4.0;day,angle
images/synthetic/synth_02574.jpg;B565MP77;type1b;282,71,424,133;282,109,697,71,706,159,291,204;1;1;generator_v1;CC-BY-4.0;day,angle
images/synthetic/synth_02575.jpg;H418OB54;type1b;75,400,160,51;78,400,235,412,231,451,75,437;1;1;generator_v1;CC-BY-4.0;day,angle
images/synthetic/synth_02576.jpg;B216TH761;type1;253,443,218,74;258,443,471,468,465,517,253,489;1;1;generator_v1;CC-BY-4.0;day,angle
images/synthetic/synth_02577.jpg;H165XP38;type1a;850,272,321,215;850,313,1149,272,1171,452,864,487;1;1;generator_v1;CC-BY-4.0;day,angle,dirt
images/synthetic/synth_02578.jpg;C900CB197;type1;744,265,329,77;744,275,1063,265,1073,328,747,342;1;1;generator_v1;CC-BY-4.0;day,angle,glare
images/synthetic/synth_02579.jpg;B663XM750;type1;576,631,288,81;576,649,862,631,864,702,577,712;1;1;generator_v1;CC-BY-4.0;day,angle
images/synthetic/synth_02580.jpg;P307AH23;type1b;545,341,367,120;545,341,906,383,912,461,545,431;1;1;generator_v1;CC-BY-4.0;day,angle,dirt,motion_blur
images/synthetic/synth_02581.jpg;Y699OO52;type1a;583,216,393,322;588,290,967,216,976,528,583,538;1;1;generator_v1;CC-BY-4.0;day,angle,glare,dirt
images/synthetic/synth_02582.jpg;T167OB716;type1b;189,323,343,106;203,323,532,357,516,429,189,406;1;1;generator_v1;CC-BY-4.0;day,angle
images/synthetic/synth_02583.jpg;H142HB25;type1a;132,63,257,170;153,81,389,63,372,233,132,231;1;1;generator_v1;CC-BY-4.0;day,angle,glare
images/synthetic/synth_02584.jpg;X528PT761;type1b;749,594,257,94;749,630,990,594,1006,662,764,688;1;1;generator_v1;CC-BY-4.0;day,angle,glare,dirt
images/synthetic/synth_02585.jpg;P256MC763;type1a;765,82,276,194;779,82,1041,117,1021,276,765,233;1;1;generator_v1;CC-BY-4.0;day,angle,glare,dirt
images/synthetic/synth_02586.jpg;A359PA50;type1;335,494,314,122;348,494,649,555,633,616,335,557;1;1;generator_v1;CC-BY-4.0;day,angle
images/synthetic/synth_02587.jpg;C787CO163;type1a;539,87,516,298;546,87,1055,115,1017,385,539,377;1;1;generator_v1;CC-BY-4.0;day,angle
images/synthetic/synth_02588.jpg;K106BX774;type1a;457,327,479,287;458,327,936,350,910,614,457,594;1;1;generator_v1;CC-BY-4.0;day,angle,glare
images/synthetic/synth_02589.jpg;X012HT761;type1b;725,483,392,92;726,483,1114,493,1117,575,725,572;1;1;generator_v1;CC-BY-4.0;day,angle,motion_blur
images/synthetic/synth_02590.jpg;A486YO99;type1b;490,455,241,94;495,455,731,496,729,549,490,513;1;1;generator_v1;CC-BY-4.0;day,angle,glare,motion_blur
images/synthetic/synth_02591.jpg;B029CM790;type1;124,186,460,186;147,186,584,280,570,372,124,278;1;1;generator_v1;CC-BY-4.0;day,angle
images/synthetic/synth_02592.jpg;P044KK90;type1b;449,287,420,174;449,370,852,287,869,372,468,461;1;1;generator_v1;CC-BY-4.0;day,angle,dirt
images/synthetic/synth_02593.jpg;C391KC174;type1a;645,256,315,234;645,295,960,256,960,435,660,490;1;1;generator_v1;CC-BY-4.0;day,angle,dirt
images/synthetic/synth_02594.jpg;M498OM199;type1;851,84,313,81;853,84,1164,98,1162,165,851,156;1;1;generator_v1;CC-BY-4.0;day,angle
images/synthetic/synth_02595.jpg;A695AY177;type1;189,582,337,119;189,625,520,582,526,674,192,701;1;1;generator_v1;CC-BY-4.0;day,angle,dirt
images/synthetic/synth_02596.jpg;M392CT177;type1;378,605,222,55;378,609,591,605,600,651,386,660;1;1;generator_v1;CC-BY-4.0;day,angle,motion_blur
images/synthetic/synth_02597.jpg;E822XM716;type1b;188,595,420,99;192,595,608,613,595,694,188,683;1;1;generator_v1;CC-BY-4.0;day,angle,glare
images/synthetic/synth_02598.jpg;K063YA90;type1b;667,285,264,72;667,285,931,299,930,357,668,340;1;1;generator_v1;CC-BY-4.0;day,angle
images/synthetic/synth_02599.jpg;A748EM193;type1b;899,439,258,104;899,482,1157,439,1156,495,902,543;1;1;generator_v1;CC-BY-4.0;day,angle
images/synthetic/synth_02600.jpg;Y425MT74;type1a;268,68,370,224;268,75,634,68,638,280,275,292;1;1;generator_v1;CC-BY-4.0;day,angle,glare,motion_blur
images/synthetic/synth_02601.jpg;C720EP116;type1;653,291,314,92;653,320,961,291,967,357,662,383;1;1;generator_v1;CC-BY-4.0;day,angle,motion_blur
images/synthetic/synth_02602.jpg;E462PY150;type1a;631,448,332,198;631,448,963,458,957,646,640,628;1;1;generator_v1;CC-BY-4.0;day,angle,motion_blur
images/synthetic/synth_02603.jpg;C371BY197;type1a;384,432,248,182;384,475,611,432,632,564,409,614;1;1;generator_v1;CC-BY-4.0;day,angle,motion_blur
images/synthetic/synth_02604.jpg;E977CC178;type1b;518,233,421,158;522,233,939,297,926,391,518,320;1;1;generator_v1;CC-BY-4.0;day,angle,glare,motion_blur
images/synthetic/synth_02605.jpg;T753TT96;type1;499,446,232,59;507,446,731,456,721,505,499,500;1;1;generator_v1;CC-BY-4.0;day,angle,glare
images/synthetic/synth_02606.jpg;M065TX74;type1a;558,118,463,318;601,118,1021,198,973,436,558,372;1;1;generator_v1;CC-BY-4.0;day,angle,glare,motion_blur
images/synthetic/synth_02607.jpg;P533KT23;type1a;171,89,504,306;171,121,640,89,675,360,177,395;1;1;generator_v1;CC-BY-4.0;day,angle
images/synthetic/synth_02608.jpg;T062YM199;type1a;172,198,484,351;217,198,656,289,625,549,172,495;1;1;generator_v1;CC-BY-4.0;day,angle,dirt
images/synthetic/synth_02609.jpg;H904CM777;type1a;286,107,397,241;294,107,683,121,674,348,286,336;1;1;generator_v1;CC-BY-4.0;day,angle,glare,dirt
images/synthetic/synth_02610.jpg;C193KA98;type1b;418,476,419,132;418,526,822,476,837,556,423,608;1;1;generator_v1;CC-BY-4.0;day,angle
images/synthetic/synth_02611.jpg;H688YH196;type1b;100,469,457,192;100,547,547,469,557,566,117,661;1;1;generator_v1;CC-BY-4.0;day,angle,dirt
images/synthetic/synth_02612.jpg;M083CA93;type1b;263,278,172,43;263,278,434,282,435,321,266,315;1;1;generator_v1;CC-BY-4.0;day,angle
images/synthetic/synth_02613.jpg;M963OO154;type1a;598,344,409,251;598,367,985,344,1007,569,608,595;1;1;generator_v1;CC-BY-4.0;day,angle
images/synthetic/synth_02614.jpg;X076TY52;type1b;291,130,192,63;295,130,483,153,480,193,291,172;1;1;generator_v1;CC-BY-4.0;day,angle
images/synthetic/synth_02615.jpg;Y605OM98;type1a;460,66,268,163;460,66,702,70,728,216,481,229;1;1;generator_v1;CC-BY-4.0;day,angle,dirt
images/synthetic/synth_02616.jpg;K398PY25;type1;556,459,412,127;556,496,963,459,968,566,559,586;1;1;generator_v1;CC-BY-4.0;day,angle
images/synthetic/synth_02617.jpg;H873MY93;type1a;621,401,338,233;621,467,923,401,959,574,665,634;1;1;generator_v1;CC-BY-4.0;day,angle,glare,motion_blur
images/synthetic/synth_02618.jpg;A113AM98;type1a;478,418,339,218;478,453,799,418,817,607,482,636;1;1;generator_v1;CC-BY-4.0;day,angle,glare,motion_blur
images/synthetic/synth_02619.jpg;O099BM90;type1;272,53,476,156;272,112,727,53,748,144,282,209;1;1;generator_v1;CC-BY-4.0;day,angle,glare,dirt
images/synthetic/synth_02620.jpg;H826HX116;type1a;581,156,372,259;581,208,917,156,953,350,618,415;1;1;generator_v1;CC-BY-4.0;day,angle,glare
images/synthetic/synth_02621.jpg;E315HT96;type1a;155,420,345,235;191,420,500,468,469,655,155,599;1;1;generator_v1;CC-BY-4.0;day,angle,dirt
images/synthetic/synth_02622.jpg;A407YM74;type1a;690,420,188,152;690,453,868,420,878,550,698,572;1;1;generator_v1;CC-BY-4.0;day,angle,glare
images/synthetic/synth_02623.jpg;H411PT96;type1b;912,372,265,78;918,372,1177,396,1173,450,912,427;1;1;generator_v1;CC-BY-4.0;day,angle
images/synthetic/synth_02624.jpg;X938XM102;type1a;347,87,266,181;347,137,584,87,613,223,382,268;1;1;generator_v1;CC-BY-4.0;day,angle
images/synthetic/synth_02625.jpg;H223AP774;type1a;156,96,205,124;156,106,352,96,361,209,162,220;1;1;generator_v1;CC-BY-4.0;day,angle,dirt
images/synthetic/synth_02626.jpg;C584HC23;type1a;161,243,358,209;185,243,519,255,511,452,161,432;1;1;generator_v1;CC-BY-4.0;day,angle
images/synthetic/synth_02627.jpg;E741HP78;type1a;127,392,456,311;127,462,511,392,583,606,186,703;1;1;generator_v1;CC-BY-4.0;day,angle,dirt
images/synthetic/synth_02628.jpg;O836EY177;type1b;712,353,345,149;712,419,1057,353,1056,427,719,502;1;1;generator_v1;CC-BY-4.0;day,angle,dirt
images/synthetic/synth_02629.jpg;E482CT799;type1b;668,106,349,133;668,167,1002,106,1017,177,680,239;1;1;generator_v1;CC-BY-4.0;day,angle,glare
images/synthetic/synth_02630.jpg;B912KE50;type1b;709,84,426,166;709,164,1118,84,1135,175,724,250;1;1;generator_v1;CC-BY-4.0;day,angle,glare,motion_blur
images/synthetic/synth_02631.jpg;A859PT50;type1a;563,67,346,264;563,72,891,67,909,280,585,331;1;1;generator_v1;CC-BY-4.0;day,angle,motion_blur
images/synthetic/synth_02632.jpg;C411HY98;type1b;201,530,315,125;201,588,506,530,516,594,214,655;1;1;generator_v1;CC-BY-4.0;day,angle
images/synthetic/synth_02633.jpg;X809AA23;type1b;709,345,248,77;709,371,949,345,957,395,715,422;1;1;generator_v1;CC-BY-4.0;day,angle,glare,dirt,motion_blur
images/synthetic/synth_02634.jpg;K624KK77;type1b;797,148,176,68;797,179,958,148,973,190,812,216;1;1;generator_v1;CC-BY-4.0;day,angle,glare
images/synthetic/synth_02635.jpg;B163PX199;type1b;223,17,478,151;223,67,690,17,701,117,234,168;1;1;generator_v1;CC-BY-4.0;day,angle,dirt
images/synthetic/synth_02636.jpg;B298MA54;type1b;463,346,354,129;477,346,817,393,803,475,463,420;1;1;generator_v1;CC-BY-4.0;day,angle,glare
images/synthetic/synth_02637.jpg;K667KK154;type1a;92,56,456,352;128,56,548,150,532,408,92,363;1;1;generator_v1;CC-BY-4.0;day,angle,glare,dirt
images/synthetic/synth_02638.jpg;O725AP102;type1b;152,64,312,133;167,64,464,121,447,197,152,130;1;1;generator_v1;CC-BY-4.0;day,angle,dirt
images/synthetic/synth_02639.jpg;K065XH196;type1;415,375,321,136;415,438,732,375,736,442,425,511;1;1;generator_v1;CC-BY-4.0;day,angle,dirt
images/synthetic/synth_02640.jpg;E224YK174;type1b;698,40,468,157;698,102,1152,40,1166,140,702,197;1;1;generator_v1;CC-BY-4.0;day,angle,glare
images/synthetic/synth_02641.jpg;T222PA02;type1a;472,131,426,282;472,186,877,131,898,357,510,413;1;1;generator_v1;CC-BY-4.0;day,angle,glare,motion_blur
images/synthetic/synth_02642.jpg;E337KC177;type1a;164,382,259,209;164,426,419,382,423,533,179,591;1;1;generator_v1;CC-BY-4.0;day,angle,glare,motion_blur
images/synthetic/synth_02643.jpg;T285YC750;type1b;598,537,452,165;598,612,1031,537,1050,628,605,702;1;1;generator_v1;CC-BY-4.0;day,angle
images/synthetic/synth_02644.jpg;X298EY196;type1b;530,171,442,112;549,171,972,186,962,283,530,256;1;1;generator_v1;CC-BY-4.0;day,angle,glare
images/synthetic/synth_02645.jpg;M009PK38;type1b;618,566,295,123;623,566,913,615,904,689,618,632;1;1;generator_v1;CC-BY-4.0;day,angle,glare
images/synthetic/synth_02646.jpg;T344EO02;type1a;261,159,396,296;261,159,638,218,657,455,264,449;1;1;generator_v1;CC-BY-4.0;day,angle,glare,motion_blur
images/synthetic/synth_02647.jpg;A975PX50;type1;767,322,347,118;777,322,1114,369,1108,440,767,395;1;1;generator_v1;CC-BY-4.0;day,angle,glare
images/synthetic/synth_02648.jpg;C750YX16;type1a;250,423,270,163;258,423,520,443,502,586,250,567;1;1;generator_v1;CC-BY-4.0;day,angle,glare
images/synthetic/synth_02649.jpg;P632OM163;type1a;352,23,430,311;352,100,763,23,782,246,398,334;1;1;generator_v1;CC-BY-4.0;day,angle,glare
images/synthetic/synth_02650.jpg;O233PX02;type1a;520,293,212,142;526,293,732,312,722,435,520,411;1;1;generator_v1;CC-BY-4.0;day,angle,glare,dirt,motion_blur
images/synthetic/synth_02651.jpg;X306TE23;type1a;456,221,204,150;456,245,650,221,660,339,469,371;1;1;generator_v1;CC-BY-4.0;day,angle
images/synthetic/synth_02652.jpg;P540MP96;type1b;553,45,456,161;570,45,1009,110,993,206,553,163;1;1;generator_v1;CC-BY-4.0;day,angle
images/synthetic/synth_02653.jpg;M539EY163;type1b;234,258,193,78;242,258,427,295,419,336,234,301;1;1;generator_v1;CC-BY-4.0;day,angle,glare
images/synthetic/synth_02654.jpg;X800CM54;type1a;491,88,476,353;491,119,911,88,967,344,552,441;1;1;generator_v1;CC-BY-4.0;day,angle,glare,dirt,motion_blur
images/synthetic/synth_02655.jpg;H536BB154;type1b;286,292,257,102;286,331,536,292,543,366,291,394;1;1;generator_v1;CC-BY-4.0;day,angle,glare
images/synthetic/synth_02656.jpg;H142TH163;type1a;106,508,248,172;106,508,347,510,354,663,113,680;1;1;generator_v1;CC-BY-4.0;day,angle,glare,dirt
images/synthetic/synth_02657.jpg;B946OB97;type1a;345,182,422,345;345,202,755,182,767,439,371,527;1;1;generator_v1;CC-BY-4.0;day,angle
images/synthetic/synth_02658.jpg;C750TC799;type1a;546,150,324,219;546,192,850,150,870,334,554,369;1;1;generator_v1;CC-BY-4.0;day,angle,dirt
images/synthetic/synth_02659.jpg;Y852BM761;type1b;216,368,304,102;216,368,513,405,520,470,218,441;1;1;generator_v1;CC-BY-4.0;day,angle,glare,dirt
images/synthetic/synth_02660.jpg;M824MK761;type1;327,163,333,136;327,222,651,163,660,256,333,299;1;1;generator_v1;CC-BY-4.0;day,angle
images/synthetic/synth_02661.jpg;P923YO77;type1;535,407,443,146;552,407,978,464,958,553,535,511;1;1;generator_v1;CC-BY-4.0;day,angle,motion_blur
images/synthetic/synth_02662.jpg;C763TT197;type1a;254,211,454,317;254,211,675,236,708,492,277,528;1;1;generator_v1;CC-BY-4.0;day,angle,glare,dirt
images/synthetic/synth_02663.jpg;H785HB16;type1b;510,441,459,121;510,464,966,441,969,558,512,562;1;1;generator_v1;CC-BY-4.0;day,angle
images/synthetic/synth_02664.jpg;Y832EH799;type1b;832,300,309,112;844,300,1141,348,1128,412,832,371;1;1;generator_v1;CC-BY-4.0;day,angle,glare,dirt
images/synthetic/synth_02665.jpg;H000YO25;type1a;847,99,312,211;847,119,1157,99,1159,277,858,310;1;1;generator_v1;CC-BY-4.0;day,angle
images/synthetic/synth_02666.jpg;A712OH23;type1a;617,185,249,194;619,185,862,220,866,379,617,365;1;1;generator_v1;CC-BY-4.0;day,angle,glare
images/synthetic/synth_02667.jpg;X364CY125;type1a;418,351,392,267;454,351,810,420,764,618,418,558;1;1;generator_v1;CC-BY-4.0;day,angle
images/synthetic/synth_02668.jpg;X586OA102;type1b;143,447,349,134;143,501,484,447,492,543,148,581;1;1;generator_v1;CC-BY-4.0;day,angle,dirt
images/synthetic/synth_02669.jpg;E900EC38;type1b;259,95,407,171;278,95,666,163,645,266,259,181;1;1;generator_v1;CC-BY-4.0;day,angle,dirt
images/synthetic/synth_02670.jpg;O172MB123;type1a;600,311,389,310;607,311,981,381,989,621,600,607;1;1;generator_v1;CC-BY-4.0;day,angle,glare
images/synthetic/synth_02671.jpg;P227KK125;type1b;766,538,266,77;766,538,1031,542,1032,615,767,601;1;1;generator_v1;CC-BY-4.0;day,angle
images/synthetic/synth_02672.jpg;P229CK199;type1a;177,58,449,330;220,58,626,66,580,388,177,311;1;1;generator_v1;CC-BY-4.0;day,angle,glare
images/synthetic/synth_02673.jpg;P743YY52;type1;331,276,290,75;331,287,611,276,621,335,338,351;1;1;generator_v1;CC-BY-4.0;day,angle,dirt
images/synthetic/synth_02674.jpg;M540YM98;type1a;822,81,212,153;822,113,1017,81,1034,211,837,234;1;1;generator_v1;CC-BY-4.0;day,angle
images/synthetic/synth_02675.jpg;O944AC154;type1a;169,147,416,282;169,147,585,151,578,429,173,388;1;1;generator_v1;CC-BY-4.0;day,angle
images/synthetic/synth_02676.jpg;Y739BA97;type1;308,370,361,144;332,370,669,439,645,514,308,461;1;1;generator_v1;CC-BY-4.0;day,angle,glare
images/synthetic/synth_02677.jpg;K476YO78;type1b;107,9,423,158;107,70,513,9,530,95,124,167;1;1;generator_v1;CC-BY-4.0;day,angle,dirt
images/synthetic/synth_02678.jpg;C310EB790;type1b;655,282,381,148;655,350,1025,282,1036,360,670,430;1;1;generator_v1;CC-BY-4.0;day,angle
images/synthetic/synth_02679.jpg;Y531AA61;type1b;327,272,354,135;327,331,660,272,681,364,348,407;1;1;generator_v1;CC-BY-4.0;day,angle
images/synthetic/synth_02680.jpg;B766YK152;type1a;682,35,447,313;682,101,1115,35,1129,270,724,348;1;1;generator_v1;CC-BY-4.0;day,angle
images/synthetic/synth_02681.jpg;K551BO790;type1b;177,208,311,80;177,222,485,208,488,274,180,288;1;1;generator_v1;CC-BY-4.0;day,angle
images/synthetic/synth_02682.jpg;O129BE90;type1b;708,210,393,168;708,260,1096,210,1101,302,719,378;1;1;generator_v1;CC-BY-4.0;day,angle,dirt
images/synthetic/synth_02683.jpg;C172XH93;type1;866,536,290,86;876,536,1156,567,1143,622,866,596;1;1;generator_v1;CC-BY-4.0;day,angle,glare
images/synthetic/synth_02684.jpg;X644XA102;type1a;762,349,208,152;780,349,970,386,953,501,762,471;1;1;generator_v1;CC-BY-4.0;day,angle
images/synthetic/synth_02685.jpg;M097EM193;type1;225,326,233,54;230,326,458,328,451,377,225,380;1;1;generator_v1;CC-BY-4.0;day,angle,dirt
images/synthetic/synth_02686.jpg;T214HA150;type1b;504,425,203,80;511,425,707,459,699,505,504,468;1;1;generator_v1;CC-BY-4.0;day,angle,glare
images/synthetic/synth_02687.jpg;Y554PT152;type1b;732,546,170,58;736,546,902,567,899,604,732,586;1;1;generator_v1;CC-BY-4.0;day,angle
images/synthetic/synth_02688.jpg;T033PY138;type1b;167,477,176,45;169,485,343,477,342,516,167,522;1;1;generator_v1;CC-BY-4.0;day,angle
images/synthetic/synth_02689.jpg;C012EK97;type1a;366,223,421,287;415,223,787,266,742,510,366,438;1;1;generator_v1;CC-BY-4.0;day,angle
images/synthetic/synth_02690.jpg;X626TC177;type1a;331,199,300,235;352,199,631,246,601,434,331,368;1;1;generator_v1;CC-BY-4.0;day,angle,glare
images/synthetic/synth_02691.jpg;A332BK177;type1a;428,236,403,320;452,236,831,324,831,556,428,506;1;1;generator_v1;CC-BY-4.0;day,angle,glare,dirt
images/synthetic/synth_02692.jpg;B784AY774;type1a;58,443,205,132;58,459,255,443,263,557,68,575;1;1;generator_v1;CC-BY-4.0;day,angle
images/synthetic/synth_02693.jpg;M060BK198;type1a;705,302,231,161;738,302,936,334,904,463,705,421;1;1;generator_v1;CC-BY-4.0;day,angle,glare
images/synthetic/synth_02694.jpg;T864YB93;type1a;596,268,465,289;596,323,1023,268,1061,538,650,557;1;1;generator_v1;CC-BY-4.0;day,angle,dirt,motion_blur
images/synthetic/synth_02695.jpg;H474HY90;type1;684,529,330,123;688,559,1014,529,1005,606,684,652;1;1;generator_v1;CC-BY-4.0;day,angle
images/synthetic/synth_02696.jpg;A787MB50;type1b;731,171,455,128;731,208,1174,171,1186,263,731,299;1;1;generator_v1;CC-BY-4.0;day,angle,glare,dirt
images/synthetic/synth_02697.jpg;K193XH77;type1a;925,150,214,132;932,150,1139,162,1134,282,925,271;1;1;generator_v1;CC-BY-4.0;day,angle,glare
images/synthetic/synth_02698.jpg;O874HP50;type1b;111,133,425,164;128,133,536,211,523,297,111,226;1;1;generator_v1;CC-BY-4.0;day,angle
images/synthetic/synth_02699.jpg;P346CE198;type1b;676,189,440,106;676,203,1114,189,1116,285,678,295;1;1;generator_v1;CC-BY-4.0;day,angle
images/synthetic/synth_02700.jpg;K123CA97;type1b;435,0,418,143;451,0,853,54,841,143,435,85;1;1;generator_v1;CC-BY-4.0;day,angle
images/synthetic/synth_02701.jpg;A021ET23;type1b;169,287,199,63;169,287,368,302,368,350,169,341;1;1;generator_v1;CC-BY-4.0;day,angle
images/synthetic/synth_02702.jpg;T968AX198;type1a;521,54,368,262;521,120,856,54,889,259,537,316;1;1;generator_v1;CC-BY-4.0;day,angle,dirt
images/synthetic/synth_02703.jpg;E858XC50;type1;597,103,410,161;597,178,996,103,1007,199,601,264;1;1;generator_v1;CC-BY-4.0;day,angle,dirt,motion_blur
images/synthetic/synth_02704.jpg;H021TP93;type1b;469,280,413,152;481,280,882,330,868,432,469,367;1;1;generator_v1;CC-BY-4.0;day,angle,dirt
images/synthetic/synth_02705.jpg;M567OA16;type1a;128,455,151,130;128,477,279,455,278,555,130,585;1;1;generator_v1;CC-BY-4.0;day,angle,dirt,motion_blur
images/synthetic/synth_02706.jpg;A513HE102;type1b;247,424,341,114;247,438,587,424,588,505,251,538;1;1;generator_v1;CC-BY-4.0;day,angle,glare
images/synthetic/synth_02707.jpg;B511CP193;type1a;715,268,372,291;715,347,1040,268,1087,525,755,559;1;1;generator_v1;CC-BY-4.0;day,angle
images/synthetic/synth_02708.jpg;A636CX123;type1b;396,451,202,72;404,451,598,477,590,523,396,502;1;1;generator_v1;CC-BY-4.0;day,angle,glare
images/synthetic/synth_02709.jpg;H760TY61;type1a;409,301,481,324;496,301,890,401,799,625,409,584;1;1;generator_v1;CC-BY-4.0;day,angle,dirt
images/synthetic/synth_02710.jpg;C844BY190;type1a;259,300,307,178;259,302,566,300,557,470,261,478;1;1;generator_v1;CC-BY-4.0;day,angle,glare
images/synthetic/synth_02711.jpg;O486PT178;type1;525,536,260,83;530,546,785,536,778,597,525,619;1;1;generator_v1;CC-BY-4.0;day,angle,dirt
images/synthetic/synth_02712.jpg;E886XO174;type1b;379,184,370,138;389,184,749,242,736,322,379,260;1;1;generator_v1;CC-BY-4.0;day,angle,glare,dirt
images/synthetic/synth_02713.jpg;Y959CO797;type1a;238,304,325,228;266,304,563,350,533,532,238,476;1;1;generator_v1;CC-BY-4.0;day,angle,dirt
images/synthetic/synth_02714.jpg;A826KX197;type1a;257,247,515,334;321,247,772,345,688,581,257,526;1;1;generator_v1;CC-BY-4.0;day,angle,motion_blur
images/synthetic/synth_02715.jpg;O612AC116;type1b;548,471,165,65;548,491,713,471,713,512,549,536;1;1;generator_v1;CC-BY-4.0;day,angle,glare,dirt
images/synthetic/synth_02716.jpg;A936HX98;type1;521,459,218,61;525,459,739,473,735,520,521,508;1;1;generator_v1;CC-BY-4.0;day,angle,glare
images/synthetic/synth_02717.jpg;O840HP702;type1a;946,540,225,160;965,540,1171,577,1155,700,946,670;1;1;generator_v1;CC-BY-4.0;day,angle
images/synthetic/synth_02718.jpg;O933KM763;type1a;724,157,392,298;724,157,1094,218,1116,455,731,451;1;1;generator_v1;CC-BY-4.0;day,angle,glare
images/synthetic/synth_02719.jpg;Y202ME196;type1b;652,248,398,128;661,248,1050,294,1039,376,652,332;1;1;generator_v1;CC-BY-4.0;day,angle
images/synthetic/synth_02720.jpg;C046CH50;type1a;935,86,271,211;966,86,1206,125,1171,297,935,238;1;1;generator_v1;CC-BY-4.0;day,angle
images/synthetic/synth_02721.jpg;C968EX178;type1a;391,73,479,327;391,130,825,73,870,322,433,400;1;1;generator_v1;CC-BY-4.0;day,angle,dirt
images/synthetic/synth_02722.jpg;A961HK61;type1b;631,65,409,126;632,65,1040,104,1031,191,631,148;1;1;generator_v1;CC-BY-4.0;day,angle,glare
images/synthetic/synth_02723.jpg;B055BY02;type1;468,210,218,70;480,210,686,228,675,280,468,256;1;1;generator_v1;CC-BY-4.0;day,angle,glare
images/synthetic/synth_02724.jpg;P484HO93;type1;598,415,370,76;598,416,968,415,966,491,603,491;1;1;generator_v1;CC-BY-4.0;day,angle,glare
images/synthetic/synth_02725.jpg;A738OO98;type1a;411,81,531,357;475,81,942,152,897,438,411,346;1;1;generator_v1;CC-BY-4.0;day,angle,motion_blur
images/synthetic/synth_02726.jpg;P140CK93;type1b;505,412,344,110;512,448,849,412,848,498,505,522;1;1;generator_v1;CC-BY-4.0;day,angle
images/synthetic/synth_02727.jpg;O017BB177;type1b;318,445,219,53;318,445,527,451,537,498,326,498;1;1;generator_v1;CC-BY-4.0;day,angle
images/synthetic/synth_02728.jpg;B078PK66;type1;679,456,321,103;686,456,1000,493,991,559,679,523;1;1;generator_v1;CC-BY-4.0;day,angle
images/synthetic/synth_02729.jpg;X878CB197;type1a;439,27,257,181;445,52,696,27,695,199,439,208;1;1;generator_v1;CC-BY-4.0;day,angle,dirt
images/synthetic/synth_02730.jpg;T143HA97;type1b;150,574,359,88;150,587,505,574,509,650,151,662;1;1;generator_v1;CC-BY-4.0;day,angle
images/synthetic/synth_02731.jpg;T942PM190;type1a;550,431,204,159;569,431,754,459,732,590,550,551;1;1;generator_v1;CC-BY-4.0;day,angle
images/synthetic/synth_02732.jpg;B448PB02;type1;910,122,196,46;910,122,1098,122,1106,164,917,168;1;1;generator_v1;CC-BY-4.0;day,angle
images/synthetic/synth_02733.jpg;M155AC178;type1a;277,154,309,234;277,185,561,154,586,331,306,388;1;1;generator_v1;CC-BY-4.0;day,angle
images/synthetic/synth_02734.jpg;O706KC52;type1a;175,269,418,306;212,289,593,269,560,575,175,531;1;1;generator_v1;CC-BY-4.0;day,angle
images/synthetic/synth_02735.jpg;B875HB138;type1b;686,209,318,119;686,263,996,209,1004,278,688,328;1;1;generator_v1;CC-BY-4.0;day,angle,dirt
images/synthetic/synth_02736.jpg;K663MO163;type1b;457,458,189,73;457,492,641,458,646,496,464,531;1;1;generator_v1;CC-BY-4.0;day,angle,dirt
images/synthetic/synth_02737.jpg;X404OA193;type1b;626,470,477,192;647,470,1103,566,1083,662,626,577;1;1;generator_v1;CC-BY-4.0;day,angle,dirt
images/synthetic/synth_02738.jpg;P599CY716;type1a;271,372,359,239;292,372,630,404,607,611,271,567;1;1;generator_v1;CC-BY-4.0;day,angle,glare,motion_blur
images/synthetic/synth_02739.jpg;O446YA50;type1b;867,339,226,82;870,371,1093,339,1093,394,867,421;1;1;generator_v1;CC-BY-4.0;day,angle
images/synthetic/synth_02740.jpg;M895MO152;type1b;624,427,416,120;625,427,1032,462,1040,547,624,523;1;1;generator_v1;CC-BY-4.0;day,angle
images/synthetic/synth_02741.jpg;B749HO38;type1b;595,257,471,124;599,257,1066,283,1063,381,595,369;1;1;generator_v1;CC-BY-4.0;day,angle,glare
images/synthetic/synth_02742.jpg;B653YT152;type1a;820,191,342,213;846,191,1162,217,1145,404,820,371;1;1;generator_v1;CC-BY-4.0;day,angle,glare
images/synthetic/synth_02743.jpg;P086HO97;type1a;73,84,268,169;92,84,341,123,312,253,73,218;1;1;generator_v1;CC-BY-4.0;day,angle,motion_blur
images/synthetic/synth_02744.jpg;T996XO98;type1;793,221,205,57;793,221,998,225,998,278,793,269;1;1;generator_v1;CC-BY-4.0;day,angle,glare
images/synthetic/synth_02745.jpg;T274OX161;type1a;266,186,440,261;266,186,706,190,699,447,280,426;1;1;generator_v1;CC-BY-4.0;day,angle,motion_blur
images/synthetic/synth_02746.jpg;A477OH163;type1a;692,401,330,228;697,401,1020,432,1022,629,692,624;1;1;generator_v1;CC-BY-4.0;day,angle
images/synthetic/synth_02747.jpg;K262KM763;type1b;732,315,390,132;747,315,1122,370,1105,447,732,402;1;1;generator_v1;CC-BY-4.0;day,angle,glare,dirt
images/synthetic/synth_02748.jpg;T439BH23;type1a;615,419,280,182;618,419,895,438,884,601,615,575;1;1;generator_v1;CC-BY-4.0;day,angle,glare,dirt
images/synthetic/synth_02749.jpg;K149KK102;type1b;941,206,153,44;941,211,1088,206,1094,242,947,250;1;1;generator_v1;CC-BY-4.0;day,angle,dirt
images/synthetic/synth_02750.jpg;C728XO790;type1b;393,498,374,136;403,498,767,556,760,634,393,584;1;1;generator_v1;CC-BY-4.0;day,angle,glare,motion_blur
images/synthetic/synth_02751.jpg;X203TB702;type1;719,178,301,110;731,178,1020,229,1005,288,719,241;1;1;generator_v1;CC-BY-4.0;day,angle,dirt,motion_blur
images/synthetic/synth_02752.jpg;P439KA77;type1b;701,363,295,75;702,376,994,363,996,427,701,438;1;1;generator_v1;CC-BY-4.0;day,angle,glare,dirt,motion_blur
images/synthetic/synth_02753.jpg;M982AA98;type1a;178,109,489,373;178,218,614,109,667,421,215,482;1;1;generator_v1;CC-BY-4.0;day,angle,glare
images/synthetic/synth_02754.jpg;P598OH54;type1a;753,144,320,242;755,144,1073,171,1072,375,753,386;1;1;generator_v1;CC-BY-4.0;day,angle,glare,motion_blur
images/synthetic/synth_02755.jpg;P545HP797;type1a;761,243,252,179;767,243,1013,267,1001,422,761,388;1;1;generator_v1;CC-BY-4.0;day,angle
images/synthetic/synth_02756.jpg;B922PY99;type1a;903,137,321,184;928,137,1224,150,1215,321,903,301;1;1;generator_v1;CC-BY-4.0;day,angle,glare,dirt
images/synthetic/synth_02757.jpg;O721BX74;type1b;431,394,247,102;445,394,678,438,663,496,431,446;1;1;generator_v1;CC-BY-4.0;day,angle,glare
images/synthetic/synth_02758.jpg;T908HO763;type1a;284,322,262,165;308,324,546,322,526,487,284,472;1;1;generator_v1;CC-BY-4.0;day,angle,dirt
images/synthetic/synth_02759.jpg;A998TM761;type1a;103,170,334,246;103,225,423,170,437,349,132,416;1;1;generator_v1;CC-BY-4.0;day,angle,motion_blur
images/synthetic/synth_02760.jpg;C977XT125;type1a;830,339,261,207;830,395,1069,339,1091,507,845,546;1;1;generator_v1;CC-BY-4.0;day,angle,glare
images/synthetic/synth_02761.jpg;M679TC77;type1a;77,46,511,331;77,117,562,46,588,314,132,377;1;1;generator_v1;CC-BY-4.0;day,angle,glare
images/synthetic/synth_02762.jpg;E340XC152;type1a;335,184,324,234;359,184,659,227,629,418,335,361;1;1;generator_v1;CC-BY-4.0;day,angle,glare,dirt
images/synthetic/synth_02763.jpg;P375MH161;type1;158,402,368,90;158,404,514,402,526,477,167,492;1;1;generator_v1;CC-BY-4.0;day,angle,glare
images/synthetic/synth_02764.jpg;P292EP66;type1b;349,545,397,90;349,545,737,552,746,633,352,635;1;1;generator_v1;CC-BY-4.0;day,angle,glare
images/synthetic/synth_02765.jpg;P937PO790;type1b;962,311,194,71;962,336,1146,311,1156,364,970,382;1;1;generator_v1;CC-BY-4.0;day,angle,glare,dirt,motion_blur
images/synthetic/synth_02766.jpg;X607CO02;type1b;273,277,424,108;283,285,697,277,691,385,273,375;1;1;generator_v1;CC-BY-4.0;day,angle,dirt,motion_blur
images/synthetic/synth_02767.jpg;E343KP163;type1a;442,408,346,236;456,408,788,443,766,644,442,598;1;1;generator_v1;CC-BY-4.0;day,angle,motion_blur
images/synthetic/synth_02768.jpg;H844CP199;type1;692,549,376,151;692,599,1068,549,1064,633,695,700;1;1;generator_v1;CC-BY-4.0;day,angle,glare,dirt
images/synthetic/synth_02769.jpg;O661BO02;type1a;817,233,341,288;830,233,1158,269,1132,521,817,443;1;1;generator_v1;CC-BY-4.0;day,angle,dirt
images/synthetic/synth_02770.jpg;E747PE761;type1a;638,80,410,294;646,110,1048,80,1046,374,638,355;1;1;generator_v1;CC-BY-4.0;day,angle,glare
images/synthetic/synth_02771.jpg;P366OH125;type1a;235,408,188,127;248,408,423,426,410,535,235,525;1;1;generator_v1;CC-BY-4.0;day,angle,glare,motion_blur
images/synthetic/synth_02772.jpg;T392HA161;type1a;700,274,493,307;707,274,1193,308,1163,581,700,545;1;1;generator_v1;CC-BY-4.0;day,angle,glare
images/synthetic/synth_02773.jpg;P499HP190;type1b;975,86,179,56;975,104,1153,86,1154,124,977,142;1;1;generator_v1;CC-BY-4.0;day,angle,glare
images/synthetic/synth_02774.jpg;K928TE138;type1;686,404,431,96;686,405,1117,404,1115,494,687,500;1;1;generator_v1;CC-BY-4.0;day,angle
images/synthetic/synth_02775.jpg;A461PH61;type1;292,260,345,86;292,260,627,260,637,346,306,333;1;1;generator_v1;CC-BY-4.0;day,angle,motion_blur
images/synthetic/synth_02776.jpg;Y111CC198;type1b;683,579,186,54;684,579,869,589,868,633,683,626;1;1;generator_v1;CC-BY-4.0;day,angle
images/synthetic/synth_02777.jpg;C831HM198;type1b;214,336,405,128;214,371,613,336,619,420,222,464;1;1;generator_v1;CC-BY-4.0;day,angle,glare
images/synthetic/synth_02778.jpg;P201XB96;type1a;395,151,368,231;395,166,730,151,763,346,419,382;1;1;generator_v1;CC-BY-4.0;day,angle,glare
images/synthetic/synth_02779.jpg;A542OY197;type1b;133,440,415,125;133,483,531,440,548,519,140,565;1;1;generator_v1;CC-BY-4.0;day,angle
images/synthetic/synth_02780.jpg;T524XT74;type1b;261,221,337,129;261,274,593,221,598,291,271,350;1;1;generator_v1;CC-BY-4.0;day,angle,dirt,motion_blur
images/synthetic/synth_02781.jpg;H571ET152;type1b;535,296,320,92;535,316,847,296,855,381,543,388;1;1;generator_v1;CC-BY-4.0;day,angle
images/synthetic/synth_02782.jpg;Y034CH66;type1b;178,374,258,77;178,397,430,374,436,433,184,451;1;1;generator_v1;CC-BY-4.0;day,angle
images/synthetic/synth_02783.jpg;Y998PE74;type1b;664,1,403,117;673,1,1067,37,1066,118,664,85;1;1;generator_v1;CC-BY-4.0;day,angle,glare,dirt
images/synthetic/synth_02784.jpg;C680YO177;type1a;303,406,164,121;303,417,461,406,467,527,308,526;1;1;generator_v1;CC-BY-4.0;day,angle,dirt
images/synthetic/synth_02785.jpg;E869YM38;type1a;379,344,256,198;379,362,629,344,635,542,385,531;1;1;generator_v1;CC-BY-4.0;day,angle
images/synthetic/synth_02786.jpg;K540AK174;type1;272,108,349,133;272,173,605,108,621,175,281,241;1;1;generator_v1;CC-BY-4.0;day,angle,glare,dirt
images/synthetic/synth_02787.jpg;M018YK177;type1a;302,374,321,216;353,374,623,412,576,590,302,531;1;1;generator_v1;CC-BY-4.0;day,angle
images/synthetic/synth_02788.jpg;C374XA178;type1a;728,481,263,206;728,493,984,481,991,649,739,687;1;1;generator_v1;CC-BY-4.0;day,angle,glare
images/synthetic/synth_02789.jpg;Y987PC178;type1b;790,424,260,62;800,424,1050,425,1043,486,790,478;1;1;generator_v1;CC-BY-4.0;day,angle
images/synthetic/synth_02790.jpg;H706HK774;type1b;402,535,257,65;407,535,659,548,657,600,402,586;1;1;generator_v1;CC-BY-4.0;day,angle,glare,dirt,motion_blur
images/synthetic/synth_02791.jpg;K572XM790;type1a;558,177,506,308;566,177,1064,223,1020,485,558,446;1;1;generator_v1;CC-BY-4.0;day,angle
images/synthetic/synth_02792.jpg;O565ME98;type1b;440,114,320,122;440,165,746,114,760,197,453,236;1;1;generator_v1;CC-BY-4.0;day,angle
images/synthetic/synth_02793.jpg;T536BE799;type1a;709,308,433,290;728,308,1142,375,1097,598,709,530;1;1;generator_v1;CC-BY-4.0;day,angle,motion_blur
images/synthetic/synth_02794.jpg;A119TK74;type1;444,502,473,152;444,555,891,502,917,590,460,654;1;1;generator_v1;CC-BY-4.0;day,angle,glare
images/synthetic/synth_02795.jpg;P773BM66;type1a;437,137,271,193;437,167,701,137,708,319,439,330;1;1;generator_v1;CC-BY-4.0;day,angle,glare
images/synthetic/synth_02796.jpg;P974PE25;type1a;554,465,257,185;554,508,783,465,811,600,583,650;1;1;generator_v1;CC-BY-4.0;day,angle
images/synthetic/synth_02797.jpg;Y082PP125;type1a;602,390,300,205;618,390,902,425,890,595,602,573;1;1;generator_v1;CC-BY-4.0;day,angle,glare,dirt,motion_blur
images/synthetic/synth_02798.jpg;A922HX761;type1;286,50,344,102;286,64,628,50,630,152,288,146;1;1;generator_v1;CC-BY-4.0;day,angle,dirt
images/synthetic/synth_02799.jpg;Y438YA77;type1b;93,554,384,92;95,554,473,567,477,646,93,638;1;1;generator_v1;CC-BY-4.0;day,angle,glare,dirt
images/synthetic/synth_02800.jpg;O711CY52;type1b;783,580,202,77;783,610,977,580,985,624,791,657;1;1;generator_v1;CC-BY-4.0;day,angle,glare,motion_blur
images/synthetic/synth_02801.jpg;C290YE197;type1b;749,39,342,115;750,77,1089,39,1091,129,749,154;1;1;generator_v1;CC-BY-4.0;day,angle,dirt
images/synthetic/synth_02802.jpg;C077XE716;type1a;630,254,279,182;630,272,887,254,909,406,649,436;1;1;generator_v1;CC-BY-4.0;day,angle,dirt
images/synthetic/synth_02803.jpg;M448MP702;type1a;409,75,402,271;454,75,811,103,770,346,409,285;1;1;generator_v1;CC-BY-4.0;day,angle,dirt
images/synthetic/synth_02804.jpg;O203CA23;type1;131,592,334,81;139,606,465,592,464,665,131,673;1;1;generator_v1;CC-BY-4.0;day,angle
images/synthetic/synth_02805.jpg;M904OB97;type1a;366,25,467,315;406,25,833,83,796,340,366,272;1;1;generator_v1;CC-BY-4.0;day,angle,motion_blur
images/synthetic/synth_02806.jpg;T034BK54;type1b;345,563,391,136;368,563,736,619,713,699,345,661;1;1;generator_v1;CC-BY-4.0;day,angle,glare,dirt
images/synthetic/synth_02807.jpg;X472OY98;type1;344,183,396,111;344,207,730,183,740,263,351,294;1;1;generator_v1;CC-BY-4.0;day,angle,glare,dirt,motion_blur
images/synthetic/synth_02808.jpg;E671OA152;type1a;474,63,328,231;487,63,802,93,782,294,474,247;1;1;generator_v1;CC-BY-4.0;day,angle,glare
images/synthetic/synth_02809.jpg;C733CK198;type1b;393,452,280,67;393,458,673,452,673,511,395,519;1;1;generator_v1;CC-BY-4.0;day,angle,glare
images/synthetic/synth_02810.jpg;K814XM61;type1a;635,168,198,136;658,168,833,202,812,304,635,268;1;1;generator_v1;CC-BY-4.0;day,angle,glare,motion_blur
images/synthetic/synth_02811.jpg;M818HE25;type1;294,406,173,67;298,431,467,406,464,453,294,473;1;1;generator_v1;CC-BY-4.0;day,angle,motion_blur
images/synthetic/synth_02812.jpg;H422EH152;type1b;921,308,251,95;936,308,1172,345,1158,403,921,375;1;1;generator_v1;CC-BY-4.0;day,angle,glare
images/synthetic/synth_02813.jpg;A587HB702;type1b;141,245,403,159;141,317,534,245,544,348,145,404;1;1;generator_v1;CC-BY-4.0;day,angle,dirt
images/synthetic/synth_02814.jpg;H925AM163;type1b;264,409,403,144;299,409,667,451,633,553,264,489;1;1;generator_v1;CC-BY-4.0;day,angle,glare
images/synthetic/synth_02815.jpg;P109EM763;type1b;642,205,265,79;642,205,907,227,906,284,645,259;1;1;generator_v1;CC-BY-4.0;day,angle,dirt
images/synthetic/synth_02816.jpg;K753MA38;type1;422,66,296,105;422,92,707,66,718,133,434,171;1;1;generator_v1;CC-BY-4.0;day,angle,dirt,motion_blur
images/synthetic/synth_02817.jpg;H272MA93;type1a;584,237,347,207;584,247,922,237,931,444,604,437;1;1;generator_v1;CC-BY-4.0;day,angle,glare,dirt
images/synthetic/synth_02818.jpg;K667BY102;type1a;736,385,448,296;805,405,1184,385,1124,681,736,636;1;1;generator_v1;CC-BY-4.0;day,angle
images/synthetic/synth_02819.jpg;B993EO161;type1b;61,505,303,121;75,505,364,565,352,626,61,565;1;1;generator_v1;CC-BY-4.0;day,angle
images/synthetic/synth_02820.jpg;H795TP97;type1;392,83,389,109;392,96,776,83,781,167,397,192;1;1;generator_v1;CC-BY-4.0;day,angle
images/synthetic/synth_02821.jpg;T123BK199;type1a;259,273,416,310;259,364,623,273,675,523,304,583;1;1;generator_v1;CC-BY-4.0;day,angle,glare
images/synthetic/synth_02822.jpg;H857MX102;type1a;584,249,458,309;616,249,1042,258,1012,558,584,501;1;1;generator_v1;CC-BY-4.0;day,angle
images/synthetic/synth_02823.jpg;Y171OP196;type1a;714,284,281,197;714,332,971,284,995,438,728,481;1;1;generator_v1;CC-BY-4.0;day,angle
images/synthetic/synth_02824.jpg;C640HE163;type1a;650,418,257,176;669,418,907,453,885,594,650,556;1;1;generator_v1;CC-BY-4.0;day,angle
images/synthetic/synth_02825.jpg;M562EM63;type1a;67,455,326,214;91,455,393,495,366,669,67,644;1;1;generator_v1;CC-BY-4.0;day,angle,dirt
images/synthetic/synth_02826.jpg;H490CT98;type1a;253,375,369,243;274,375,622,418,619,618,253,585;1;1;generator_v1;CC-BY-4.0;day,angle,glare,dirt
images/synthetic/synth_02827.jpg;T226MA93;type1a;183,415,387,269;183,442,565,415,570,633,201,684;1;1;generator_v1;CC-BY-4.0;day,angle
images/synthetic/synth_02828.jpg;T036XA178;type1a;576,297,432,314;576,366,976,297,1008,593,604,611;1;1;generator_v1;CC-BY-4.0;day,angle
images/synthetic/synth_02829.jpg;K779XE93;type1;426,278,460,162;439,278,886,340,871,440,426,373;1;1;generator_v1;CC-BY-4.0;day,angle,glare
images/synthetic/synth_02830.jpg;K331AX97;type1b;785,516,257,83;796,516,1042,540,1030,599,785,586;1;1;generator_v1;CC-BY-4.0;day,angle,dirt
images/synthetic/synth_02831.jpg;O545BK90;type1b;774,488,200,76;779,488,974,522,971,564,774,532;1;1;generator_v1;CC-BY-4.0;day,angle,glare,motion_blur
images/synthetic/synth_02832.jpg;B868AX193;type1a;870,358,292,250;896,358,1162,425,1145,608,870,576;1;1;generator_v1;CC-BY-4.0;day,angle
images/synthetic/synth_02833.jpg;P708AC23;type1b;270,507,207,57;279,507,477,522,466,564,270,553;1;1;generator_v1;CC-BY-4.0;day,angle,dirt,motion_blur
images/synthetic/synth_02834.jpg;M029HE63;type1a;864,16,205,137;881,16,1069,43,1054,153,864,125;1;1;generator_v1;CC-BY-4.0;day,angle,motion_blur
images/synthetic/synth_02835.jpg;O916YT161;type1b;542,593,166,50;545,602,708,593,706,638,542,643;1;1;generator_v1;CC-BY-4.0;day,angle,motion_blur
images/synthetic/synth_02836.jpg;Y074TA116;type1b;299,167,346,80;299,167,645,177,640,247,299,239;1;1;generator_v1;CC-BY-4.0;day,angle
images/synthetic/synth_02837.jpg;P211KT761;type1b;256,493,380,82;256,494,635,493,636,574,256,575;1;1;generator_v1;CC-BY-4.0;day,angle
images/synthetic/synth_02838.jpg;B432PY74;type1b;152,155,325,107;152,194,469,155,477,227,160,262;1;1;generator_v1;CC-BY-4.0;day,angle,glare
images/synthetic/synth_02839.jpg;H223PK52;type1;389,90,226,52;390,92,615,90,614,142,389,140;1;1;generator_v1;CC-BY-4.0;day,angle
images/synthetic/synth_02840.jpg;M470EO66;type1a;121,320,362,234;121,356,482,320,483,512,143,554;1;1;generator_v1;CC-BY-4.0;day,angle,dirt
images/synthetic/synth_02841.jpg;O209CE93;type1;609,164,330,103;609,199,929,164,939,238,621,267;1;1;generator_v1;CC-BY-4.0;day,angle
images/synthetic/synth_02842.jpg;Y568HK702;type1a;498,377,387,240;498,419,860,377,885,592,537,617;1;1;generator_v1;CC-BY-4.0;day,angle
images/synthetic/synth_02843.jpg;T149KX178;type1a;722,119,391,246;784,119,1113,164,1066,365,722,298;1;1;generator_v1;CC-BY-4.0;day,angle,dirt
images/synthetic/synth_02844.jpg;T977MX196;type1a;492,114,364,296;493,114,842,182,856,410,492,395;1;1;generator_v1;CC-BY-4.0;day,angle,glare
images/synthetic/synth_02845.jpg;A745EK99;type1a;357,221,269,179;357,233,609,221,626,374,373,400;1;1;generator_v1;CC-BY-4.0;day,angle,glare,motion_blur
images/synthetic/synth_02846.jpg;A148AY74;type1b;297,156,270,91;306,156,567,194,563,247,297,208;1;1;generator_v1;CC-BY-4.0;day,angle,glare,dirt
images/synthetic/synth_02847.jpg;K269XA154;type1a;347,197,231,157;347,231,558,197,578,320,363,354;1;1;generator_v1;CC-BY-4.0;day,angle,dirt
images/synthetic/synth_02848.jpg;C753OX116;type1b;735,391,421,160;735,465,1137,391,1156,475,749,551;1;1;generator_v1;CC-BY-4.0;day,angle
images/synthetic/synth_02849.jpg;K838TX16;type1b;408,405,474,131;408,427,858,405,882,496,424,536;1;1;generator_v1;CC-BY-4.0;day,angle
images/synthetic/synth_02850.jpg;B850PX74;type1;719,522,227,69;719,544,941,522,946,570,723,591;1;1;generator_v1;CC-BY-4.0;day,angle,dirt
images/synthetic/synth_02851.jpg;O671MH154;type1b;388,333,374,138;388,390,745,333,762,407,402,471;1;1;generator_v1;CC-BY-4.0;day,angle,dirt
images/synthetic/synth_02852.jpg;O703EP54;type1b;188,160,391,147;188,227,565,160,579,248,200,307;1;1;generator_v1;CC-BY-4.0;day,angle,glare,dirt
images/synthetic/synth_02853.jpg;H667HB102;type1;209,554,346,91;215,554,555,562,550,645,209,628;1;1;generator_v1;CC-BY-4.0;day,angle,dirt,motion_blur
images/synthetic/synth_02854.jpg;B073OE23;type1b;122,361,290,109;122,410,400,361,412,420,131,470;1;1;generator_v1;CC-BY-4.0;day,angle
images/synthetic/synth_02855.jpg;B196KP99;type1a;622,73,465,303;622,150,1026,73,1087,347,693,376;1;1;generator_v1;CC-BY-4.0;day,angle
images/synthetic/synth_02856.jpg;O784TA161;type1a;520,213,484,343;578,213,1004,302,947,556,520,528;1;1;generator_v1;CC-BY-4.0;day,angle,glare,dirt,motion_blur
images/synthetic/synth_02857.jpg;E793KT198;type1b;436,141,351,107;436,176,782,141,787,214,445,248;1;1;generator_v1;CC-BY-4.0;day,angle,dirt
images/synthetic/synth_02858.jpg;C272TK138;type1b;420,450,263,105;431,450,683,500,673,555,420,504;1;1;generator_v1;CC-BY-4.0;day,angle,dirt
images/synthetic/synth_02859.jpg;P289MA61;type1b;569,442,391,123;579,442,960,493,942,565,569,519;1;1;generator_v1;CC-BY-4.0;day,angle,glare,motion_blur
images/synthetic/synth_02860.jpg;A598MB125;type1a;74,82,221,145;100,82,295,116,274,227,74,191;1;1;generator_v1;CC-BY-4.0;day,angle,dirt
images/synthetic/synth_02861.jpg;T575AB774;type1a;205,447,327,230;205,506,492,447,532,614,239,677;1;1;generator_v1;CC-BY-4.0;day,angle,motion_blur
images/synthetic/synth_02862.jpg;A385YK125;type1a;152,518,270,187;173,518,422,543,400,705,152,668;1;1;generator_v1;CC-BY-4.0;day,angle
images/synthetic/synth_02863.jpg;C902YK54;type1a;1030,472,217,159;1030,516,1223,472,1247,592,1053,631;1;1;generator_v1;CC-BY-4.0;day,angle,dirt
images/synthetic/synth_02864.jpg;Y807PP797;type1;534,438,440,158;534,507,966,438,974,527,551,596;1;1;generator_v1;CC-BY-4.0;day,angle,dirt,motion_blur
images/synthetic/synth_02865.jpg;P291AO774;type1b;359,303,382,117;361,303,741,340,732,420,359,381;1;1;generator_v1;CC-BY-4.0;day,angle
images/synthetic/synth_02866.jpg;K645PB99;type1a;320,418,237,160;320,449,541,418,557,545,339,578;1;1;generator_v1;CC-BY-4.0;day,angle
images/synthetic/synth_02867.jpg;T598XM154;type1a;791,29,271,179;810,29,1062,57,1044,208,791,175;1;1;generator_v1;CC-BY-4.0;day,angle,glare,motion_blur
images/synthetic/synth_02868.jpg;Y499OK199;type1a;472,132,292,183;504,150,764,132,740,315,472,310;1;1;generator_v1;CC-BY-4.0;day,angle,dirt
images/synthetic/synth_02869.jpg;Y093KT161;type1;557,11,492,163;577,11,1049,69,1036,174,557,108;1;1;generator_v1;CC-BY-4.0;day,angle,motion_blur
images/synthetic/synth_02870.jpg;H135OC198;type1a;58,413,182,146;74,413,240,442,226,559,58,544;1;1;generator_v1;CC-BY-4.0;day,angle,dirt
images/synthetic/synth_02871.jpg;E824OE174;type1;804,32,336,117;804,65,1137,32,1140,106,810,149;1;1;generator_v1;CC-BY-4.0;day,angle
images/synthetic/synth_02872.jpg;B563OO150;type1b;86,132,324,80;86,144,408,132,410,204,88,212;1;1;generator_v1;CC-BY-4.0;day,angle,dirt
images/synthetic/synth_02873.jpg;X657OB63;type1b;748,63,384,139;749,63,1132,95,1126,202,748,151;1;1;generator_v1;CC-BY-4.0;day,angle
images/synthetic/synth_02874.jpg;E662AP116;type1b;445,602,279,102;453,602,724,646,718,704,445,662;1;1;generator_v1;CC-BY-4.0;day,angle,glare
images/synthetic/synth_02875.jpg;T856AM50;type1;538,449,485,161;558,449,1023,497,1006,610,538,546;1;1;generator_v1;CC-BY-4.0;day,angle,glare
images/synthetic/synth_02876.jpg;T034BE54;type1b;666,31,212,75;674,31,878,65,873,106,666,72;1;1;generator_v1;CC-BY-4.0;day,angle,dirt
images/synthetic/synth_02877.jpg;X309PM98;type1b;716,78,462,169;716,157,1161,78,1178,175,739,247;1;1;generator_v1;CC-BY-4.0;day,angle,glare
images/synthetic/synth_02878.jpg;E535MK163;type1b;397,493,415,96;398,493,812,502,811,589,397,587;1;1;generator_v1;CC-BY-4.0;day,angle
images/synthetic/synth_02879.jpg;E117OX790;type1a;769,544,210,145;769,573,970,544,979,664,772,689;1;1;generator_v1;CC-BY-4.0;day,angle,glare
images/synthetic/synth_02880.jpg;H982EC52;type1a;91,211,482,317;91,260,554,211,573,473,127,528;1;1;generator_v1;CC-BY-4.0;day,angle,glare
images/synthetic/synth_02881.jpg;M031YO98;type1;1050,574,183,73;1056,574,1233,609,1226,647,1050,611;1;1;generator_v1;CC-BY-4.0;day,angle
images/synthetic/synth_02882.jpg;E492OH123;type1a;369,316,207,136;373,316,576,321,570,446,369,452;1;1;generator_v1;CC-BY-4.0;day,angle,glare
images/synthetic/synth_02883.jpg;T380EY763;type1b;356,560,444,132;356,600,792,560,800,657,366,692;1;1;generator_v1;CC-BY-4.0;day,angle,glare
images/synthetic/synth_02884.jpg;M944PT178;type1a;318,197,335,237;318,197,646,210,653,413,325,434;1;1;generator_v1;CC-BY-4.0;day,angle,motion_blur
images/synthetic/synth_02885.jpg;T727OM102;type1b;721,341,256,98;721,387,959,341,977,389,737,439;1;1;generator_v1;CC-BY-4.0;day,angle
images/synthetic/synth_02886.jpg;X348AC193;type1b;789,186,205,73;789,216,991,186,994,231,790,259;1;1;generator_v1;CC-BY-4.0;day,angle,glare,dirt,motion_blur
images/synthetic/synth_02887.jpg;B233YE54;type1b;548,113,200,49;548,122,747,113,748,154,551,162;1;1;generator_v1;CC-BY-4.0;day,angle,dirt
images/synthetic/synth_02888.jpg;P686AY61;type1a;597,19,224,146;597,43,789,19,821,156,630,165;1;1;generator_v1;CC-BY-4.0;day,angle,glare
images/synthetic/synth_02889.jpg;A800PE77;type1a;680,210,338,243;680,239,1006,210,1018,402,700,453;1;1;generator_v1;CC-BY-4.0;day,angle,motion_blur
images/synthetic/synth_02890.jpg;K234HO150;type1b;201,559,318,78;214,559,519,560,509,637,201,626;1;1;generator_v1;CC-BY-4.0;day,angle,glare,motion_blur
images/synthetic/synth_02891.jpg;A566TY54;type1b;450,90,289,94;462,90,739,128,723,184,450,151;1;1;generator_v1;CC-BY-4.0;day,angle,glare
images/synthetic/synth_02892.jpg;E186PX174;type1;670,279,464,128;676,279,1134,304,1127,407,670,376;1;1;generator_v1;CC-BY-4.0;day,angle,dirt
images/synthetic/synth_02893.jpg;C685AB123;type1;251,573,375,94;254,593,620,573,626,649,251,667;1;1;generator_v1;CC-BY-4.0;day,angle,dirt,motion_blur
images/synthetic/synth_02894.jpg;M374XH154;type1b;125,279,295,86;125,298,418,279,420,357,126,365;1;1;generator_v1;CC-BY-4.0;day,angle,glare,dirt,motion_blur
images/synthetic/synth_02895.jpg;Y505HM774;type1b;759,597,384,82;763,597,1143,604,1131,679,759,678;1;1;generator_v1;CC-BY-4.0;day,angle,dirt
images/synthetic/synth_02896.jpg;O085XP63;type1a;152,195,331,245;176,195,483,216,455,440,152,387;1;1;generator_v1;CC-BY-4.0;day,angle,motion_blur
images/synthetic/synth_02897.jpg;K679OA50;type1a;830,276,332,257;834,276,1162,298,1148,533,830,477;1;1;generator_v1;CC-BY-4.0;day,angle,glare,motion_blur
images/synthetic/synth_02898.jpg;M354PK61;type1b;281,145,243,67;281,145,524,155,523,212,282,197;1;1;generator_v1;CC-BY-4.0;day,angle,glare
images/synthetic/synth_02899.jpg;P769OX16;type1b;849,283,293,114;849,324,1120,283,1142,345,871,397;1;1;generator_v1;CC-BY-4.0;day,angle
images/synthetic/synth_02900.jpg;C650KT154;type1a;447,397,291,221;447,443,708,397,738,604,474,618;1;1;generator_v1;CC-BY-4.0;day,angle,glare,dirt
images/synthetic/synth_02901.jpg;M421OH702;type1b;886,573,241,79;892,573,1127,595,1120,652,886,626;1;1;generator_v1;CC-BY-4.0;day,angle
images/synthetic/synth_02902.jpg;T445KX90;type1b;860,408,223,84;860,448,1074,408,1083,454,870,492;1;1;generator_v1;CC-BY-4.0;day,angle,motion_blur
images/synthetic/synth_02903.jpg;E110TO799;type1b;909,93,179,67;909,121,1083,93,1088,133,913,160;1;1;generator_v1;CC-BY-4.0;day,angle,glare
images/synthetic/synth_02904.jpg;O665XK125;type1b;298,358,403,132;298,411,686,358,701,446,318,490;1;1;generator_v1;CC-BY-4.0;day,angle
images/synthetic/synth_02905.jpg;E493PB154;type1a;417,16,242,195;417,55,645,16,659,196,428,211;1;1;generator_v1;CC-BY-4.0;day,angle,glare
images/synthetic/synth_02906.jpg;B313TC702;type1b;223,264,347,131;237,264,570,324,556,395,223,343;1;1;generator_v1;CC-BY-4.0;day,angle,glare
images/synthetic/synth_02907.jpg;A313HE77;type1b;436,11,189,44;436,17,625,11,624,49,437,55;1;1;generator_v1;CC-BY-4.0;day,angle
images/synthetic/synth_02908.jpg;X173PM716;type1a;101,205,521,346;130,205,622,259,584,551,101,486;1;1;generator_v1;CC-BY-4.0;day,angle,motion_blur
images/synthetic/synth_02909.jpg;A447OE178;type1;117,165,318,81;121,165,435,179,429,246,117,239;1;1;generator_v1;CC-BY-4.0;day,angle,glare
images/synthetic/synth_02910.jpg;M419HE102;type1b;152,183,253,80;152,183,400,206,405,263,154,247;1;1;generator_v1;CC-BY-4.0;day,angle
images/synthetic/synth_02911.jpg;C993KB116;type1;692,298,178,70;702,298,870,332,859,368,692,336;1;1;generator_v1;CC-BY-4.0;day,angle,glare
images/synthetic/synth_02912.jpg;O695OA161;type1a;698,319,317,194;698,332,1009,319,1015,507,698,513;1;1;generator_v1;CC-BY-4.0;day,angle,motion_blur
images/synthetic/synth_02913.jpg;T860PT197;type1a;304,102,487,364;304,205,742,102,791,402,334,466;1;1;generator_v1;CC-BY-4.0;day,angle,dirt
images/synthetic/synth_02914.jpg;A264OY138;type1a;113,383,435,322;156,383,548,446,497,705,113,611;1;1;generator_v1;CC-BY-4.0;day,angle,glare,dirt
images/synthetic/synth_02915.jpg;H523AM797;type1a;102,331,420,269;113,331,522,357,507,594,102,600;1;1;generator_v1;CC-BY-4.0;day,angle,glare,dirt
images/synthetic/synth_02916.jpg;A316CA97;type1a;373,162,487,341;406,162,860,240,807,503,373,416;1;1;generator_v1;CC-BY-4.0;day,angle,motion_blur
images/synthetic/synth_02917.jpg;P837CP799;type1;821,98,173,54;821,110,988,98,994,136,827,152;1;1;generator_v1;CC-BY-4.0;day,angle,glare
images/synthetic/synth_02918.jpg;M527KB78;type1;292,602,310,117;306,602,602,656,587,719,292,667;1;1;generator_v1;CC-BY-4.0;day,angle,glare,dirt,motion_blur
images/synthetic/synth_02919.jpg;X509AC78;type1b;305,81,479,193;305,168,760,81,784,175,328,274;1;1;generator_v1;CC-BY-4.0;day,angle,glare
images/synthetic/synth_02920.jpg;T143PP198;type1;817,522,260,80;817,536,1077,522,1077,581,819,602;1;1;generator_v1;CC-BY-4.0;day,angle,glare,motion_blur
images/synthetic/synth_02921.jpg;X045TO16;type1a;385,102,473,307;413,102,858,158,821,409,385,363;1;1;generator_v1;CC-BY-4.0;day,angle
images/synthetic/synth_02922.jpg;Y729OC66;type1b;844,522,203,80;848,522,1047,554,1044,602,844,575;1;1;generator_v1;CC-BY-4.0;day,angle,glare
images/synthetic/synth_02923.jpg;A518BX716;type1a;225,315,487,309;225,328,707,315,712,624,251,595;1;1;generator_v1;CC-BY-4.0;day,angle,motion_blur
images/synthetic/synth_02924.jpg;M408MX198;type1b;572,5,339,106;580,5,911,35,903,111,572,76;1;1;generator_v1;CC-BY-4.0;day,angle,glare,dirt
images/synthetic/synth_02925.jpg;E270HH154;type1b;128,414,291,109;140,414,419,467,412,523,128,470;1;1;generator_v1;CC-BY-4.0;day,angle,dirt
images/synthetic/synth_02926.jpg;K255KC763;type1;575,120,413,152;590,120,988,188,974,272,575,207;1;1;generator_v1;CC-BY-4.0;day,angle,dirt
images/synthetic/synth_02927.jpg;H574EC163;type1a;720,298,448,298;726,298,1168,335,1142,596,720,543;1;1;generator_v1;CC-BY-4.0;day,angle,glare
images/synthetic/synth_02928.jpg;A718CX774;type1a;878,289,329,232;894,289,1207,323,1184,521,878,472;1;1;generator_v1;CC-BY-4.0;day,angle
images/synthetic/synth_02929.jpg;B212YB178;type1b;375,561,407,111;375,561,778,565,782,656,378,672;1;1;generator_v1;CC-BY-4.0;day,angle,motion_blur
images/synthetic/synth_02930.jpg;T597AP52;type1a;413,476,251,161;413,500,651,476,664,613,429,637;1;1;generator_v1;CC-BY-4.0;day,angle
images/synthetic/synth_02931.jpg;Y343HA763;type1a;490,352,391,271;490,392,857,352,881,564,520,623;1;1;generator_v1;CC-BY-4.0;day,angle,glare,dirt
images/synthetic/synth_02932.jpg;B503KK116;type1a;614,157,345,246;631,157,959,204,931,403,614,343;1;1;generator_v1;CC-BY-4.0;day,angle,glare
images/synthetic/synth_02933.jpg;P050EP96;type1;151,211,275,118;161,211,426,268,420,329,151,278;1;1;generator_v1;CC-BY-4.0;day,angle
images/synthetic/synth_02934.jpg;M784OY198;type1;246,345,377,163;261,345,623,409,604,508,246,427;1;1;generator_v1;CC-BY-4.0;day,angle,glare,dirt
images/synthetic/synth_02935.jpg;A610TP78;type1b;314,424,398,135;327,424,712,479,706,559,314,506;1;1;generator_v1;CC-BY-4.0;day,angle
images/synthetic/synth_02936.jpg;A719BA25;type1b;558,198,278,68;558,198,836,209,833,266,558,255;1;1;generator_v1;CC-BY-4.0;day,angle
images/synthetic/synth_02937.jpg;E120AX777;type1a;902,292,268,175;923,292,1170,317,1152,467,902,436;1;1;generator_v1;CC-BY-4.0;day,angle,glare,dirt
images/synthetic/synth_02938.jpg;P604EP102;type1b;417,62,374,107;417,62,782,72,791,169,432,142;1;1;generator_v1;CC-BY-4.0;day,angle
images/synthetic/synth_02939.jpg;E337PX761;type1a;329,283,226,136;339,283,555,297,541,419,329,411;1;1;generator_v1;CC-BY-4.0;day,angle,dirt
images/synthetic/synth_02940.jpg;T477OH66;type1b;874,662,174,46;880,662,1048,673,1041,708,874,699;1;1;generator_v1;CC-BY-4.0;day,angle,glare,dirt
images/synthetic/synth_02941.jpg;Y502TK16;type1a;224,496,252,168;246,496,476,503,456,664,224,641;1;1;generator_v1;CC-BY-4.0;day,angle
images/synthetic/synth_02942.jpg;A979KO50;type1a;882,503,277,167;882,513,1152,503,1159,661,883,670;1;1;generator_v1;CC-BY-4.0;day,angle,glare,motion_blur
images/synthetic/synth_02943.jpg;K146YT125;type1a;191,77,430,266;191,82,620,77,621,321,199,343;1;1;generator_v1;CC-BY-4.0;day,angle,glare
images/synthetic/synth_02944.jpg;E817EO763;type1a;913,58,258,197;957,58,1171,112,1130,255,913,223;1;1;generator_v1;CC-BY-4.0;day,angle,glare,dirt
images/synthetic/synth_02945.jpg;Y957OE790;type1;671,325,311,114;680,325,982,369,975,439,671,405;1;1;generator_v1;CC-BY-4.0;day,angle,glare
images/synthetic/synth_02946.jpg;O657AB799;type1a;681,348,454,302;681,387,1125,348,1135,596,709,650;1;1;generator_v1;CC-BY-4.0;day,angle,dirt
images/synthetic/synth_02947.jpg;A656OA25;type1a;525,488,232,169;550,488,757,531,734,657,525,622;1;1;generator_v1;CC-BY-4.0;day,angle
images/synthetic/synth_02948.jpg;E300YH25;type1b;150,512,301,86;162,512,451,525,440,598,150,576;1;1;generator_v1;CC-BY-4.0;day,angle,glare,dirt
images/synthetic/synth_02949.jpg;P436YP25;type1b;72,616,358,84;72,625,428,616,430,692,73,700;1;1;generator_v1;CC-BY-4.0;day,angle,glare,dirt
images/synthetic/synth_02950.jpg;B821AB77;type1a;946,188,182,129;957,188,1128,192,1116,308,946,317;1;1;generator_v1;CC-BY-4.0;day,angle,glare
images/synthetic/synth_02951.jpg;M069PH197;type1a;190,291,293,234;201,291,483,327,464,525,190,466;1;1;generator_v1;CC-BY-4.0;day,angle
images/synthetic/synth_02952.jpg;H885YM790;type1b;165,596,385,111;165,626,535,596,550,671,173,707;1;1;generator_v1;CC-BY-4.0;day,angle,glare
images/synthetic/synth_02953.jpg;B304CH150;type1b;986,163,242,68;989,163,1228,180,1224,231,986,214;1;1;generator_v1;CC-BY-4.0;day,angle,glare,dirt
images/synthetic/synth_02954.jpg;T542TY23;type1;641,377,297,86;641,395,936,377,938,455,642,463;1;1;generator_v1;CC-BY-4.0;day,angle,glare
images/synthetic/synth_02955.jpg;P239OE102;type1b;585,101,264,101;589,101,849,141,842,202,585,158;1;1;generator_v1;CC-BY-4.0;day,angle,dirt
images/synthetic/synth_02956.jpg;B954YO52;type1a;690,91,225,145;690,91,915,108,911,236,695,213;1;1;generator_v1;CC-BY-4.0;day,angle
images/synthetic/synth_02957.jpg;A226TX178;type1a;832,515,281,179;846,515,1113,540,1097,694,832,676;1;1;generator_v1;CC-BY-4.0;day,angle,glare,dirt
images/synthetic/synth_02958.jpg;K179MC78;type1a;476,322,438,267;492,322,914,330,904,589,476,565;1;1;generator_v1;CC-BY-4.0;day,angle
images/synthetic/synth_02959.jpg;X960AM99;type1;607,529,455,182;620,529,1062,597,1044,711,607,624;1;1;generator_v1;CC-BY-4.0;day,angle,glare
images/synthetic/synth_02960.jpg;M448XO78;type1b;193,425,456,173;215,425,649,505,635,598,193,515;1;1;generator_v1;CC-BY-4.0;day,angle,glare
images/synthetic/synth_02961.jpg;P161KP198;type1b;390,285,244,88;398,285,634,323,630,373,390,335;1;1;generator_v1;CC-BY-4.0;day,angle,dirt
images/synthetic/synth_02962.jpg;K754TT152;type1b;490,144,201,56;493,144,691,157,688,200,490,189;1;1;generator_v1;CC-BY-4.0;day,angle
images/synthetic/synth_02963.jpg;C187HP797;type1a;625,274,294,203;647,274,919,318,893,477,625,430;1;1;generator_v1;CC-BY-4.0;day,angle,dirt
images/synthetic/synth_02964.jpg;H209OB777;type1;126,552,187,65;126,577,309,552,313,593,128,617;1;1;generator_v1;CC-BY-4.0;day,angle
images/synthetic/synth_02965.jpg;Y360KY54;type1b;133,101,227,57;133,111,358,101,360,149,135,158;1;1;generator_v1;CC-BY-4.0;day,angle,dirt,motion_blur
images/synthetic/synth_02966.jpg;E135BC196;type1a;394,301,240,147;402,307,634,301,630,448,394,445;1;1;generator_v1;CC-BY-4.0;day,angle,glare
images/synthetic/synth_02967.jpg;Y932XC52;type1b;185,205,162,67;185,228,345,205,347,245,188,272;1;1;generator_v1;CC-BY-4.0;day,angle
images/synthetic/synth_02968.jpg;H739TM23;type1b;629,503,401,102;629,503,1029,504,1030,605,633,589;1;1;generator_v1;CC-BY-4.0;day,angle,dirt,motion_blur
images/synthetic/synth_02969.jpg;O340EO66;type1a;95,314,284,213;143,314,379,374,334,527,95,492;1;1;generator_v1;CC-BY-4.0;day,angle,glare,dirt
images/synthetic/synth_02970.jpg;T530AM97;type1b;218,85,411,153;218,149,624,85,629,168,231,238;1;1;generator_v1;CC-BY-4.0;day,angle
images/synthetic/synth_02971.jpg;T934PO99;type1b;685,249,312,121;701,249,997,303,984,370,685,311;1;1;generator_v1;CC-BY-4.0;day,angle
images/synthetic/synth_02972.jpg;O869KT93;type1b;163,0,210,80;169,0,373,34,366,80,163,40;1;1;generator_v1;CC-BY-4.0;day,angle,dirt
images/synthetic/synth_02973.jpg;E750PT150;type1b;713,194,304,101;713,224,1010,194,1017,258,720,295;1;1;generator_v1;CC-BY-4.0;day,angle,glare
images/synthetic/synth_02974.jpg;X498HA716;type1b;714,35,401,88;718,35,1115,38,1103,118,714,123;1;1;generator_v1;CC-BY-4.0;day,angle,glare
images/synthetic/synth_02975.jpg;C251EO193;type1a;138,300,465,285;138,302,553,300,603,540,172,585;1;1;generator_v1;CC-BY-4.0;day,angle
images/synthetic/synth_02976.jpg;C914XO161;type1a;496,345,273,163;496,349,764,345,769,508,507,502;1;1;generator_v1;CC-BY-4.0;day,angle,dirt
images/synthetic/synth_02977.jpg;B645AK193;type1a;592,257,223,143;600,257,815,275,810,400,592,386;1;1;generator_v1;CC-BY-4.0;day,angle,dirt
images/synthetic/synth_02978.jpg;K993MP702;type1;433,49,279,75;435,49,712,64,711,124,433,114;1;1;generator_v1;CC-BY-4.0;day,angle,glare
images/synthetic/synth_02979.jpg;A227PB50;type1b;428,491,222,59;439,491,650,504,638,550,428,542;1;1;generator_v1;CC-BY-4.0;day,angle,glare,dirt
images/synthetic/synth_02980.jpg;H942HH123;type1b;229,393,272,73;233,411,501,393,501,451,229,466;1;1;generator_v1;CC-BY-4.0;day,angle,glare
images/synthetic/synth_02981.jpg;C365XY152;type1a;856,109,315,208;856,151,1120,109,1171,258,902,317;1;1;generator_v1;CC-BY-4.0;day,angle
images/synthetic/synth_02982.jpg;K241CC23;type1b;622,553,418,139;650,553,1040,605,1011,692,622,666;1;1;generator_v1;CC-BY-4.0;day,angle
images/synthetic/synth_02983.jpg;O640OK78;type1b;410,137,373,147;423,137,783,208,778,284,410,218;1;1;generator_v1;CC-BY-4.0;day,angle,dirt,motion_blur
images/synthetic/synth_02984.jpg;X895CH78;type1a;830,402,300,206;830,402,1102,414,1130,590,855,608;1;1;generator_v1;CC-BY-4.0;day,angle,dirt
images/synthetic/synth_02985.jpg;C012HC25;type1;69,101,288,114;69,151,357,101,356,161,75,215;1;1;generator_v1;CC-BY-4.0;day,angle,dirt
images/synthetic/synth_02986.jpg;B871PO116;type1a;658,214,470,285;666,214,1128,214,1122,499,658,479;1;1;generator_v1;CC-BY-4.0;day,angle,motion_blur
images/synthetic/synth_02987.jpg;B114BT198;type1;411,104,355,139;411,104,766,142,763,243,413,187;1;1;generator_v1;CC-BY-4.0;day,angle,glare,dirt
images/synthetic/synth_02988.jpg;H311EX163;type1a;316,373,447,272;316,388,752,373,763,629,322,645;1;1;generator_v1;CC-BY-4.0;day,angle,motion_blur
images/synthetic/synth_02989.jpg;P639YP38;type1b;321,575,285,102;321,616,597,575,606,641,330,677;1;1;generator_v1;CC-BY-4.0;day,angle,glare
images/synthetic/synth_02990.jpg;E769YY174;type1a;182,95,280,225;182,143,452,95,462,301,185,320;1;1;generator_v1;CC-BY-4.0;day,angle,glare
images/synthetic/synth_02991.jpg;X595XX102;type1b;719,0,430,165;719,79,1117,0,1149,108,751,165;1;1;generator_v1;CC-BY-4.0;day,angle,glare
images/synthetic/synth_02992.jpg;X776AT777;type1a;233,341,409,290;271,341,642,412,606,631,233,588;1;1;generator_v1;CC-BY-4.0;day,angle
images/synthetic/synth_02993.jpg;Y832YP66;type1b;339,169,485,125;339,197,819,169,824,274,353,294;1;1;generator_v1;CC-BY-4.0;day,angle,dirt
images/synthetic/synth_02994.jpg;Y791PE25;type1b;686,14,213,58;697,14,899,19,889,72,686,61;1;1;generator_v1;CC-BY-4.0;day,angle,motion_blur
images/synthetic/synth_02995.jpg;C018MX63;type1;276,405,418,122;278,405,687,442,694,527,276,500;1;1;generator_v1;CC-BY-4.0;day,angle
images/synthetic/synth_02996.jpg;Y311TH152;type1b;1010,238,165,58;1010,259,1166,238,1175,278,1019,296;1;1;generator_v1;CC-BY-4.0;day,angle,glare,motion_blur
images/synthetic/synth_02997.jpg;Y079XK54;type1;536,336,186,59;546,336,722,355,711,395,536,380;1;1;generator_v1;CC-BY-4.0;day,angle
images/synthetic/synth_02998.jpg;T501BH163;type1;551,394,304,83;561,414,855,394,850,466,551,477;1;1;generator_v1;CC-BY-4.0;day,angle,glare
images/synthetic/synth_02999.jpg;A776KK774;type1b;663,154,387,155;688,154,1050,209,1024,309,663,235;1;1;generator_v1;CC-BY-4.0;day,angle,glare
images/synthetic/synth_03000.jpg;E762PC198;type1b;656,143,377,130;657,163,1033,143,1029,231,656,273;1;1;generator_v1;CC-BY-4.0;day,angle,glare
images/synthetic/synth_03001.jpg;C536KO96;type1a;407,214,431,261;407,223,827,214,838,458,414,475;1;1;generator_v1;CC-BY-4.0;day,angle,glare,dirt
images/synthetic/synth_03002.jpg;O856OE38;type1a;49,283,212,131;75,283,261,301,240,414,49,390;1;1;generator_v1;CC-BY-4.0;day,angle
images/synthetic/synth_03003.jpg;C809AB716;type1b;733,359,201,54;733,371,932,359,934,401,736,413;1;1;generator_v1;CC-BY-4.0;day,angle
images/synthetic/synth_03004.jpg;H694OO174;type1b;608,589,251,81;608,618,853,589,859,642,615,670;1;1;generator_v1;CC-BY-4.0;day,angle,dirt
images/synthetic/synth_03005.jpg;C544MT177;type1;699,88,370,101;699,90,1069,88,1069,189,700,174;1;1;generator_v1;CC-BY-4.0;day,angle
images/synthetic/synth_03006.jpg;H177TC116;type1a;455,25,372,245;482,25,827,65,804,270,455,227;1;1;generator_v1;CC-BY-4.0;day,angle,dirt
images/synthetic/synth_03007.jpg;P162XM174;type1b;397,407,464,188;397,482,854,407,861,504,413,595;1;1;generator_v1;CC-BY-4.0;day,angle,motion_blur
images/synthetic/synth_03008.jpg;K740TA154;type1a;286,238,361,271;286,287,624,238,647,437,320,509;1;1;generator_v1;CC-BY-4.0;day,angle,glare
images/synthetic/synth_03009.jpg;T094HX66;type1a;772,194,237,152;789,194,1009,218,990,346,772,330;1;1;generator_v1;CC-BY-4.0;day,angle
images/synthetic/synth_03010.jpg;E013OH777;type1a;507,399,388,266;529,399,895,450,884,665,507,633;1;1;generator_v1;CC-BY-4.0;day,angle,dirt
images/synthetic/synth_03011.jpg;T811OC23;type1b;553,426,380,172;553,512,911,426,933,534,570,598;1;1;generator_v1;CC-BY-4.0;day,angle,glare
images/synthetic/synth_03012.jpg;T632BK74;type1b;502,555,190,68;502,584,685,555,692,594,509,623;1;1;generator_v1;CC-BY-4.0;day,angle
images/synthetic/synth_03013.jpg;X234MM152;type1b;262,242,454,132;275,242,716,271,707,374,262,334;1;1;generator_v1;CC-BY-4.0;day,angle,glare
images/synthetic/synth_03014.jpg;T916OH177;type1a;271,214,373,287;271,292,619,214,644,448,276,501;1;1;generator_v1;CC-BY-4.0;day,angle,dirt
images/synthetic/synth_03015.jpg;C304CO125;type1b;878,615,298,104;878,656,1169,615,1176,677,887,719;1;1;generator_v1;CC-BY-4.0;day,angle,glare,dirt,motion_blur
images/synthetic/synth_03016.jpg;O584MM96;type1;77,144,294,97;77,168,362,144,371,208,86,241;1;1;generator_v1;CC-BY-4.0;day,angle,glare,dirt
images/synthetic/synth_03017.jpg;E803AO763;type1;917,73,255,79;917,73,1164,97,1172,152,921,136;1;1;generator_v1;CC-BY-4.0;day,angle,glare
images/synthetic/synth_03018.jpg;B937OX78;type1a;1024,9,149,124;1031,37,1173,9,1169,113,1024,133;1;1;generator_v1;CC-BY-4.0;day,angle,glare,dirt
images/synthetic/synth_03019.jpg;O361HB154;type1b;160,263,393,105;160,284,550,263,553,345,165,368;1;1;generator_v1;CC-BY-4.0;day,angle,glare,dirt,motion_blur
images/synthetic/synth_03020.jpg;X622MH61;type1a;740,251,362,278;795,251,1102,293,1042,529,740,446;1;1;generator_v1;CC-BY-4.0;day,angle
images/synthetic/synth_03021.jpg;K435HX90;type1b;767,350,322,129;767,406,1071,350,1089,416,784,479;1;1;generator_v1;CC-BY-4.0;day,angle,glare
images/synthetic/synth_03022.jpg;H690BK750;type1b;830,485,254,87;830,485,1076,514,1084,572,835,551;1;1;generator_v1;CC-BY-4.0;day,angle
images/synthetic/synth_03023.jpg;X272HM763;type1a;405,486,184,130;417,486,589,507,577,616,405,602;1;1;generator_v1;CC-BY-4.0;day,angle,dirt
images/synthetic/synth_03024.jpg;E953YC154;type1b;728,16,441,162;746,16,1169,88,1157,178,728,106;1;1;generator_v1;CC-BY-4.0;day,angle
images/synthetic/synth_03025.jpg;T886TO198;type1;854,358,320,127;864,358,1174,402,1162,485,854,429;1;1;generator_v1;CC-BY-4.0;day,angle,glare,dirt
images/synthetic/synth_03026.jpg;P345BE99;type1a;905,536,219,141;914,546,1124,536,1109,658,905,677;1;1;generator_v1;CC-BY-4.0;day,angle
images/synthetic/synth_03027.jpg;H250BP54;type1;188,124,431,129;188,167,601,124,619,228,210,253;1;1;generator_v1;CC-BY-4.0;day,angle,glare,dirt
images/synthetic/synth_03028.jpg;X703CE16;type1b;210,479,413,152;210,544,599,479,623,589,234,631;1;1;generator_v1;CC-BY-4.0;day,angle,glare
images/synthetic/synth_03029.jpg;T892AK177;type1;234,268,326,90;234,268,557,287,560,358,234,346;1;1;generator_v1;CC-BY-4.0;day,angle
images/synthetic/synth_03030.jpg;C028YO702;type1a;347,421,148,133;347,454,489,421,495,530,350,554;1;1;generator_v1;CC-BY-4.0;day,angle,glare
images/synthetic/synth_03031.jpg;M518MK138;type1a;535,131,419,276;563,131,954,185,920,407,535,363;1;1;generator_v1;CC-BY-4.0;day,angle,glare
images/synthetic/synth_03032.jpg;M199CH799;type1a;601,217,442,311;601,284,1006,217,1043,449,646,528;1;1;generator_v1;CC-BY-4.0;day,angle,motion_blur
images/synthetic/synth_03033.jpg;B751TE123;type1a;882,100,308,206;882,148,1143,100,1190,247,922,306;1;1;generator_v1;CC-BY-4.0;day,angle,dirt
images/synthetic/synth_03034.jpg;O233PX99;type1b;308,418,281,101;317,418,589,461,580,519,308,477;1;1;generator_v1;CC-BY-4.0;day,angle,dirt
images/synthetic/synth_03035.jpg;H270MA197;type1a;482,179,301,172;482,194,758,179,783,351,516,348;1;1;generator_v1;CC-BY-4.0;day,angle,glare
images/synthetic/synth_03036.jpg;M444KK102;type1a;141,393,322,220;144,428,455,393,463,597,141,613;1;1;generator_v1;CC-BY-4.0;day,angle,motion_blur
images/synthetic/synth_03037.jpg;M977YO716;type1b;712,105,412,151;712,169,1106,105,1124,187,727,256;1;1;generator_v1;CC-BY-4.0;day,angle,motion_blur
images/synthetic/synth_03038.jpg;K772AT799;type1a;600,300,367,261;600,333,943,300,967,503,629,561;1;1;generator_v1;CC-BY-4.0;day,angle,dirt
images/synthetic/synth_03039.jpg;C501XP93;type1b;161,497,177,43;162,502,338,497,335,534,161,540;1;1;generator_v1;CC-BY-4.0;day,angle,glare
images/synthetic/synth_03040.jpg;X009CT163;type1b;270,67,337,115;270,105,605,67,607,137,277,182;1;1;generator_v1;CC-BY-4.0;day,angle,glare,dirt,motion_blur
images/synthetic/synth_03041.jpg;P423KC25;type1a;497,118,181,145;508,148,678,118,671,245,497,263;1;1;generator_v1;CC-BY-4.0;day,angle,dirt
images/synthetic/synth_03042.jpg;B861MH761;type1b;478,273,423,123;478,297,888,273,901,359,488,396;1;1;generator_v1;CC-BY-4.0;day,angle
images/synthetic/synth_03043.jpg;C730TC799;type1;293,511,402,138;293,564,686,511,695,604,296,649;1;1;generator_v1;CC-BY-4.0;day,angle,glare,dirt
images/synthetic/synth_03044.jpg;T902XA61;type1a;501,78,194,164;514,78,695,116,685,242,501,218;1;1;generator_v1;CC-BY-4.0;day,angle,glare,dirt,motion_blur
images/synthetic/synth_03045.jpg;Y872OX799;type1a;129,376,397,277;129,396,466,376,526,584,190,653;1;1;generator_v1;CC-BY-4.0;day,angle
images/synthetic/synth_03046.jpg;C031AP154;type1;761,147,247,56;761,147,1005,148,1008,203,767,198;1;1;generator_v1;CC-BY-4.0;day,angle,glare
images/synthetic/synth_03047.jpg;C214PX66;type1a;439,156,321,231;439,194,751,156,760,376,440,387;1;1;generator_v1;CC-BY-4.0;day,angle
images/synthetic/synth_03048.jpg;T830BX23;type1b;992,476,214,63;993,496,1204,476,1206,520,992,539;1;1;generator_v1;CC-BY-4.0;day,angle,motion_blur
images/synthetic/synth_03049.jpg;Y616TH66;type1b;493,326,319,74;493,332,811,326,812,397,494,400;1;1;generator_v1;CC-BY-4.0;day,angle
images/synthetic/synth_03050.jpg;P404CK123;type1a;296,391,229,172;296,431,516,391,525,533,297,563;1;1;generator_v1;CC-BY-4.0;day,angle,motion_blur
images/synthetic/synth_03051.jpg;T887KC161;type1a;752,68,257,151;754,69,1008,68,1009,219,752,218;1;1;generator_v1;CC-BY-4.0;day,angle,motion_blur
images/synthetic/synth_03052.jpg;E070EX750;type1;400,147,426,172;400,233,806,147,826,235,417,319;1;1;generator_v1;CC-BY-4.0;day,angle,glare
images/synthetic/synth_03053.jpg;K497CX150;type1a;676,169,493,310;676,244,1124,169,1169,436,744,479;1;1;generator_v1;CC-BY-4.0;day,angle,glare,dirt,motion_blur
images/synthetic/synth_03054.jpg;O098PH199;type1a;371,255,442,343;419,255,813,287,755,598,371,501;1;1;generator_v1;CC-BY-4.0;day,angle,dirt,motion_blur
images/synthetic/synth_03055.jpg;H553HE52;type1;952,41,265,90;952,77,1209,41,1217,97,958,131;1;1;generator_v1;CC-BY-4.0;day,angle
images/synthetic/synth_03056.jpg;E832HH123;type1b;598,589,307,100;598,626,897,589,905,655,606,689;1;1;generator_v1;CC-BY-4.0;day,angle,glare
images/synthetic/synth_03057.jpg;A397OH52;type1a;394,278,400,282;394,350,770,278,794,484,438,560;1;1;generator_v1;CC-BY-4.0;day,angle
images/synthetic/synth_03058.jpg;O018OP761;type1;487,550,285,92;487,575,763,550,772,629,496,642;1;1;generator_v1;CC-BY-4.0;day,angle,dirt,motion_blur
images/synthetic/synth_03059.jpg;P404TP797;type1b;734,166,339,110;734,206,1063,166,1073,236,741,276;1;1;generator_v1;CC-BY-4.0;day,angle,motion_blur
images/synthetic/synth_03060.jpg;H989AC02;type1;449,595,359,110;454,595,808,630,800,705,449,670;1;1;generator_v1;CC-BY-4.0;day,angle,glare
images/synthetic/synth_03061.jpg;Y324EY54;type1a;213,125,481,330;241,125,694,171,658,455,213,384;1;1;generator_v1;CC-BY-4.0;day,angle
images/synthetic/synth_03062.jpg;M044XE774;type1a;358,141,396,265;358,146,745,141,754,406,380,372;1;1;generator_v1;CC-BY-4.0;day,angle,motion_blur
images/synthetic/synth_03063.jpg;Y081AA774;type1a;463,66,460,282;475,66,918,91,923,348,463,339;1;1;generator_v1;CC-BY-4.0;day,angle,dirt
images/synthetic/synth_03064.jpg;K497XO90;type1;657,111,406,121;657,132,1059,111,1063,197,664,232;1;1;generator_v1;CC-BY-4.0;day,angle
images/synthetic/synth_03065.jpg;E005XP197;type1a;816,100,235,172;816,126,1051,100,1049,236,822,272;1;1;generator_v1;CC-BY-4.0;day,angle,glare,dirt
images/synthetic/synth_03066.jpg;H051CO116;type1b;244,602,250,90;244,602,489,634,494,692,246,668;1;1;generator_v1;CC-BY-4.0;day,angle,glare,motion_blur
images/synthetic/synth_03067.jpg;X589OM123;type1a;177,335,239,172;183,335,414,370,416,507,177,482;1;1;generator_v1;CC-BY-4.0;day,angle,dirt
images/synthetic/synth_03068.jpg;C432PE197;type1b;978,120,232,73;978,146,1204,120,1210,168,985,193;1;1;generator_v1;CC-BY-4.0;day,angle,glare,dirt
images/synthetic/synth_03069.jpg;B990EH799;type1b;105,487,343,96;105,511,442,487,448,559,109,583;1;1;generator_v1;CC-BY-4.0;day,angle,dirt,motion_blur
images/synthetic/synth_03070.jpg;E543PO196;type1a;580,162,417,248;593,162,997,169,995,410,580,397;1;1;generator_v1;CC-BY-4.0;day,angle,glare
images/synthetic/synth_03071.jpg;E336XH774;type1a;670,50,263,229;670,50,933,86,930,279,678,217;1;1;generator_v1;CC-BY-4.0;day,angle,glare,motion_blur
images/synthetic/synth_03072.jpg;K232BX97;type1b;78,309,211,89;87,309,289,342,279,398,78,359;1;1;generator_v1;CC-BY-4.0;day,angle,glare
images/synthetic/synth_03073.jpg;E004PH161;type1b;147,535,197,58;147,553,333,535,344,573,156,593;1;1;generator_v1;CC-BY-4.0;day,angle
images/synthetic/synth_03074.jpg;Y570CK790;type1;793,290,270,71;801,294,1063,290,1057,361,793,356;1;1;generator_v1;CC-BY-4.0;day,angle,glare
images/synthetic/synth_03075.jpg;A407CM63;type1;208,28,189,44;208,33,396,28,397,68,210,72;1;1;generator_v1;CC-BY-4.0;day,angle
images/synthetic/synth_03076.jpg;A054CB198;type1b;739,200,150,50;739,210,889,200,889,237,739,250;1;1;generator_v1;CC-BY-4.0;day,angle
images/synthetic/synth_03077.jpg;X669YH66;type1a;448,182,441,285;471,182,889,216,865,467,448,423;1;1;generator_v1;CC-BY-4.0;day,angle
images/synthetic/synth_03078.jpg;A691EO96;type1;654,43,401,112;654,57,1052,43,1055,128,658,155;1;1;generator_v1;CC-BY-4.0;day,angle,glare,motion_blur
images/synthetic/synth_03079.jpg;X692TB125;type1a;495,307,241,172;506,307,736,349,716,479,495,434;1;1;generator_v1;CC-BY-4.0;day,angle,motion_blur
images/synthetic/synth_03080.jpg;X688KH193;type1;173,558,385,104;173,584,552,558,558,641,182,662;1;1;generator_v1;CC-BY-4.0;day,angle,glare,motion_blur
images/synthetic/synth_03081.jpg;A110KC123;type1b;580,0,436,147;594,0,1016,64,994,147,580,84;1;1;generator_v1;CC-BY-4.0;day,angle
images/synthetic/synth_03082.jpg;K709KH63;type1a;178,320,386,242;190,320,564,327,554,562,178,537;1;1;generator_v1;CC-BY-4.0;day,angle,glare
images/synthetic/synth_03083.jpg;O849XA16;type1a;285,221,437,246;285,227,722,221,718,467,305,462;1;1;generator_v1;CC-BY-4.0;day,angle
images/synthetic/synth_03084.jpg;P181KC23;type1b;116,79,465,107;123,79,581,82,580,186,116,175;1;1;generator_v1;CC-BY-4.0;day,angle,glare
images/synthetic/synth_03085.jpg;B255AB50;type1b;166,393,337,108;166,430,502,393,503,461,174,501;1;1;generator_v1;CC-BY-4.0;day,angle
images/synthetic/synth_03086.jpg;O286CC702;type1;489,127,272,84;489,147,758,127,761,185,493,211;1;1;generator_v1;CC-BY-4.0;day,angle,glare,dirt
images/synthetic/synth_03087.jpg;K716KB90;type1;822,178,289,93;822,210,1103,178,1111,238,830,271;1;1;generator_v1;CC-BY-4.0;day,angle,dirt,motion_blur
images/synthetic/synth_03088.jpg;X844AX196;type1b;823,309,313,117;823,356,1124,309,1136,373,836,426;1;1;generator_v1;CC-BY-4.0;day,angle,glare,dirt,motion_blur
images/synthetic/synth_03089.jpg;T219YO125;type1;491,38,265,84;491,54,748,38,756,97,499,122;1;1;generator_v1;CC-BY-4.0;day,angle
images/synthetic/synth_03090.jpg;X384TP190;type1;530,378,492,149;530,421,1016,378,1022,479,541,527;1;1;generator_v1;CC-BY-4.0;day,angle,dirt,motion_blur
images/synthetic/synth_03091.jpg;Y102AO99;type1b;719,131,433,129;719,167,1139,131,1152,218,728,260;1;1;generator_v1;CC-BY-4.0;day,angle,glare,dirt
images/synthetic/synth_03092.jpg;E544PX702;type1a;337,230,497,343;363,230,834,282,794,573,337,496;1;1;generator_v1;CC-BY-4.0;day,angle,glare,dirt
images/synthetic/synth_03093.jpg;O369AH63;type1a;801,35,334,259;801,67,1118,35,1135,231,827,294;1;1;generator_v1;CC-BY-4.0;day,angle
images/synthetic/synth_03094.jpg;E488AY716;type1b;558,222,452,130;558,222,1010,247,1008,352,565,314;1;1;generator_v1;CC-BY-4.0;day,angle
images/synthetic/synth_03095.jpg;B166KC797;type1a;744,24,334,214;781,24,1078,65,1055,238,744,190;1;1;generator_v1;CC-BY-4.0;day,angle,glare,dirt
images/synthetic/synth_03096.jpg;O494XX97;type1b;622,265,226,84;622,300,841,265,848,319,629,349;1;1;generator_v1;CC-BY-4.0;day,angle,dirt,motion_blur
images/synthetic/synth_03097.jpg;K794YE150;type1a;437,63,474,351;469,63,911,101,868,414,437,323;1;1;generator_v1;CC-BY-4.0;day,angle,dirt
images/synthetic/synth_03098.jpg;P847MB116;type1a;782,198,327,273;782,271,1075,198,1109,440,807,471;1;1;generator_v1;CC-BY-4.0;day,angle,dirt,motion_blur
images/synthetic/synth_03099.jpg;P657KO63;type1b;495,313,286,103;495,353,775,313,781,372,503,416;1;1;generator_v1;CC-BY-4.0;day,angle
images/synthetic/synth_03100.jpg;M313OB25;type1;167,475,471,173;185,475,638,552,626,648,167,575;1;1;generator_v1;CC-BY-4.0;day,angle
images/synthetic/synth_03101.jpg;K898KA98;type1b;112,201,404,149;120,201,516,265,516,350,112,297;1;1;generator_v1;CC-BY-4.0;day,angle
images/synthetic/synth_03102.jpg;P455PM150;type1;248,93,318,93;249,93,566,113,562,186,248,161;1;1;generator_v1;CC-BY-4.0;day,angle,glare,dirt
images/synthetic/synth_03103.jpg;C049HA750;type1a;581,27,406,270;581,75,961,27,987,280,610,297;1;1;generator_v1;CC-BY-4.0;day,angle
images/synthetic/synth_03104.jpg;X017KX52;type1b;635,222,271,118;647,222,906,276,897,340,635,298;1;1;generator_v1;CC-BY-4.0;day,angle,dirt
images/synthetic/synth_03105.jpg;K526KC61;type1a;450,297,321,259;469,297,771,371,770,556,450,503;1;1;generator_v1;CC-BY-4.0;day,angle
images/synthetic/synth_03106.jpg;H103CM61;type1b;854,579,249,60;854,587,1102,579,1103,634,855,639;1;1;generator_v1;CC-BY-4.0;day,angle,dirt,motion_blur
images/synthetic/synth_03107.jpg;O240EM99;type1a;413,514,255,178;413,554,630,514,668,642,449,692;1;1;generator_v1;CC-BY-4.0;day,angle
images/synthetic/synth_03108.jpg;K632HE163;type1b;523,291,312,88;523,291,826,301,835,374,530,379;1;1;generator_v1;CC-BY-4.0;day,angle,glare,dirt
images/synthetic/synth_03109.jpg;E630OE99;type1;592,261,250,69;592,280,836,261,842,310,595,330;1;1;generator_v1;CC-BY-4.0;day,angle
images/synthetic/synth_03110.jpg;K314CT763;type1b;71,535,343,85;72,535,414,547,410,620,71,606;1;1;generator_v1;CC-BY-4.0;day,angle
images/synthetic/synth_03111.jpg;P916AE61;type1b;475,436,439,130;475,475,906,436,914,535,484,566;1;1;generator_v1;CC-BY-4.0;day,angle
images/synthetic/synth_03112.jpg;A020HP774;type1b;672,27,492,162;672,90,1147,27,1164,127,677,189;1;1;generator_v1;CC-BY-4.0;day,angle,dirt
images/synthetic/synth_03113.jpg;O463TH61;type1;718,520,422,123;728,520,1140,557,1138,643,718,608;1;1;generator_v1;CC-BY-4.0;day,angle,glare,motion_blur
images/synthetic/synth_03114.jpg;E288YC774;type1a;814,436,318,216;857,436,1132,495,1085,652,814,611;1;1;generator_v1;CC-BY-4.0;day,angle
images/synthetic/synth_03115.jpg;P804EO125;type1a;424,301,487,343;424,368,911,301,910,556,465,644;1;1;generator_v1;CC-BY-4.0;day,angle,glare
images/synthetic/synth_03116.jpg;C655OB25;type1a;395,258,454,353;395,285,802,258,849,512,452,611;1;1;generator_v1;CC-BY-4.0;day,angle,glare,dirt
images/synthetic/synth_03117.jpg;O680PB197;type1;177,74,428,133;177,114,596,74,605,187,186,207;1;1;generator_v1;CC-BY-4.0;day,angle
images/synthetic/synth_03118.jpg;C051CH177;type1b;154,505,496,124;154,525,646,505,650,612,158,629;1;1;generator_v1;CC-BY-4.0;day,angle,glare
images/synthetic/synth_03119.jpg;X468HA96;type1;289,537,235,67;289,544,511,537,524,589,302,604;1;1;generator_v1;CC-BY-4.0;day,angle,glare,dirt
images/synthetic/synth_03120.jpg;B290PP23;type1b;336,302,233,57;338,303,569,302,565,353,336,359;1;1;generator_v1;CC-BY-4.0;day,angle
images/synthetic/synth_03121.jpg;X374MP99;type1a;880,221,160,112;897,221,1040,225,1024,333,880,319;1;1;generator_v1;CC-BY-4.0;day,angle,glare,motion_blur
images/synthetic/synth_03122.jpg;E870OE177;type1;137,3,359,118;137,50,486,3,496,78,152,121;1;1;generator_v1;CC-BY-4.0;day,angle
images/synthetic/synth_03123.jpg;H740CC52;type1b;650,2,258,71;653,2,908,19,905,73,650,57;1;1;generator_v1;CC-BY-4.0;day,angle,glare
images/synthetic/synth_03124.jpg;E689EH174;type1b;703,599,416,116;703,627,1113,599,1119,687,709,715;1;1;generator_v1;CC-BY-4.0;day,angle,glare,dirt
images/synthetic/synth_03125.jpg;X501CK125;type1;377,516,245,96;377,516,619,548,622,612,383,572;1;1;generator_v1;CC-BY-4.0;day,angle,glare
images/synthetic/synth_03126.jpg;E142KB193;type1b;671,499,307,101;677,499,978,521,971,600,671,568;1;1;generator_v1;CC-BY-4.0;day,angle
images/synthetic/synth_03127.jpg;H494KB797;type1b;179,118,333,103;194,118,512,151,501,221,179,182;1;1;generator_v1;CC-BY-4.0;day,angle,dirt
images/synthetic/synth_03128.jpg;O477HM763;type1a;501,204,309,207;501,244,789,204,810,378,520,411;1;1;generator_v1;CC-BY-4.0;day,angle,glare
images/synthetic/synth_03129.jpg;A120TY790;type1b;164,159,456,138;171,159,616,205,620,297,164,261;1;1;generator_v1;CC-BY-4.0;day,angle,motion_blur
images/synthetic/synth_03130.jpg;E217PH90;type1b;228,579,284,99;228,620,507,579,512,636,236,678;1;1;generator_v1;CC-BY-4.0;day,angle
images/synthetic/synth_03131.jpg;Y465BH799;type1;274,516,284,107;274,565,548,516,558,573,285,623;1;1;generator_v1;CC-BY-4.0;day,angle,dirt
images/synthetic/synth_03132.jpg;C913XP763;type1b;123,501,357,128;138,501,480,560,462,629,123,577;1;1;generator_v1;CC-BY-4.0;day,angle,glare,dirt
images/synthetic/synth_03133.jpg;C705YK38;type1b;490,323,273,74;490,323,763,330,763,397,492,383;1;1;generator_v1;CC-BY-4.0;day,angle,dirt
images/synthetic/synth_03134.jpg;X926PB761;type1a;189,414,277,182;189,437,450,414,466,566,205,596;1;1;generator_v1;CC-BY-4.0;day,angle,glare
images/synthetic/synth_03135.jpg;B870YE61;type1a;344,382,379,261;405,382,723,463,658,643,344,589;1;1;generator_v1;CC-BY-4.0;day,angle,glare,motion_blur
images/synthetic/synth_03136.jpg;E338XX63;type1b;501,493,169,55;501,506,669,493,670,540,502,548;1;1;generator_v1;CC-BY-4.0;day,angle,glare
images/synthetic/synth_03137.jpg;P292OM116;type1b;935,342,198,75;935,363,1125,342,1133,389,944,417;1;1;generator_v1;CC-BY-4.0;day,angle
images/synthetic/synth_03138.jpg;T046HX54;type1a;402,155,496,316;426,155,888,206,898,471,402,440;1;1;generator_v1;CC-BY-4.0;day,angle
images/synthetic/synth_03139.jpg;K040TH96;type1b;635,192,463,147;644,192,1098,243,1085,339,635,289;1;1;generator_v1;CC-BY-4.0;day,angle,dirt
images/synthetic/synth_03140.jpg;H577TO74;type1a;196,311,405,334;196,339,601,311,599,645,198,598;1;1;generator_v1;CC-BY-4.0;day,angle
images/synthetic/synth_03141.jpg;Y319CH799;type1;711,521,377,103;711,521,1088,531,1086,624,712,602;1;1;generator_v1;CC-BY-4.0;day,angle,dirt
images/synthetic/synth_03142.jpg;K450HK02;type1b;462,529,387,161;462,591,849,529,849,613,470,690;1;1;generator_v1;CC-BY-4.0;day,angle,glare,dirt
images/synthetic/synth_03143.jpg;C174OP98;type1b;490,15,260,67;493,15,750,26,747,82,490,75;1;1;generator_v1;CC-BY-4.0;day,angle
images/synthetic/synth_03144.jpg;O378PA23;type1b;735,533,396,121;735,567,1119,533,1131,614,744,654;1;1;generator_v1;CC-BY-4.0;day,angle
images/synthetic/synth_03145.jpg;C774OO125;type1;825,362,285,114;837,362,1110,418,1100,476,825,420;1;1;generator_v1;CC-BY-4.0;day,angle,glare,motion_blur
images/synthetic/synth_03146.jpg;X938XY790;type1;447,199,199,84;447,240,635,199,646,246,457,283;1;1;generator_v1;CC-BY-4.0;day,angle
images/synthetic/synth_03147.jpg;Y325YB50;type1a;175,148,177,159;180,148,352,176,343,307,175,266;1;1;generator_v1;CC-BY-4.0;day,angle
images/synthetic/synth_03148.jpg;M345TM78;type1a;758,389,198,116;778,389,956,391,939,505,758,495;1;1;generator_v1;CC-BY-4.0;day,angle
images/synthetic/synth_03149.jpg;E473BT150;type1b;618,180,305,96;625,180,923,212,917,276,618,249;1;1;generator_v1;CC-BY-4.0;day,angle,glare
images/synthetic/synth_03150.jpg;O223EP123;type1a;914,48,225,173;941,48,1139,89,1115,221,914,194;1;1;generator_v1;CC-BY-4.0;day,angle
images/synthetic/synth_03151.jpg;C324EP74;type1a;257,29,474,360;298,29,731,125,705,389,257,347;1;1;generator_v1;CC-BY-4.0;day,angle,motion_blur
images/synthetic/synth_03152.jpg;O337TB199;type1b;388,330,365,85;388,330,748,332,753,409,391,415;1;1;generator_v1;CC-BY-4.0;day,angle,dirt
images/synthetic/synth_03153.jpg;E981YO61;type1b;338,145,405,112;339,145,743,174,734,257,338,227;1;1;generator_v1;CC-BY-4.0;day,angle,dirt
images/synthetic/synth_03154.jpg;M901YY97;type1b;142,176,326,112;152,176,468,222,457,288,142,244;1;1;generator_v1;CC-BY-4.0;day,angle,glare
images/synthetic/synth_03155.jpg;H558YC66;type1b;260,548,402,105;260,571,657,548,662,638,269,653;1;1;generator_v1;CC-BY-4.0;day,angle,glare
images/synthetic/synth_03156.jpg;M952BA177;type1b;429,145,364,140;429,208,781,145,793,219,444,285;1;1;generator_v1;CC-BY-4.0;day,angle,glare
images/synthetic/synth_03157.jpg;Y198ET163;type1a;477,371,439,290;477,450,844,371,916,631,554,661;1;1;generator_v1;CC-BY-4.0;day,angle,glare,dirt
images/synthetic/synth_03158.jpg;X416YY123;type1b;674,164,197,67;678,164,871,190,866,231,674,204;1;1;generator_v1;CC-BY-4.0;day,angle,glare
images/synthetic/synth_03159.jpg;O728EY193;type1a;557,327,256,184;557,370,791,327,813,478,575,511;1;1;generator_v1;CC-BY-4.0;day,angle
images/synthetic/synth_03160.jpg;B883YO702;type1a;464,280,425,272;464,313,876,280,889,513,489,552;1;1;generator_v1;CC-BY-4.0;day,angle
images/synthetic/synth_03161.jpg;T658HC193;type1b;205,216,321,100;212,216,526,246,519,316,205,296;1;1;generator_v1;CC-BY-4.0;day,angle,dirt
images/synthetic/synth_03162.jpg;X147YA74;type1b;430,143,376,113;430,143,802,166,806,256,442,221;1;1;generator_v1;CC-BY-4.0;day,angle,glare
images/synthetic/synth_03163.jpg;E246BH52;type1;169,71,318,96;169,92,486,71,487,139,173,167;1;1;generator_v1;CC-BY-4.0;day,angle,glare,dirt
images/synthetic/synth_03164.jpg;H852YT23;type1b;474,174,372,123;481,174,846,217,842,297,474,267;1;1;generator_v1;CC-BY-4.0;day,angle
images/synthetic/synth_03165.jpg;E864ET702;type1b;388,168,414,137;401,168,802,221,795,305,388,254;1;1;generator_v1;CC-BY-4.0;day,angle,glare
images/synthetic/synth_03166.jpg;M012PX93;type1b;346,331,244,93;352,331,590,372,582,424,346,381;1;1;generator_v1;CC-BY-4.0;day,angle,glare
images/synthetic/synth_03167.jpg;T108HA116;type1a;307,23,355,236;338,23,662,80,622,259,307,211;1;1;generator_v1;CC-BY-4.0;day,angle,glare,motion_blur
images/synthetic/synth_03168.jpg;P519KK790;type1b;261,227,264,100;261,272,514,227,525,280,271,327;1;1;generator_v1;CC-BY-4.0;day,angle,glare
images/synthetic/synth_03169.jpg;O550PM97;type1a;355,98,429,283;385,98,784,148,759,381,355,335;1;1;generator_v1;CC-BY-4.0;day,angle,dirt,motion_blur
images/synthetic/synth_03170.jpg;E255BY152;type1;727,471,451,107;732,471,1178,483,1178,578,727,566;1;1;generator_v1;CC-BY-4.0;day,angle,glare
images/synthetic/synth_03171.jpg;K936HE761;type1a;992,485,231,144;1001,485,1223,500,1217,629,992,615;1;1;generator_v1;CC-BY-4.0;day,angle
images/synthetic/synth_03172.jpg;T429AT102;type1b;138,507,176,40;138,508,312,507,314,545,140,547;1;1;generator_v1;CC-BY-4.0;day,angle,glare
images/synthetic/synth_03173.jpg;O112XA125;type1a;746,307,229,149;746,339,955,307,975,423,758,456;1;1;generator_v1;CC-BY-4.0;day,angle,motion_blur
images/synthetic/synth_03174.jpg;A098HB99;type1b;560,39,365,100;560,44,915,39,925,139,573,125;1;1;generator_v1;CC-BY-4.0;day,angle
images/synthetic/synth_03175.jpg;T019AK154;type1;560,371,308,81;560,387,866,371,868,438,560,452;1;1;generator_v1;CC-BY-4.0;day,angle,dirt,motion_blur
images/synthetic/synth_03176.jpg;X251TC777;type1b;193,473,304,105;193,516,488,473,497,536,200,578;1;1;generator_v1;CC-BY-4.0;day,angle,glare,motion_blur
images/synthetic/synth_03177.jpg;P203EA196;type1b;650,445,468,164;670,445,1118,509,1103,609,650,538;1;1;generator_v1;CC-BY-4.0;day,angle,dirt,motion_blur
images/synthetic/synth_03178.jpg;C905XX23;type1;158,234,248,88;166,234,406,264,398,322,158,287;1;1;generator_v1;CC-BY-4.0;day,angle,glare
images/synthetic/synth_03179.jpg;B333BP98;type1b;282,220,184,53;282,234,465,220,466,260,283,273;1;1;generator_v1;CC-BY-4.0;day,angle,glare
images/synthetic/synth_03180.jpg;O036PC196;type1b;361,256,422,141;361,256,783,309,772,397,363,340;1;1;generator_v1;CC-BY-4.0;day,angle,glare
images/synthetic/synth_03181.jpg;Y158CB93;type1b;446,533,478,138;446,565,922,533,924,632,454,671;1;1;generator_v1;CC-BY-4.0;day,angle
images/synthetic/synth_03182.jpg;K821CM50;type1;844,413,339,88;852,431,1183,413,1181,491,844,501;1;1;generator_v1;CC-BY-4.0;day,angle,glare,motion_blur
images/synthetic/synth_03183.jpg;X797OP702;type1;182,272,389,149;218,272,571,347,535,421,182,366;1;1;generator_v1;CC-BY-4.0;day,angle,glare,dirt
images/synthetic/synth_03184.jpg;B525CC174;type1;804,605,290,114;811,605,1094,654,1083,719,804,670;1;1;generator_v1;CC-BY-4.0;day,angle
images/synthetic/synth_03185.jpg;C201CT66;type1a;49,463,239,166;49,502,264,463,288,587,73,629;1;1;generator_v1;CC-BY-4.0;day,angle,dirt,motion_blur
images/synthetic/synth_03186.jpg;O709PO93;type1b;159,285,439,169;186,285,598,374,565,454,159,380;1;1;generator_v1;CC-BY-4.0;day,angle,glare,dirt
images/synthetic/synth_03187.jpg;Y558EE178;type1;91,434,377,146;91,504,450,434,468,508,104,580;1;1;generator_v1;CC-BY-4.0;day,angle,glare,dirt
images/synthetic/synth_03188.jpg;T902KX90;type1b;273,596,286,80;282,616,559,596,555,663,273,676;1;1;generator_v1;CC-BY-4.0;day,angle
images/synthetic/synth_03189.jpg;Y639KE63;type1b;316,0,280,103;316,36,588,0,596,69,322,103;1;1;generator_v1;CC-BY-4.0;day,angle,glare
images/synthetic/synth_03190.jpg;X321YB750;type1a;478,385,365,272;478,398,843,385,832,604,480,657;1;1;generator_v1;CC-BY-4.0;day,angle
images/synthetic/synth_03191.jpg;O262KB102;type1b;335,220,409,100;335,240,740,220,744,305,347,320;1;1;generator_v1;CC-BY-4.0;day,angle,glare,dirt
images/synthetic/synth_03192.jpg;A630TK93;type1b;624,191,479,162;624,262,1091,191,1103,288,647,353;1;1;generator_v1;CC-BY-4.0;day,angle,glare,motion_blur
images/synthetic/synth_03193.jpg;M131YM790;type1b;308,304,225,96;308,342,523,304,533,356,319,400;1;1;generator_v1;CC-BY-4.0;day,angle,glare,dirt
images/synthetic/synth_03194.jpg;C987EX777;type1b;451,535,211,82;451,573,657,535,662,581,454,617;1;1;generator_v1;CC-BY-4.0;day,angle,motion_blur
images/synthetic/synth_03195.jpg;B639KC198;type1a;855,166,337,212;880,166,1192,207,1157,378,855,349;1;1;generator_v1;CC-BY-4.0;day,angle,glare,dirt,motion_blur
images/synthetic/synth_03196.jpg;Y713YH716;type1b;672,474,343,125;686,474,1015,535,997,599,672,543;1;1;generator_v1;CC-BY-4.0;day,angle
images/synthetic/synth_03197.jpg;T648TH177;type1a;285,195,337,218;314,195,622,236,606,413,285,371;1;1;generator_v1;CC-BY-4.0;day,angle
images/synthetic/synth_03198.jpg;B467OP25;type1b;731,156,199,61;736,156,930,178,924,217,731,196;1;1;generator_v1;CC-BY-4.0;day,angle
images/synthetic/synth_03199.jpg;T618MC66;type1b;53,564,188,60;53,581,241,564,241,605,54,624;1;1;generator_v1;CC-BY-4.0;day,angle,glare
images/synthetic/synth_03200.jpg;O058MT761;type1;707,29,366,132;725,29,1073,93,1049,161,707,106;1;1;generator_v1;CC-BY-4.0;day,angle,motion_blur
images/synthetic/synth_03201.jpg;K246AB190;type1b;869,415,266,71;869,424,1128,415,1135,486,878,485;1;1;generator_v1;CC-BY-4.0;day,angle,glare,dirt
images/synthetic/synth_03202.jpg;O246AP102;type1b;132,100,285,96;132,141,406,100,417,159,147,196;1;1;generator_v1;CC-BY-4.0;day,angle,glare
images/synthetic/synth_03203.jpg;T241EH16;type1;318,270,390,136;318,303,698,270,708,356,330,406;1;1;generator_v1;CC-BY-4.0;day,angle,glare
images/synthetic/synth_03204.jpg;X026CX163;type1;944,130,231,48;944,130,1175,130,1174,178,946,177;1;1;generator_v1;CC-BY-4.0;day,angle,glare
images/synthetic/synth_03205.jpg;B588TE197;type1a;651,80,394,268;651,87,1032,80,1045,348,677,312;1;1;generator_v1;CC-BY-4.0;day,angle
images/synthetic/synth_03206.jpg;P116OE198;type1b;279,79,443,114;284,83,722,79,718,193,279,178;1;1;generator_v1;CC-BY-4.0;day,angle,glare
images/synthetic/synth_03207.jpg;B836AA197;type1a;583,446,184,125;621,446,767,469,729,571,583,539;1;1;generator_v1;CC-BY-4.0;day,angle,motion_blur
images/synthetic/synth_03208.jpg;H515ET23;type1;637,73,206,71;641,73,843,104,837,144,637,114;1;1;generator_v1;CC-BY-4.0;day,angle,dirt
images/synthetic/synth_03209.jpg;A769AK98;type1b;306,253,410,153;338,253,716,325,683,406,306,356;1;1;generator_v1;CC-BY-4.0;day,angle
images/synthetic/synth_03210.jpg;B727BO750;type1b;312,2,196,75;313,2,508,35,508,77,312,48;1;1;generator_v1;CC-BY-4.0;day,angle
images/synthetic/synth_03211.jpg;X965CA16;type1b;666,282,403,136;666,319,1051,282,1069,365,683,418;1;1;generator_v1;CC-BY-4.0;day,angle,dirt
images/synthetic/synth_03212.jpg;B927KY799;type1;232,21,228,85;232,61,451,21,460,67,242,106;1;1;generator_v1;CC-BY-4.0;day,angle,motion_blur
images/synthetic/synth_03213.jpg;B287KX63;type1b;866,79,287,109;869,79,1153,114,1146,188,866,144;1;1;generator_v1;CC-BY-4.0;day,angle,dirt
images/synthetic/synth_03214.jpg;T828YA23;type1a;238,448,254,158;265,448,492,461,470,606,238,582;1;1;generator_v1;CC-BY-4.0;day,angle,glare,dirt
images/synthetic/synth_03215.jpg;A887CP50;type1a;563,273,316,205;604,273,879,334,828,478,563,428;1;1;generator_v1;CC-BY-4.0;day,angle,glare,motion_blur
images/synthetic/synth_03216.jpg;K803MA702;type1b;288,552,221,81;297,552,509,589,501,633,288,595;1;1;generator_v1;CC-BY-4.0;day,angle
images/synthetic/synth_03217.jpg;H033YT16;type1b;229,144,319,99;244,144,548,182,528,243,229,214;1;1;generator_v1;CC-BY-4.0;day,angle
images/synthetic/synth_03218.jpg;X312OE774;type1;200,248,290,67;200,255,484,248,490,313,209,315;1;1;generator_v1;CC-BY-4.0;day,angle
images/synthetic/synth_03219.jpg;Y586ET02;type1a;259,378,416,290;259,448,631,378,675,636,304,668;1;1;generator_v1;CC-BY-4.0;day,angle,glare,motion_blur
images/synthetic/synth_03220.jpg;H088HP177;type1a;183,57,406,297;183,57,577,81,589,324,192,354;1;1;generator_v1;CC-BY-4.0;day,angle,glare,dirt
images/synthetic/synth_03221.jpg;O720XA90;type1b;522,221,427,160;541,221,949,287,932,381,522,307;1;1;generator_v1;CC-BY-4.0;day,angle,glare
images/synthetic/synth_03222.jpg;Y026PT150;type1b;527,238,407,173;528,321,926,238,934,348,527,411;1;1;generator_v1;CC-BY-4.0;day,angle,dirt
images/synthetic/synth_03223.jpg;K196CA116;type1b;756,302,342,144;774,302,1098,370,1082,446,756,394;1;1;generator_v1;CC-BY-4.0;day,angle
images/synthetic/synth_03224.jpg;O323CP99;type1;414,451,354,138;414,507,748,451,768,522,434,589;1;1;generator_v1;CC-BY-4.0;day,angle,glare
images/synthetic/synth_03225.jpg;Y929AC78;type1b;731,264,310,91;742,264,1041,289,1034,355,731,326;1;1;generator_v1;CC-BY-4.0;day,angle
images/synthetic/synth_03226.jpg;E859PP99;type1b;984,124,198,56;984,136,1177,124,1182,165,988,180;1;1;generator_v1;CC-BY-4.0;day,angle,glare
images/synthetic/synth_03227.jpg;C071TP66;type1a;505,314,172,115;505,320,660,314,677,414,522,429;1;1;generator_v1;CC-BY-4.0;day,angle
images/synthetic/synth_03228.jpg;E256MB52;type1a;526,137,270,199;547,137,796,188,786,336,526,293;1;1;generator_v1;CC-BY-4.0;day,angle,glare
images/synthetic/synth_03229.jpg;P888HT777;type1b;313,530,371,150;313,595,674,530,684,636,318,680;1;1;generator_v1;CC-BY-4.0;day,angle,glare,dirt
images/synthetic/synth_03230.jpg;Y535CP716;type1b;576,382,241,81;584,382,817,412,809,463,576,431;1;1;generator_v1;CC-BY-4.0;day,angle,glare
images/synthetic/synth_03231.jpg;T638KK198;type1a;426,304,489,318;445,304,915,350,903,622,426,604;1;1;generator_v1;CC-BY-4.0;day,angle
images/synthetic/synth_03232.jpg;A552OK199;type1a;188,143,481,324;247,143,669,204,622,467,188,382;1;1;generator_v1;CC-BY-4.0;day,angle
images/synthetic/synth_03233.jpg;O249KK54;type1;264,109,238,91;264,149,494,109,502,163,271,200;1;1;generator_v1;CC-BY-4.0;day,angle,glare,motion_blur
images/synthetic/synth_03234.jpg;T046MO77;type1a;662,109,343,209;662,116,1001,109,1005,318,674,309;1;1;generator_v1;CC-BY-4.0;day,angle,motion_blur
images/synthetic/synth_03235.jpg;B463CC777;type1b;120,620,254,73;125,620,374,642,366,693,120,672;1;1;generator_v1;CC-BY-4.0;day,angle,glare,dirt
images/synthetic/synth_03236.jpg;A198HE93;type1a;420,230,309,220;437,230,729,268,715,450,420,437;1;1;generator_v1;CC-BY-4.0;day,angle,glare
images/synthetic/synth_03237.jpg;Y631BB197;type1a;472,107,460,333;543,107,932,197,864,440,472,421;1;1;generator_v1;CC-BY-4.0;day,angle,glare,dirt
images/synthetic/synth_03238.jpg;B477HB150;type1b;235,150,401,146;260,150,636,222,607,296,235,237;1;1;generator_v1;CC-BY-4.0;day,angle
images/synthetic/synth_03239.jpg;H448PX178;type1a;624,81,396,277;624,151,980,81,1020,290,664,358;1;1;generator_v1;CC-BY-4.0;day,angle
images/synthetic/synth_03240.jpg;M076XP54;type1;868,350,237,85;868,376,1097,350,1105,403,876,435;1;1;generator_v1;CC-BY-4.0;day,angle,glare
images/synthetic/synth_03241.jpg;P620YA96;type1b;254,16,259,73;254,16,510,29,513,89,259,71;1;1;generator_v1;CC-BY-4.0;day,angle,dirt,motion_blur
images/synthetic/synth_03242.jpg;C929TK178;type1a;162,345,454,323;202,345,616,431,611,668,162,600;1;1;generator_v1;CC-BY-4.0;day,angle,dirt
images/synthetic/synth_03243.jpg;B968CK190;type1;314,38,297,85;314,61,601,38,611,108,326,123;1;1;generator_v1;CC-BY-4.0;day,angle,glare
images/synthetic/synth_03244.jpg;O641YH161;type1a;185,156,252,165;185,164,433,156,437,321,192,314;1;1;generator_v1;CC-BY-4.0;day,angle,dirt
images/synthetic/synth_03245.jpg;T935XX774;type1;683,444,299,62;683,444,982,444,981,506,685,505;1;1;generator_v1;CC-BY-4.0;day,angle,dirt
images/synthetic/synth_03246.jpg;M567EB25;type1a;605,80,306,209;608,124,897,80,911,254,605,289;1;1;generator_v1;CC-BY-4.0;day,angle
images/synthetic/synth_03247.jpg;P389AO716;type1b;530,108,377,105;530,108,907,130,902,213,530,186;1;1;generator_v1;CC-BY-4.0;day,angle,glare
images/synthetic/synth_03248.jpg;H639TK774;type1a;685,196,451,294;685,219,1106,196,1136,439,711,490;1;1;generator_v1;CC-BY-4.0;day,angle,glare
images/synthetic/synth_03249.jpg;O680YB25;type1a;527,335,508,281;535,335,1004,348,1035,612,527,616;1;1;generator_v1;CC-BY-4.0;day,angle
images/synthetic/synth_03250.jpg;K538HK702;type1a;338,418,366,264;352,418,696,479,704,682,338,644;1;1;generator_v1;CC-BY-4.0;day,angle
images/synthetic/synth_03251.jpg;C915KM16;type1a;672,436,167,123;672,441,832,436,839,544,679,559;1;1;generator_v1;CC-BY-4.0;day,angle,glare
images/synthetic/synth_03252.jpg;E163BC66;type1a;710,390,342,203;710,405,1052,390,1048,575,722,593;1;1;generator_v1;CC-BY-4.0;day,angle,glare
images/synthetic/synth_03253.jpg;H019AT790;type1a;438,260,317,196;448,260,755,279,744,456,438,440;1;1;generator_v1;CC-BY-4.0;day,angle
images/synthetic/synth_03254.jpg;K013TT50;type1;508,435,241,60;518,441,749,435,741,495,508,494;1;1;generator_v1;CC-BY-4.0;day,angle,dirt
images/synthetic/synth_03255.jpg;X597YY23;type1b;496,179,439,117;496,179,927,185,935,296,513,269;1;1;generator_v1;CC-BY-4.0;day,angle
images/synthetic/synth_03256.jpg;E399CY154;type1b;173,235,309,110;182,235,482,283,470,345,173,299;1;1;generator_v1;CC-BY-4.0;day,angle,glare,dirt
images/synthetic/synth_03257.jpg;O655KB98;type1a;228,148,390,287;269,148,618,220,581,435,228,399;1;1;generator_v1;CC-BY-4.0;day,angle
images/synthetic/synth_03258.jpg;C838PE38;type1a;677,460,198,119;681,460,875,465,872,579,677,573;1;1;generator_v1;CC-BY-4.0;day,angle,dirt
images/synthetic/synth_03259.jpg;Y692AE750;type1b;538,78,434,101;538,90,962,78,972,164,538,179;1;1;generator_v1;CC-BY-4.0;day,angle,glare,dirt,motion_blur
images/synthetic/synth_03260.jpg;P465AT777;type1b;169,428,368,104;169,448,517,428,537,501,185,532;1;1;generator_v1;CC-BY-4.0;day,angle,glare
images/synthetic/synth_03261.jpg;T508TT763;type1b;126,193,284,107;126,240,389,193,410,263,148,300;1;1;generator_v1;CC-BY-4.0;day,angle,dirt,motion_blur
images/synthetic/synth_03262.jpg;A668CH763;type1a;126,158,284,214;137,174,410,158,400,372,126,355;1;1;generator_v1;CC-BY-4.0;day,angle,glare
images/synthetic/synth_03263.jpg;K711KT99;type1a;650,407,342,220;650,465,951,407,992,585,701,627;1;1;generator_v1;CC-BY-4.0;day,angle,glare
images/synthetic/synth_03264.jpg;Y782OX50;type1a;366,328,441,363;366,371,789,328,807,585,404,691;1;1;generator_v1;CC-BY-4.0;day,angle,glare,dirt
images/synthetic/synth_03265.jpg;H327AC61;type1b;877,99,268,88;889,99,1145,120,1134,187,877,158;1;1;generator_v1;CC-BY-4.0;day,angle,glare
images/synthetic/synth_03266.jpg;M561MC93;type1a;151,454,230,154;151,457,379,454,381,593,154,608;1;1;generator_v1;CC-BY-4.0;day,angle,glare,dirt
images/synthetic/synth_03267.jpg;K725KY763;type1a;438,56,472,332;438,145,851,56,910,299,478,388;1;1;generator_v1;CC-BY-4.0;day,angle,dirt
images/synthetic/synth_03268.jpg;T209AH66;type1a;424,279,355,207;441,294,778,279,779,482,424,486;1;1;generator_v1;CC-BY-4.0;day,angle
images/synthetic/synth_03269.jpg;P369YC125;type1a;183,249,334,238;197,275,517,249,509,487,183,477;1;1;generator_v1;CC-BY-4.0;day,angle
images/synthetic/synth_03270.jpg;E321CM61;type1a;279,375,282,166;279,381,555,375,561,541,293,537;1;1;generator_v1;CC-BY-4.0;day,angle,dirt
images/synthetic/synth_03271.jpg;Y066CO199;type1;800,326,216,57;805,326,1016,330,1011,383,800,374;1;1;generator_v1;CC-BY-4.0;day,angle,motion_blur
images/synthetic/synth_03272.jpg;E637XO702;type1a;270,232,276,212;280,263,546,232,541,444,270,442;1;1;generator_v1;CC-BY-4.0;day,angle,dirt
images/synthetic/synth_03273.jpg;X909AT152;type1a;265,41,371,292;284,41,636,59,609,333,265,265;1;1;generator_v1;CC-BY-4.0;day,angle,glare
images/synthetic/synth_03274.jpg;X576HC78;type1b;356,55,486,181;377,55,842,140,835,236,356,152;1;1;generator_v1;CC-BY-4.0;day,angle,glare,dirt
images/synthetic/synth_03275.jpg;K570OA63;type1b;226,501,434,110;226,516,645,501,660,611,247,605;1;1;generator_v1;CC-BY-4.0;day,angle,motion_blur
images/synthetic/synth_03276.jpg;C918KM790;type1a;414,104,298,189;460,104,712,141,674,293,414,243;1;1;generator_v1;CC-BY-4.0;day,angle,dirt
images/synthetic/synth_03277.jpg;A666OH98;type1a;710,344,343,267;736,344,1053,419,1044,611,710,555;1;1;generator_v1;CC-BY-4.0;day,angle
images/synthetic/synth_03278.jpg;T367OT99;type1a;719,293,403,246;719,312,1114,293,1122,526,731,539;1;1;generator_v1;CC-BY-4.0;day,angle,dirt
images/synthetic/synth_03279.jpg;K967PT16;type1b;170,92,272,98;170,120,442,92,441,153,171,190;1;1;generator_v1;CC-BY-4.0;day,angle
images/synthetic/synth_03280.jpg;Y926YP178;type1;797,31,188,69;797,62,981,31,985,68,803,100;1;1;generator_v1;CC-BY-4.0;day,angle
images/synthetic/synth_03281.jpg;H042AX177;type1a;897,272,214,151;915,272,1111,297,1093,423,897,390;1;1;generator_v1;CC-BY-4.0;day,angle,glare
images/synthetic/synth_03282.jpg;P242OX125;type1b;299,567,221,56;299,573,512,567,520,613,305,623;1;1;generator_v1;CC-BY-4.0;day,angle,glare,dirt
images/synthetic/synth_03283.jpg;X622MM54;type1;544,486,445,130;554,486,989,526,976,616,544,587;1;1;generator_v1;CC-BY-4.0;day,angle,glare
images/synthetic/synth_03284.jpg;X624CP90;type1a;606,45,248,150;606,52,843,45,854,183,613,195;1;1;generator_v1;CC-BY-4.0;day,angle,glare
images/synthetic/synth_03285.jpg;B463BO38;type1a;353,113,419,265;353,117,772,113,768,351,360,378;1;1;generator_v1;CC-BY-4.0;day,angle,glare,motion_blur
images/synthetic/synth_03286.jpg;H891CK761;type1;860,112,226,89;860,159,1074,112,1086,157,874,201;1;1;generator_v1;CC-BY-4.0;day,angle,glare,motion_blur
images/synthetic/synth_03287.jpg;M469PM750;type1a;281,315,361,236;294,315,642,346,621,551,281,513;1;1;generator_v1;CC-BY-4.0;day,angle
images/synthetic/synth_03288.jpg;B188KB198;type1;616,170,454,155;624,170,1070,230,1069,325,616,281;1;1;generator_v1;CC-BY-4.0;day,angle,glare,motion_blur
images/synthetic/synth_03289.jpg;B732YK797;type1b;252,533,457,108;252,533,701,548,709,641,253,638;1;1;generator_v1;CC-BY-4.0;day,angle,dirt,motion_blur
images/synthetic/synth_03290.jpg;X783TP16;type1a;576,346,377,297;576,410,931,346,953,636,590,643;1;1;generator_v1;CC-BY-4.0;day,angle,glare,dirt
images/synthetic/synth_03291.jpg;Y224XC174;type1a;290,79,194,130;302,79,484,101,474,209,290,190;1;1;generator_v1;CC-BY-4.0;day,angle,glare
images/synthetic/synth_03292.jpg;Y105BP25;type1b;699,373,373,110;699,391,1062,373,1072,453,708,483;1;1;generator_v1;CC-BY-4.0;day,angle,glare
images/synthetic/synth_03293.jpg;T290YC199;type1a;97,294,383,266;97,356,446,294,480,507,117,560;1;1;generator_v1;CC-BY-4.0;day,angle
images/synthetic/synth_03294.jpg;C751MO774;type1;709,262,389,99;714,262,1098,279,1090,361,709,355;1;1;generator_v1;CC-BY-4.0;day,angle,glare,dirt,motion_blur
images/synthetic/synth_03295.jpg;C824AP54;type1a;925,303,192,128;925,311,1109,303,1117,416,933,431;1;1;generator_v1;CC-BY-4.0;day,angle,glare
images/synthetic/synth_03296.jpg;M250MT93;type1a;552,273,299,182;552,281,821,273,851,430,576,455;1;1;generator_v1;CC-BY-4.0;day,angle,glare
images/synthetic/synth_03297.jpg;B899AT193;type1a;433,221,426,240;447,221,852,225,859,461,433,456;1;1;generator_v1;CC-BY-4.0;day,angle,glare,dirt
images/synthetic/synth_03298.jpg;O280KE178;type1;683,451,289,74;683,451,972,455,971,525,683,514;1;1;generator_v1;CC-BY-4.0;day,angle,glare,motion_blur
images/synthetic/synth_03299.jpg;E778YC61;type1b;239,651,200,68;239,687,432,651,439,691,243,719;1;1;generator_v1;CC-BY-4.0;day,angle
images/synthetic/synth_03300.jpg;M824XE23;type1b;808,486,386,109;808,514,1193,486,1194,565,815,595;1;1;generator_v1;CC-BY-4.0;day,angle,motion_blur
images/synthetic/synth_03301.jpg;P410YB123;type1b;459,322,447,170;488,322,906,413,870,492,459,418;1;1;generator_v1;CC-BY-4.0;day,angle,glare,dirt
images/synthetic/synth_03302.jpg;K788TT66;type1a;253,60,329,192;256,60,582,81,561,252,253,233;1;1;generator_v1;CC-BY-4.0;day,angle,glare,motion_blur
images/synthetic/synth_03303.jpg;K754EP777;type1a;392,154,442,261;392,162,834,154,832,415,405,408;1;1;generator_v1;CC-BY-4.0;day,angle
images/synthetic/synth_03304.jpg;M989KM190;type1a;247,306,440,264;251,306,687,320,681,570,247,570;1;1;generator_v1;CC-BY-4.0;day,angle,glare
images/synthetic/synth_03305.jpg;E008BA174;type1a;905,525,251,150;905,538,1151,525,1156,663,917,675;1;1;generator_v1;CC-BY-4.0;day,angle,dirt
images/synthetic/synth_03306.jpg;X635BY38;type1a;321,135,257,168;321,158,565,135,578,276,336,303;1;1;generator_v1;CC-BY-4.0;day,angle,dirt
images/synthetic/synth_03307.jpg;M402OE77;type1b;421,131,397,112;431,131,818,149,810,243,421,213;1;1;generator_v1;CC-BY-4.0;day,angle,glare
images/synthetic/synth_03308.jpg;M195PT174;type1b;298,32,331,127;298,73,625,32,629,106,305,159;1;1;generator_v1;CC-BY-4.0;day,angle,motion_blur
images/synthetic/synth_03309.jpg;E204ET199;type1b;788,218,219,78;793,218,1007,248,1002,296,788,271;1;1;generator_v1;CC-BY-4.0;day,angle,glare,motion_blur
images/synthetic/synth_03310.jpg;P363HA177;type1;888,146,266,59;889,146,1154,150,1151,205,888,203;1;1;generator_v1;CC-BY-4.0;day,angle,dirt,motion_blur
images/synthetic/synth_03311.jpg;K642EB02;type1a;557,227,464,316;557,227,1012,260,1021,528,557,543;1;1;generator_v1;CC-BY-4.0;day,angle,dirt
images/synthetic/synth_03312.jpg;H932TT123;type1b;363,6,188,62;363,30,546,6,551,44,369,68;1;1;generator_v1;CC-BY-4.0;day,angle,dirt
images/synthetic/synth_03313.jpg;K584OY78;type1;368,100,250,63;368,100,607,103,618,159,378,163;1;1;generator_v1;CC-BY-4.0;day,angle,motion_blur
images/synthetic/synth_03314.jpg;X278MK52;type1;508,488,311,73;514,488,819,500,809,561,508,553;1;1;generator_v1;CC-BY-4.0;day,angle,dirt
images/synthetic/synth_03315.jpg;M911ET54;type1b;452,539,465,142;458,588,910,539,917,642,452,681;1;1;generator_v1;CC-BY-4.0;day,angle
images/synthetic/synth_03316.jpg;X453MM163;type1a;732,285,452,299;732,345,1152,285,1184,548,770,584;1;1;generator_v1;CC-BY-4.0;day,angle,dirt,motion_blur
images/synthetic/synth_03317.jpg;A647KX761;type1a;754,16,378,270;796,16,1132,90,1100,286,754,218;1;1;generator_v1;CC-BY-4.0;day,angle,glare
images/synthetic/synth_03318.jpg;T837EP196;type1;721,575,413,144;721,640,1121,575,1134,672,731,719;1;1;generator_v1;CC-BY-4.0;day,angle,glare,dirt
images/synthetic/synth_03319.jpg;X103TH63;type1b;708,85,340,78;708,88,1047,85,1048,156,709,163;1;1;generator_v1;CC-BY-4.0;day,angle,glare,dirt
images/synthetic/synth_03320.jpg;C702MK125;type1a;386,171,372,215;386,171,758,180,744,386,388,378;1;1;generator_v1;CC-BY-4.0;day,angle,glare,motion_blur
images/synthetic/synth_03321.jpg;K942MB99;type1;424,254,322,107;424,291,733,254,746,318,436,361;1;1;generator_v1;CC-BY-4.0;day,angle
images/synthetic/synth_03322.jpg;C804KC750;type1b;568,0,436,161;568,77,972,0,1004,90,602,161;1;1;generator_v1;CC-BY-4.0;day,angle
images/synthetic/synth_03323.jpg;X618CE716;type1a;567,381,341,205;567,395,908,381,902,566,577,586;1;1;generator_v1;CC-BY-4.0;day,angle
images/synthetic/synth_03324.jpg;M319KT761;type1b;204,19,218,73;204,47,405,19,422,71,222,92;1;1;generator_v1;CC-BY-4.0;day,angle
images/synthetic/synth_03325.jpg;X056TE78;type1a;366,38,210,131;377,38,576,51,563,169,366,163;1;1;generator_v1;CC-BY-4.0;day,angle,glare
images/synthetic/synth_03326.jpg;Y548XB50;type1a;422,37,503,307;422,86,903,37,925,319,469,344;1;1;generator_v1;CC-BY-4.0;day,angle
images/synthetic/synth_03327.jpg;B392PB199;type1a;732,73,347,222;749,73,1079,102,1062,295,732,266;1;1;generator_v1;CC-BY-4.0;day,angle
images/synthetic/synth_03328.jpg;E820MM193;type1b;121,137,324,127;121,196,424,137,445,218,141,264;1;1;generator_v1;CC-BY-4.0;day,angle,dirt
images/synthetic/synth_03329.jpg;K357OE198;type1;733,181,393,150;748,181,1126,251,1111,331,733,261;1;1;generator_v1;CC-BY-4.0;day,angle,glare
images/synthetic/synth_03330.jpg;C996PM174;type1a;594,254,411,257;594,254,981,280,1005,506,601,511;1;1;generator_v1;CC-BY-4.0;day,angle,motion_blur
images/synthetic/synth_03331.jpg;B157MA52;type1;124,101,394,93;126,101,518,112,513,194,124,192;1;1;generator_v1;CC-BY-4.0;day,angle,dirt,motion_blur
images/synthetic/synth_03332.jpg;E976AO93;type1a;162,377,402,278;162,387,540,377,564,604,186,655;1;1;generator_v1;CC-BY-4.0;day,angle
images/synthetic/synth_03333.jpg;Y452YK74;type1b;763,12,164,73;763,41,927,12,927,52,764,85;1;1;generator_v1;CC-BY-4.0;day,angle
images/synthetic/synth_03334.jpg;E511KX197;type1b;474,249,304,97;474,289,769,249,778,310,489,346;1;1;generator_v1;CC-BY-4.0;day,angle,glare,dirt
images/synthetic/synth_03335.jpg;C637KK152;type1a;272,120,420,258;272,133,687,120,692,358,283,378;1;1;generator_v1;CC-BY-4.0;day,angle
images/synthetic/synth_03336.jpg;M918AA774;type1b;376,3,287,114;380,3,663,53,655,117,376,62;1;1;generator_v1;CC-BY-4.0;day,angle,motion_blur
images/synthetic/synth_03337.jpg;O333MB198;type1a;675,200,393,274;675,200,1068,222,1055,474,679,423;1;1;generator_v1;CC-BY-4.0;day,angle,dirt
images/synthetic/synth_03338.jpg;E198HB102;type1b;497,24,420,158;497,96,902,24,917,117,507,182;1;1;generator_v1;CC-BY-4.0;day,angle
images/synthetic/synth_03339.jpg;C304AB154;type1a;356,209,449,307;356,271,756,209,805,438,398,516;1;1;generator_v1;CC-BY-4.0;day,angle,dirt
images/synthetic/synth_03340.jpg;E731CH116;type1a;449,68,332,221;449,87,744,68,781,245,483,289;1;1;generator_v1;CC-BY-4.0;day,angle,glare
images/synthetic/synth_03341.jpg;C306YB193;type1b;299,487,291,64;305,493,590,487,590,547,299,551;1;1;generator_v1;CC-BY-4.0;day,angle,glare,dirt
images/synthetic/synth_03342.jpg;M256XT777;type1b;329,323,352,117;329,364,667,323,681,393,340,440;1;1;generator_v1;CC-BY-4.0;day,angle,glare,dirt
images/synthetic/synth_03343.jpg;M175BA50;type1a;183,125,516,285;213,138,689,125,699,410,183,406;1;1;generator_v1;CC-BY-4.0;day,angle
images/synthetic/synth_03344.jpg;K501MO702;type1b;248,267,495,148;250,315,733,267,743,374,248,415;1;1;generator_v1;CC-BY-4.0;day,angle,motion_blur
images/synthetic/synth_03345.jpg;E158PM790;type1a;650,288,247,142;658,288,897,295,883,430,650,430;1;1;generator_v1;CC-BY-4.0;day,angle,glare,dirt,motion_blur
images/synthetic/synth_03346.jpg;T980EB90;type1a;625,175,304,224;626,175,916,225,929,399,625,370;1;1;generator_v1;CC-BY-4.0;day,angle,dirt
images/synthetic/synth_03347.jpg;H220CB198;type1a;151,256,442,271;151,256,557,284,593,519,163,527;1;1;generator_v1;CC-BY-4.0;day,angle,dirt
images/synthetic/synth_03348.jpg;A966XK78;type1b;508,517,329,126;508,569,831,517,837,601,509,643;1;1;generator_v1;CC-BY-4.0;day,angle
images/synthetic/synth_03349.jpg;P003MK799;type1;177,400,264,69;177,400,441,412,439,469,178,455;1;1;generator_v1;CC-BY-4.0;day,angle,glare,motion_blur
images/synthetic/synth_03350.jpg;M505BK177;type1b;588,547,314,97;588,579,895,547,902,614,592,644;1;1;generator_v1;CC-BY-4.0;day,angle,dirt
images/synthetic/synth_03351.jpg;C004BP190;type1a;759,324,325,189;759,337,1062,324,1084,494,767,513;1;1;generator_v1;CC-BY-4.0;day,angle,dirt,motion_blur
images/synthetic/synth_03352.jpg;E222PP797;type1b;426,156,494,149;426,203,919,156,920,255,440,305;1;1;generator_v1;CC-BY-4.0;day,angle,glare
images/synthetic/synth_03353.jpg;A793OM99;type1b;121,432,351,80;128,432,472,439,472,512,121,502;1;1;generator_v1;CC-BY-4.0;day,angle,glare,motion_blur
images/synthetic/synth_03354.jpg;E518HM198;type1;771,376,375,157;771,376,1146,441,1139,533,773,456;1;1;generator_v1;CC-BY-4.0;day,angle
images/synthetic/synth_03355.jpg;P526CA23;type1a;680,39,251,200;682,85,925,39,931,210,680,239;1;1;generator_v1;CC-BY-4.0;day,angle
images/synthetic/synth_03356.jpg;C810BH96;type1;203,190,330,102;216,220,533,190,525,275,203,292;1;1;generator_v1;CC-BY-4.0;day,angle,dirt
images/synthetic/synth_03357.jpg;B062CX799;type1;416,488,468,120;421,488,884,509,880,608,416,587;1;1;generator_v1;CC-BY-4.0;day,angle
images/synthetic/synth_03358.jpg;P994TT198;type1a;308,69,469,311;308,121,761,69,777,320,346,380;1;1;generator_v1;CC-BY-4.0;day,angle,glare,dirt
images/synthetic/synth_03359.jpg;E105YM799;type1;401,535,381,140;401,588,776,535,782,641,403,675;1;1;generator_v1;CC-BY-4.0;day,angle,dirt,motion_blur
images/synthetic/synth_03360.jpg;O591PC763;type1;545,487,458,98;550,489,1001,487,1003,585,545,584;1;1;generator_v1;CC-BY-4.0;day,angle,glare,dirt
images/synthetic/synth_03361.jpg;M995YH174;type1b;116,279,245,90;128,279,361,318,350,369,116,335;1;1;generator_v1;CC-BY-4.0;day,angle,glare,dirt
images/synthetic/synth_03362.jpg;Y807CO178;type1b;181,599,216,60;188,599,397,608,389,659,181,656;1;1;generator_v1;CC-BY-4.0;day,angle,glare,motion_blur
images/synthetic/synth_03363.jpg;P449OA150;type1b;236,267,239,84;236,303,464,267,475,319,248,351;1;1;generator_v1;CC-BY-4.0;day,angle
images/synthetic/synth_03364.jpg;Y374OP177;type1a;463,492,317,196;463,515,780,492,776,660,476,688;1;1;generator_v1;CC-BY-4.0;day,angle,glare,dirt
images/synthetic/synth_03365.jpg;P077XY161;type1b;591,341,427,126;596,341,1012,381,1018,467,591,436;1;1;generator_v1;CC-BY-4.0;day,angle,dirt,motion_blur
images/synthetic/synth_03366.jpg;H144TK154;type1a;668,16,246,187;668,64,887,16,914,169,692,203;1;1;generator_v1;CC-BY-4.0;day,angle
images/synthetic/synth_03367.jpg;B520TE93;type1a;266,335,315,224;299,335,581,390,547,559,266,499;1;1;generator_v1;CC-BY-4.0;day,angle
images/synthetic/synth_03368.jpg;T924PY74;type1a;558,495,272,173;594,495,830,520,799,668,558,632;1;1;generator_v1;CC-BY-4.0;day,angle
images/synthetic/synth_03369.jpg;X176EX61;type1b;499,332,449,103;499,344,943,332,948,434,511,435;1;1;generator_v1;CC-BY-4.0;day,angle
images/synthetic/synth_03370.jpg;K305BP77;type1b;346,456,445,109;346,456,791,477,781,565,349,544;1;1;generator_v1;CC-BY-4.0;day,angle,dirt
images/synthetic/synth_03371.jpg;B323BT54;type1a;165,56,317,245;198,56,482,96,444,301,165,234;1;1;generator_v1;CC-BY-4.0;day,angle,glare,dirt,motion_blur
images/synthetic/synth_03372.jpg;T623XH763;type1b;651,496,419,173;679,496,1070,554,1040,669,651,584;1;1;generator_v1;CC-BY-4.0;day,angle,dirt
images/synthetic/synth_03373.jpg;K378ET93;type1;390,65,321,130;391,65,711,111,705,195,390,137;1;1;generator_v1;CC-BY-4.0;day,angle,dirt,motion_blur
images/synthetic/synth_03374.jpg;X094MO799;type1b;155,74,285,108;155,121,424,74,440,131,169,182;1;1;generator_v1;CC-BY-4.0;day,angle
images/synthetic/synth_03375.jpg;A552OA116;type1a;111,149,411,284;156,149,522,186,479,433,111,364;1;1;generator_v1;CC-BY-4.0;day,angle
images/synthetic/synth_03376.jpg;E222XM198;type1;370,22,456,122;386,51,826,22,819,134,370,144;1;1;generator_v1;CC-BY-4.0;day,angle,glare
images/synthetic/synth_03377.jpg;H573TH154;type1;327,149,425,169;327,235,734,149,752,236,333,318;1;1;generator_v1;CC-BY-4.0;day,angle,glare
images/synthetic/synth_03378.jpg;K652OK774;type1b;715,162,409,128;729,162,1124,199,1113,290,715,245;1;1;generator_v1;CC-BY-4.0;day,angle,glare,dirt
images/synthetic/synth_03379.jpg;A657AM177;type1a;715,66,363,241;715,112,1052,66,1078,268,728,307;1;1;generator_v1;CC-BY-4.0;day,angle,glare,dirt
images/synthetic/synth_03380.jpg;B333OT23;type1b;258,273,428,170;280,273,686,351,667,443,258,389;1;1;generator_v1;CC-BY-4.0;day,angle
images/synthetic/synth_03381.jpg;C747KK97;type1b;205,623,316,91;212,632,521,623,510,692,205,714;1;1;generator_v1;CC-BY-4.0;day,angle,dirt
images/synthetic/synth_03382.jpg;H767KP163;type1b;496,322,339,123;496,362,829,322,835,395,504,445;1;1;generator_v1;CC-BY-4.0;day,angle,glare
images/synthetic/synth_03383.jpg;O749HY193;type1a;233,53,263,195;240,59,496,53,483,217,233,248;1;1;generator_v1;CC-BY-4.0;day,angle,dirt
images/synthetic/synth_03384.jpg;M617OX152;type1b;278,51,324,74;278,51,602,57,600,125,278,122;1;1;generator_v1;CC-BY-4.0;day,angle
images/synthetic/synth_03385.jpg;Y530XP797;type1;866,227,266,91;866,262,1119,227,1132,280,876,318;1;1;generator_v1;CC-BY-4.0;day,angle
images/synthetic/synth_03386.jpg;O475TH154;type1a;933,208,243,142;933,218,1169,208,1176,345,946,350;1;1;generator_v1;CC-BY-4.0;day,angle,dirt,motion_blur
images/synthetic/synth_03387.jpg;B758MY74;type1a;416,160,272,168;446,160,688,191,668,328,416,292;1;1;generator_v1;CC-BY-4.0;day,angle,dirt
images/synthetic/synth_03388.jpg;Y012PX790;type1a;217,207,462,324;256,207,679,232,639,531,217,458;1;1;generator_v1;CC-BY-4.0;day,angle
images/synthetic/synth_03389.jpg;K176AK716;type1a;287,244,296,186;287,265,572,244,583,418,300,430;1;1;generator_v1;CC-BY-4.0;day,angle
images/synthetic/synth_03390.jpg;T191AK116;type1;533,438,283,116;533,495,808,438,816,501,535,554;1;1;generator_v1;CC-BY-4.0;day,angle,glare
images/synthetic/synth_03391.jpg;A804OH102;type1;417,530,342,138;417,581,748,530,759,605,431,668;1;1;generator_v1;CC-BY-4.0;day,angle
images/synthetic/synth_03392.jpg;A954TH799;type1a;403,275,300,223;403,306,689,275,703,498,416,494;1;1;generator_v1;CC-BY-4.0;day,angle
images/synthetic/synth_03393.jpg;B430OY97;type1;762,425,264,102;772,425,1026,477,1013,527,762,477;1;1;generator_v1;CC-BY-4.0;day,angle,motion_blur
images/synthetic/synth_03394.jpg;K645EP38;type1b;700,257,426,132;705,295,1126,257,1126,375,700,389;1;1;generator_v1;CC-BY-4.0;day,angle
images/synthetic/synth_03395.jpg;E628CH97;type1a;399,423,369,233;413,423,768,451,755,656,399,641;1;1;generator_v1;CC-BY-4.0;day,angle,glare
images/synthetic/synth_03396.jpg;E010TA23;type1a;695,449,254,156;695,454,929,449,949,588,712,605;1;1;generator_v1;CC-BY-4.0;day,angle,glare
images/synthetic/synth_03397.jpg;E828BT774;type1a;208,72,343,222;245,72,551,107,522,294,208,247;1;1;generator_v1;CC-BY-4.0;day,angle
images/synthetic/synth_03398.jpg;M884EY96;type1b;1001,31,218,61;1001,43,1213,31,1219,85,1008,92;1;1;generator_v1;CC-BY-4.0;day,angle,dirt
images/synthetic/synth_03399.jpg;C534CH93;type1;466,259,288,112;480,259,754,312,739,371,466,324;1;1;generator_v1;CC-BY-4.0;day,angle,dirt
images/synthetic/synth_03400.jpg;P207KY774;type1a;601,118,204,141;607,143,804,118,805,242,601,259;1;1;generator_v1;CC-BY-4.0;day,angle,glare
images/synthetic/synth_03401.jpg;E058YH761;type1;112,366,232,59;115,371,344,366,338,415,112,425;1;1;generator_v1;CC-BY-4.0;day,angle,dirt,motion_blur
images/synthetic/synth_03402.jpg;A805EC78;type1a;147,106,297,196;166,106,444,114,427,302,147,274;1;1;generator_v1;CC-BY-4.0;day,angle
images/synthetic/synth_03403.jpg;M340TM16;type1b;67,73,331,121;74,73,398,127,386,194,67,139;1;1;generator_v1;CC-BY-4.0;day,angle
images/synthetic/synth_03404.jpg;C751BY197;type1b;639,390,264,86;639,421,898,390,903,444,646,476;1;1;generator_v1;CC-BY-4.0;day,angle
images/synthetic/synth_03405.jpg;O380EY02;type1a;293,433,287,165;293,433,548,440,580,588,315,598;1;1;generator_v1;CC-BY-4.0;day,angle,motion_blur
images/synthetic/synth_03406.jpg;T766PM02;type1a;216,294,260,178;238,294,476,333,454,472,216,433;1;1;generator_v1;CC-BY-4.0;day,angle
images/synthetic/synth_03407.jpg;O987AH50;type1b;651,91,318,115;661,91,969,141,960,206,651,160;1;1;generator_v1;CC-BY-4.0;day,angle
images/synthetic/synth_03408.jpg;E887MA123;type1a;267,452,270,183;267,452,506,468,537,626,295,635;1;1;generator_v1;CC-BY-4.0;day,angle,dirt,motion_blur
images/synthetic/synth_03409.jpg;T013HP196;type1a;616,364,355,220;644,364,971,404,932,584,616,561;1;1;generator_v1;CC-BY-4.0;day,angle,dirt
images/synthetic/synth_03410.jpg;P832BE66;type1a;708,395,285,218;730,395,993,436,965,613,708,555;1;1;generator_v1;CC-BY-4.0;day,angle,glare
images/synthetic/synth_03411.jpg;Y414MC38;type1a;765,143,409,238;806,143,1174,146,1151,381,765,352;1;1;generator_v1;CC-BY-4.0;day,angle,dirt
images/synthetic/synth_03412.jpg;E610CX98;type1b;324,295,166,55;324,295,488,309,490,350,325,341;1;1;generator_v1;CC-BY-4.0;day,angle,glare
images/synthetic/synth_03413.jpg;H500BB98;type1;372,77,331,78;375,77,703,91,694,155,372,144;1;1;generator_v1;CC-BY-4.0;day,angle
images/synthetic/synth_03414.jpg;T634HH102;type1a;647,371,347,206;648,371,990,375,994,573,647,577;1;1;generator_v1;CC-BY-4.0;day,angle,dirt
images/synthetic/synth_03415.jpg;T493BH790;type1b;145,203,484,190;169,203,629,304,597,393,145,307;1;1;generator_v1;CC-BY-4.0;day,angle
images/synthetic/synth_03416.jpg;O724XH154;type1a;328,104,457,315;328,205,711,104,785,359,409,419;1;1;generator_v1;CC-BY-4.0;day,angle
images/synthetic/synth_03417.jpg;C811MY190;type1;915,211,207,83;915,252,1114,211,1122,254,922,294;1;1;generator_v1;CC-BY-4.0;day,angle,dirt
images/synthetic/synth_03418.jpg;M271KT761;type1b;323,538,283,72;325,538,606,550,603,610,323,598;1;1;generator_v1;CC-BY-4.0;day,angle,glare,motion_blur
images/synthetic/synth_03419.jpg;P261CM174;type1a;217,210,375,289;217,259,546,210,592,413,270,499;1;1;generator_v1;CC-BY-4.0;day,angle,motion_blur
images/synthetic/synth_03420.jpg;K796BO138;type1b;499,373,215,75;499,388,711,373,714,425,503,448;1;1;generator_v1;CC-BY-4.0;day,angle,glare,dirt
images/synthetic/synth_03421.jpg;C353PX716;type1b;140,306,355,94;140,306,495,317,494,400,143,382;1;1;generator_v1;CC-BY-4.0;day,angle
images/synthetic/synth_03422.jpg;E034OY97;type1b;324,516,279,66;336,516,603,520,595,582,324,572;1;1;generator_v1;CC-BY-4.0;day,angle,glare,motion_blur
images/synthetic/synth_03423.jpg;A720HX777;type1a;649,232,280,195;649,240,927,232,929,427,652,413;1;1;generator_v1;CC-BY-4.0;day,angle,glare
images/synthetic/synth_03424.jpg;M905PB90;type1b;689,208,291,71;689,208,967,218,980,279,699,279;1;1;generator_v1;CC-BY-4.0;day,angle,glare
images/synthetic/synth_03425.jpg;Y836XY74;type1a;877,326,187,145;878,342,1064,326,1059,444,877,471;1;1;generator_v1;CC-BY-4.0;day,angle,glare
images/synthetic/synth_03426.jpg;K341AO774;type1a;457,107,397,288;480,107,854,170,844,395,457,364;1;1;generator_v1;CC-BY-4.0;day,angle
images/synthetic/synth_03427.jpg;Y849BH154;type1b;946,344,263,77;955,344,1209,369,1204,421,946,394;1;1;generator_v1;CC-BY-4.0;day,angle,glare
images/synthetic/synth_03428.jpg;C384XC99;type1b;903,573,195,68;903,598,1093,573,1098,618,908,641;1;1;generator_v1;CC-BY-4.0;day,angle
images/synthetic/synth_03429.jpg;Y997PC50;type1a;972,495,220,131;980,495,1192,505,1179,626,972,623;1;1;generator_v1;CC-BY-4.0;day,angle
images/synthetic/synth_03430.jpg;X107XT790;type1b;532,28,313,93;532,39,845,28,845,99,533,121;1;1;generator_v1;CC-BY-4.0;day,angle,glare
images/synthetic/synth_03431.jpg;E229KT138;type1;792,129,316,116;807,129,1108,179,1096,245,792,191;1;1;generator_v1;CC-BY-4.0;day,angle
images/synthetic/synth_03432.jpg;P140AE177;type1b;650,188,389,85;650,188,1035,188,1039,269,651,273;1;1;generator_v1;CC-BY-4.0;day,angle
images/synthetic/synth_03433.jpg;T693PT198;type1b;291,304,219,84;291,342,505,304,510,353,294,388;1;1;generator_v1;CC-BY-4.0;day,angle
images/synthetic/synth_03434.jpg;X582HC123;type1b;793,596,344,80;798,596,1137,604,1127,675,793,676;1;1;generator_v1;CC-BY-4.0;day,angle,glare
images/synthetic/synth_03435.jpg;O834PP193;type1a;259,354,392,323;259,354,651,389,644,677,274,590;1;1;generator_v1;CC-BY-4.0;day,angle
images/synthetic/synth_03436.jpg;P962CT790;type1b;173,391,476,172;173,467,633,391,649,494,189,563;1;1;generator_v1;CC-BY-4.0;day,angle,glare,motion_blur
images/synthetic/synth_03437.jpg;C703OB774;type1;108,64,306,82;114,64,414,82,406,146,108,133;1;1;generator_v1;CC-BY-4.0;day,angle,glare
images/synthetic/synth_03438.jpg;A399BH54;type1b;219,241,198,75;232,241,417,275,404,316,219,285;1;1;generator_v1;CC-BY-4.0;day,angle,glare
images/synthetic/synth_03439.jpg;M444YY123;type1a;560,59,431,306;569,97,991,59,990,365,560,351;1;1;generator_v1;CC-BY-4.0;day,angle,glare,dirt,motion_blur
images/synthetic/synth_03440.jpg;C495CH63;type1a;848,542,174,124;859,542,1022,561,1011,666,848,654;1;1;generator_v1;CC-BY-4.0;day,angle,dirt
images/synthetic/synth_03441.jpg;X358CA102;type1b;481,82,459,127;500,82,940,106,929,209,481,172;1;1;generator_v1;CC-BY-4.0;day,angle,dirt
images/synthetic/synth_03442.jpg;T933BC763;type1b;56,9,243,72;58,9,299,27,296,81,56,60;1;1;generator_v1;CC-BY-4.0;day,angle,dirt,motion_blur
images/synthetic/synth_03443.jpg;A176XH54;type1b;669,385,435,129;688,385,1104,410,1090,514,669,473;1;1;generator_v1;CC-BY-4.0;day,angle,glare
images/synthetic/synth_03444.jpg;K675ME02;type1;279,7,330,125;279,47,600,7,609,80,290,132;1;1;generator_v1;CC-BY-4.0;day,angle,dirt
images/synthetic/synth_03445.jpg;H127CM50;type1a;548,105,455,278;581,105,1003,133,992,383,548,348;1;1;generator_v1;CC-BY-4.0;day,angle,motion_blur
images/synthetic/synth_03446.jpg;H768MK78;type1b;724,323,252,67;728,323,976,323,973,390,724,382;1;1;generator_v1;CC-BY-4.0;day,angle,glare,motion_blur
images/synthetic/synth_03447.jpg;Y668HK152;type1;627,254,463,106;629,263,1088,254,1090,355,627,360;1;1;generator_v1;CC-BY-4.0;day,angle,dirt
images/synthetic/synth_03448.jpg;M133EA190;type1;521,379,314,105;521,418,828,379,835,444,529,484;1;1;generator_v1;CC-BY-4.0;day,angle,glare
images/synthetic/synth_03449.jpg;T362KC774;type1a;181,269,210,129;182,271,391,269,391,398,181,394;1;1;generator_v1;CC-BY-4.0;day,angle,dirt
images/synthetic/synth_03450.jpg;H232KB98;type1a;608,150,365,286;610,209,964,150,973,426,608,436;1;1;generator_v1;CC-BY-4.0;day,angle,dirt,motion_blur
images/synthetic/synth_03451.jpg;A143TB152;type1;348,233,409,100;348,233,743,238,757,323,357,333;1;1;generator_v1;CC-BY-4.0;day,angle,glare,dirt
images/synthetic/synth_03452.jpg;A707EM02;type1;749,493,364,119;751,493,1112,527,1113,612,749,599;1;1;generator_v1;CC-BY-4.0;day,angle,dirt,motion_blur
images/synthetic/synth_03453.jpg;C258OA197;type1a;903,388,272,176;917,388,1175,411,1160,564,903,537;1;1;generator_v1;CC-BY-4.0;day,angle,dirt
images/synthetic/synth_03454.jpg;Y186EE63;type1b;847,366,169,61;856,366,1016,389,1007,427,847,408;1;1;generator_v1;CC-BY-4.0;day,angle,motion_blur
images/synthetic/synth_03455.jpg;K599PK799;type1a;835,151,307,197;888,151,1142,172,1092,348,835,304;1;1;generator_v1;CC-BY-4.0;day,angle,glare,motion_blur
images/synthetic/synth_03456.jpg;E708BP52;type1b;269,234,320,89;278,234,589,242,581,323,269,303;1;1;generator_v1;CC-BY-4.0;day,angle,dirt,motion_blur
images/synthetic/synth_03457.jpg;H278AT25;type1a;444,200,181,103;444,205,612,200,625,303,461,301;1;1;generator_v1;CC-BY-4.0;day,angle,dirt
images/synthetic/synth_03458.jpg;B655OX97;type1b;166,269,405,134;166,321,561,269,571,356,180,403;1;1;generator_v1;CC-BY-4.0;day,angle,dirt
images/synthetic/synth_03459.jpg;C169KH174;type1a;110,388,417,234;158,389,527,388,501,622,110,595;1;1;generator_v1;CC-BY-4.0;day,angle,glare,dirt
images/synthetic/synth_03460.jpg;Y038YH23;type1a;430,341,319,225;430,402,716,341,749,508,467,566;1;1;generator_v1;CC-BY-4.0;day,angle,glare
images/synthetic/synth_03461.jpg;C194PP154;type1;315,442,338,80;322,442,653,444,649,522,315,513;1;1;generator_v1;CC-BY-4.0;day,angle,glare,dirt
images/synthetic/synth_03462.jpg;C125KK93;type1a;427,189,342,204;432,189,769,194,766,393,427,386;1;1;generator_v1;CC-BY-4.0;day,angle,motion_blur
images/synthetic/synth_03463.jpg;K150YM99;type1a;714,488,259,152;714,496,965,488,973,632,715,640;1;1;generator_v1;CC-BY-4.0;day,angle,glare,dirt
images/synthetic/synth_03464.jpg;H650CB774;type1;698,462,199,69;698,486,896,462,897,512,698,531;1;1;generator_v1;CC-BY-4.0;day,angle
images/synthetic/synth_03465.jpg;X810KM66;type1a;707,77,411,255;739,77,1118,99,1098,332,707,294;1;1;generator_v1;CC-BY-4.0;day,angle,glare
images/synthetic/synth_03466.jpg;O547KA790;type1b;106,375,263,110;106,427,359,375,369,440,115,485;1;1;generator_v1;CC-BY-4.0;day,angle,dirt
images/synthetic/synth_03467.jpg;O441TX178;type1;660,64,273,82;667,64,933,93,929,146,660,118;1;1;generator_v1;CC-BY-4.0;day,angle,dirt
images/synthetic/synth_03468.jpg;M129TX50;type1b;386,280,256,71;386,297,642,280,638,332,386,351;1;1;generator_v1;CC-BY-4.0;day,angle
images/synthetic/synth_03469.jpg;A113MP96;type1a;518,127,315,237;518,145,817,127,833,315,539,364;1;1;generator_v1;CC-BY-4.0;day,angle,dirt
images/synthetic/synth_03470.jpg;P649KH152;type1a;426,92,419,309;426,157,826,92,845,382,434,401;1;1;generator_v1;CC-BY-4.0;day,angle,glare,dirt
images/synthetic/synth_03471.jpg;O914KK790;type1b;822,333,310,97;830,333,1132,371,1119,430,822,396;1;1;generator_v1;CC-BY-4.0;day,angle,glare
images/synthetic/synth_03472.jpg;P715BA750;type1b;98,599,248,79;101,599,346,621,345,678,98,664;1;1;generator_v1;CC-BY-4.0;day,angle
images/synthetic/synth_03473.jpg;Y237CM102;type1a;244,446,346,228;278,446,590,507,545,674,244,623;1;1;generator_v1;CC-BY-4.0;day,angle,motion_blur
images/synthetic/synth_03474.jpg;E290KB138;type1a;754,226,319,240;754,251,1047,226,1073,411,783,466;1;1;generator_v1;CC-BY-4.0;day,angle,glare
images/synthetic/synth_03475.jpg;Y767HA52;type1a;199,217,208,166;207,217,407,247,402,383,199,369;1;1;generator_v1;CC-BY-4.0;day,angle,glare,dirt,motion_blur
images/synthetic/synth_03476.jpg;O010ET125;type1a;591,88,421,277;591,146,966,88,1012,301,617,365;1;1;generator_v1;CC-BY-4.0;day,angle,glare
images/synthetic/synth_03477.jpg;Y426YB197;type1;594,227,355,98;598,227,949,250,944,325,594,302;1;1;generator_v1;CC-BY-4.0;day,angle,glare
images/synthetic/synth_03478.jpg;Y113AX750;type1a;163,367,396,253;163,406,505,367,559,558,205,620;1;1;generator_v1;CC-BY-4.0;day,angle,dirt
images/synthetic/synth_03479.jpg;M394EK138;type1b;130,320,310,103;130,358,430,320,440,392,141,423;1;1;generator_v1;CC-BY-4.0;day,angle
images/synthetic/synth_03480.jpg;O577HC63;type1a;919,454,231,158;954,454,1150,484,1117,612,919,571;1;1;generator_v1;CC-BY-4.0;day,angle
images/synthetic/synth_03481.jpg;E619BP98;type1b;851,175,247,83;851,175,1098,195,1096,258,851,231;1;1;generator_v1;CC-BY-4.0;day,angle,dirt
images/synthetic/synth_03482.jpg;Y077YA77;type1b;654,331,211,81;661,331,865,365,859,412,654,382;1;1;generator_v1;CC-BY-4.0;day,angle
images/synthetic/synth_03483.jpg;E422ET123;type1;440,170,183,60;442,170,623,192,619,230,440,207;1;1;generator_v1;CC-BY-4.0;day,angle,dirt,motion_blur
images/synthetic/synth_03484.jpg;T427TY152;type1;123,137,237,57;130,137,360,147,350,194,123,189;1;1;generator_v1;CC-BY-4.0;day,angle,dirt
images/synthetic/synth_03485.jpg;P680MC163;type1;790,58,275,119;802,58,1065,106,1052,177,790,119;1;1;generator_v1;CC-BY-4.0;day,angle,glare
images/synthetic/synth_03486.jpg;A083KA125;type1a;274,237,462,305;296,247,736,237,721,542,274,506;1;1;generator_v1;CC-BY-4.0;day,angle
images/synthetic/synth_03487.jpg;C917EX763;type1b;781,530,285,82;781,530,1064,532,1066,612,784,598;1;1;generator_v1;CC-BY-4.0;day,angle
images/synthetic/synth_03488.jpg;P032OE138;type1b;665,413,269,94;665,453,929,413,934,467,673,507;1;1;generator_v1;CC-BY-4.0;day,angle,dirt
images/synthetic/synth_03489.jpg;K373AO74;type1b;279,358,361,106;288,358,640,381,632,464,279,433;1;1;generator_v1;CC-BY-4.0;day,angle,glare,dirt
images/synthetic/synth_03490.jpg;E083KC50;type1a;347,143,338,210;355,143,685,161,673,353,347,352;1;1;generator_v1;CC-BY-4.0;day,angle,dirt
images/synthetic/synth_03491.jpg;Y709YX16;type1a;710,188,335,209;710,188,1028,191,1045,397,741,368;1;1;generator_v1;CC-BY-4.0;day,angle,dirt
images/synthetic/synth_03492.jpg;Y854YO02;type1a;461,276,458,263;461,299,911,276,919,534,494,539;1;1;generator_v1;CC-BY-4.0;day,angle,glare
images/synthetic/synth_03493.jpg;O164YC97;type1;215,284,293,117;228,284,508,340,496,401,215,350;1;1;generator_v1;CC-BY-4.0;day,angle
images/synthetic/synth_03494.jpg;P095MM102;type1a;575,366,474,316;631,366,1049,410,1002,682,575,604;1;1;generator_v1;CC-BY-4.0;day,angle,dirt
images/synthetic/synth_03495.jpg;X760EO61;type1b;75,228,319,127;75,290,381,228,394,294,86,355;1;1;generator_v1;CC-BY-4.0;day,angle,glare
images/synthetic/synth_03496.jpg;M535TO774;type1a;397,33,275,178;397,42,672,33,664,190,398,211;1;1;generator_v1;CC-BY-4.0;day,angle,glare
images/synthetic/synth_03497.jpg;K828AO74;type1a;819,307,192,126;826,307,1011,329,1010,433,819,413;1;1;generator_v1;CC-BY-4.0;day,angle,motion_blur
images/synthetic/synth_03498.jpg;E116EC196;type1;101,414,218,73;101,414,318,437,319,487,105,460;1;1;generator_v1;CC-BY-4.0;day,angle
images/synthetic/synth_03499.jpg;T932YP193;type1b;453,415,326,82;460,415,779,427,770,497,453,495;1;1;generator_v1;CC-BY-4.0;day,angle,glare
images/synthetic/synth_03500.jpg;B879AK799;type1b;501,0,339,116;516,0,840,48,823,116,501,64;1;1;generator_v1;CC-BY-4.0;day,angle,motion_blur
images/synthetic/synth_03501.jpg;X749ET774;type1b;296,269,223,81;296,303,512,269,519,319,303,350;1;1;generator_v1;CC-BY-4.0;day,angle,dirt
images/synthetic/synth_03502.jpg;M333HH761;type1;330,551,364,131;330,608,684,551,694,626,343,682;1;1;generator_v1;CC-BY-4.0;day,angle,motion_blur
images/synthetic/synth_03503.jpg;H006OE52;type1b;209,114,441,119;214,114,650,141,643,233,209,210;1;1;generator_v1;CC-BY-4.0;day,angle
images/synthetic/synth_03504.jpg;H267EM116;type1b;693,442,248,71;698,442,941,460,937,513,693,494;1;1;generator_v1;CC-BY-4.0;day,angle,glare,motion_blur
images/synthetic/synth_03505.jpg;Y907HE797;type1b;180,137,229,64;184,137,409,149,405,201,180,196;1;1;generator_v1;CC-BY-4.0;day,angle
images/synthetic/synth_03506.jpg;A481HH150;type1;531,83,328,103;531,118,853,83,859,152,539,186;1;1;generator_v1;CC-BY-4.0;day,angle,dirt
images/synthetic/synth_03507.jpg;P465BA777;type1a;813,347,229,141;813,357,1008,347,1042,466,843,488;1;1;generator_v1;CC-BY-4.0;day,angle,glare
images/synthetic/synth_03508.jpg;B039EC774;type1a;599,41,337,263;633,41,936,114,910,304,599,257;1;1;generator_v1;CC-BY-4.0;day,angle,dirt
images/synthetic/synth_03509.jpg;E545MB190;type1a;600,116,390,239;600,130,981,116,990,336,609,355;1;1;generator_v1;CC-BY-4.0;day,angle,glare,dirt
images/synthetic/synth_03510.jpg;M238PP198;type1b;49,264,194,50;50,264,243,273,241,314,49,305;1;1;generator_v1;CC-BY-4.0;day,angle,dirt,motion_blur
images/synthetic/synth_03511.jpg;A248HM799;type1;695,549,388,127;715,549,1083,600,1059,676,695,638;1;1;generator_v1;CC-BY-4.0;day,angle
images/synthetic/synth_03512.jpg;K714CT190;type1;576,161,490,122;576,161,1066,187,1053,283,578,258;1;1;generator_v1;CC-BY-4.0;day,angle,glare,dirt
images/synthetic/synth_03513.jpg;M416PK774;type1a;718,310,455,266;739,310,1160,339,1173,576,718,556;1;1;generator_v1;CC-BY-4.0;day,angle
images/synthetic/synth_03514.jpg;K869TH77;type1a;631,211,351,255;631,211,982,225,982,441,632,466;1;1;generator_v1;CC-BY-4.0;day,angle,glare,dirt
images/synthetic/synth_03515.jpg;B906XA790;type1b;295,22,329,92;295,43,617,22,624,90,300,114;1;1;generator_v1;CC-BY-4.0;day,angle,dirt
images/synthetic/synth_03516.jpg;K397CB63;type1b;133,98,344,112;156,98,477,120,455,210,133,171;1;1;generator_v1;CC-BY-4.0;day,angle,glare
images/synthetic/synth_03517.jpg;H914EO799;type1a;247,353,281,208;247,408,487,353,528,526,287,561;1;1;generator_v1;CC-BY-4.0;day,angle
images/synthetic/synth_03518.jpg;X390AP702;type1a;720,347,393,264;720,395,1090,347,1113,579,737,611;1;1;generator_v1;CC-BY-4.0;day,angle
images/synthetic/synth_03519.jpg;M077TE25;type1;487,195,218,50;488,195,705,199,704,245,487,241;1;1;generator_v1;CC-BY-4.0;day,angle,glare,dirt
images/synthetic/synth_03520.jpg;E711EH54;type1b;455,320,257,100;470,320,712,367,697,420,455,380;1;1;generator_v1;CC-BY-4.0;day,angle,glare
images/synthetic/synth_03521.jpg;T966PP02;type1a;263,456,342,249;295,456,605,500,569,705,263,640;1;1;generator_v1;CC-BY-4.0;day,angle,glare,dirt
images/synthetic/synth_03522.jpg;C189TO154;type1a;624,120,259,166;624,145,870,120,883,264,639,286;1;1;generator_v1;CC-BY-4.0;day,angle,glare
images/synthetic/synth_03523.jpg;B288AH77;type1b;715,548,300,101;738,548,1015,579,993,649,715,607;1;1;generator_v1;CC-BY-4.0;day,angle,dirt
images/synthetic/synth_03524.jpg;X071KY790;type1a;835,315,344,228;835,315,1157,348,1179,543,845,541;1;1;generator_v1;CC-BY-4.0;day,angle,glare
images/synthetic/synth_03525.jpg;E707HH78;type1a;175,400,266,188;175,447,416,400,441,539,204,588;1;1;generator_v1;CC-BY-4.0;day,angle,dirt
images/synthetic/synth_03526.jpg;M015OE702;type1;774,529,352,102;775,529,1125,554,1126,631,774,617;1;1;generator_v1;CC-BY-4.0;day,angle
images/synthetic/synth_03527.jpg;H633KP702;type1a;457,373,268,195;457,373,725,384,719,568,457,538;1;1;generator_v1;CC-BY-4.0;day,angle
images/synthetic/synth_03528.jpg;T870YO190;type1a;532,410,414,292;532,482,906,410,946,625,577,702;1;1;generator_v1;CC-BY-4.0;day,angle
images/synthetic/synth_03529.jpg;M722TA93;type1b;586,435,401,103;586,447,973,435,987,516,595,538;1;1;generator_v1;CC-BY-4.0;day,angle
images/synthetic/synth_03530.jpg;X557OH97;type1a;993,552,218,128;1002,552,1211,557,1207,680,993,673;1;1;generator_v1;CC-BY-4.0;day,angle
images/synthetic/synth_03531.jpg;H889CA77;type1a;897,384,309,184;897,398,1185,384,1206,548,907,568;1;1;generator_v1;CC-BY-4.0;day,angle,motion_blur
images/synthetic/synth_03532.jpg;H256CM66;type1b;692,57,415,151;697,57,1104,120,1107,208,692,160;1;1;generator_v1;CC-BY-4.0;day,angle,dirt
images/synthetic/synth_03533.jpg;B067BM763;type1b;237,9,271,101;237,58,497,9,508,64,251,110;1;1;generator_v1;CC-BY-4.0;day,angle,glare,dirt
images/synthetic/synth_03534.jpg;E689HX50;type1a;601,271,408,250;620,271,1009,279,998,521,601,496;1;1;generator_v1;CC-BY-4.0;day,angle
images/synthetic/synth_03535.jpg;P374TT25;type1b;392,77,245,86;392,108,633,77,637,138,394,163;1;1;generator_v1;CC-BY-4.0;day,angle,dirt
images/synthetic/synth_03536.jpg;O343MB23;type1a;775,398,193,128;775,416,939,398,968,500,802,526;1;1;generator_v1;CC-BY-4.0;day,angle,dirt
images/synthetic/synth_03537.jpg;T690MP97;type1b;548,390,485,179;576,390,1033,462,1011,569,548,482;1;1;generator_v1;CC-BY-4.0;day,angle,glare,dirt
images/synthetic/synth_03538.jpg;E444AK63;type1;359,268,363,150;368,268,722,339,720,418,359,359;1;1;generator_v1;CC-BY-4.0;day,angle,glare,dirt
images/synthetic/synth_03539.jpg;Y749OY50;type1a;325,158,519,348;373,158,844,218,804,506,325,428;1;1;generator_v1;CC-BY-4.0;day,angle,glare
images/synthetic/synth_03540.jpg;C750PY96;type1a;497,29,250,204;504,29,747,73,747,233,497,209;1;1;generator_v1;CC-BY-4.0;day,angle,glare,dirt
images/synthetic/synth_03541.jpg;X811BM16;type1b;496,413,438,171;496,477,905,413,934,499,524,584;1;1;generator_v1;CC-BY-4.0;day,angle
images/synthetic/synth_03542.jpg;B035AO761;type1;884,91,254,94;903,91,1138,136,1118,185,884,146;1;1;generator_v1;CC-BY-4.0;day,angle
images/synthetic/synth_03543.jpg;T146PH150;type1a;545,376,203,142;576,376,748,406,717,518,545,500;1;1;generator_v1;CC-BY-4.0;day,angle
images/synthetic/synth_03544.jpg;M202YK93;type1b;355,143,261,74;355,162,607,143,616,195,362,217;1;1;generator_v1;CC-BY-4.0;day,angle,dirt
images/synthetic/synth_03545.jpg;A494BT77;type1b;380,621,239,87;380,648,612,621,619,675,388,708;1;1;generator_v1;CC-BY-4.0;day,angle
images/synthetic/synth_03546.jpg;T955HE96;type1a;193,367,258,166;193,393,403,367,451,492,239,533;1;1;generator_v1;CC-BY-4.0;day,angle,dirt
images/synthetic/synth_03547.jpg;P408BK763;type1b;240,289,226,76;240,308,466,289,465,340,241,365;1;1;generator_v1;CC-BY-4.0;day,angle,dirt
images/synthetic/synth_03548.jpg;B916YK23;type1b;808,291,225,91;808,335,1026,291,1033,337,817,382;1;1;generator_v1;CC-BY-4.0;day,angle
images/synthetic/synth_03549.jpg;T434XH97;type1;506,3,237,98;515,3,743,50,732,101,506,52;1;1;generator_v1;CC-BY-4.0;day,angle,dirt
images/synthetic/synth_03550.jpg;Y858OO750;type1a;537,60,405,258;539,60,932,85,942,315,537,318;1;1;generator_v1;CC-BY-4.0;day,angle,glare
images/synthetic/synth_03551.jpg;A050ET90;type1b;257,290,413,115;257,325,652,290,670,385,281,405;1;1;generator_v1;CC-BY-4.0;day,angle
images/synthetic/synth_03552.jpg;B979PC716;type1;325,0,430,165;346,0,755,77,735,165,325,101;1;1;generator_v1;CC-BY-4.0;day,angle,glare
images/synthetic/synth_03553.jpg;A398MX54;type1b;534,422,414,98;534,434,946,422,948,514,541,520;1;1;generator_v1;CC-BY-4.0;day,angle,glare,dirt
images/synthetic/synth_03554.jpg;C403YE96;type1a;531,114,290,222;531,174,788,114,821,295,559,336;1;1;generator_v1;CC-BY-4.0;day,angle,glare
images/synthetic/synth_03555.jpg;P224OE154;type1a;207,312,470,281;277,312,677,334,629,593,207,533;1;1;generator_v1;CC-BY-4.0;day,angle
images/synthetic/synth_03556.jpg;T589PO23;type1;823,407,169,70;825,407,992,439,988,477,823,442;1;1;generator_v1;CC-BY-4.0;day,angle,dirt
images/synthetic/synth_03557.jpg;X454MT77;type1b;505,208,471,100;505,208,976,213,970,308,512,300;1;1;generator_v1;CC-BY-4.0;day,angle
images/synthetic/synth_03558.jpg;M514YO16;type1a;674,370,327,277;691,370,1001,445,998,647,674,608;1;1;generator_v1;CC-BY-4.0;day,angle
images/synthetic/synth_03559.jpg;H487EB174;type1a;221,481,201,140;232,481,422,486,409,611,221,621;1;1;generator_v1;CC-BY-4.0;day,angle,glare,dirt
images/synthetic/synth_03560.jpg;H766BO23;type1b;837,167,247,85;837,188,1078,167,1084,223,844,252;1;1;generator_v1;CC-BY-4.0;day,angle
images/synthetic/synth_03561.jpg;B015BT193;type1b;395,96,428,155;408,96,823,161,809,251,395,183;1;1;generator_v1;CC-BY-4.0;day,angle
images/synthetic/synth_03562.jpg;X736AK54;type1a;365,41,370,222;365,45,733,41,735,253,370,263;1;1;generator_v1;CC-BY-4.0;day,angle
images/synthetic/synth_03563.jpg;K365YM61;type1b;469,322,242,95;475,322,711,366,702,417,469,372;1;1;generator_v1;CC-BY-4.0;day,angle
images/synthetic/synth_03564.jpg;B925TO38;type1a;520,401,327,186;520,410,847,401,842,577,532,587;1;1;generator_v1;CC-BY-4.0;day,angle
images/synthetic/synth_03565.jpg;K247XM50;type1b;89,199,228,75;89,226,316,199,317,246,93,274;1;1;generator_v1;CC-BY-4.0;day,angle,dirt
images/synthetic/synth_03566.jpg;M191OA74;type1a;91,97,388,223;91,104,479,97,474,313,102,320;1;1;generator_v1;CC-BY-4.0;day,angle
images/synthetic/synth_03567.jpg;H721MB138;type1a;598,87,425,295;611,87,1023,135,1016,382,598,379;1;1;generator_v1;CC-BY-4.0;day,angle,glare,dirt
images/synthetic/synth_03568.jpg;B094BX50;type1a;544,259,516,366;568,259,1060,338,1006,625,544,530;1;1;generator_v1;CC-BY-4.0;day,angle,dirt
images/synthetic/synth_03569.jpg;Y298BA123;type1b;802,531,251,79;802,531,1049,553,1053,610,804,596;1;1;generator_v1;CC-BY-4.0;day,angle,glare
images/synthetic/synth_03570.jpg;X356CO66;type1a;781,281,228,146;781,298,1000,281,1009,416,791,427;1;1;generator_v1;CC-BY-4.0;day,angle,glare,dirt
images/synthetic/synth_03571.jpg;A267MT761;type1a;410,291,261,182;417,291,671,330,653,473,410,430;1;1;generator_v1;CC-BY-4.0;day,angle,motion_blur
images/synthetic/synth_03572.jpg;A577MB198;type1b;329,277,323,131;329,332,640,277,652,345,343,408;1;1;generator_v1;CC-BY-4.0;day,angle,dirt
images/synthetic/synth_03573.jpg;K183KO163;type1a;546,464,316,215;546,515,830,464,862,628,567,679;1;1;generator_v1;CC-BY-4.0;day,angle,glare,dirt
images/synthetic/synth_03574.jpg;O538TC61;type1a;209,267,493,301;209,316,696,267,702,524,254,568;1;1;generator_v1;CC-BY-4.0;day,angle,glare,dirt
images/synthetic/synth_03575.jpg;O002HY761;type1;608,141,426,111;608,141,1030,146,1034,239,611,252;1;1;generator_v1;CC-BY-4.0;day,angle,glare,dirt
images/synthetic/synth_03576.jpg;O931MM716;type1b;247,510,440,181;268,510,687,599,670,691,247,618;1;1;generator_v1;CC-BY-4.0;day,angle,glare,dirt
images/synthetic/synth_03577.jpg;M563MP23;type1b;558,446,230,85;558,473,770,446,788,496,576,531;1;1;generator_v1;CC-BY-4.0;day,angle
images/synthetic/synth_03578.jpg;E534OM190;type1b;627,210,195,76;627,238,807,210,822,253,643,286;1;1;generator_v1;CC-BY-4.0;day,angle,motion_blur
images/synthetic/synth_03579.jpg;A598PH761;type1a;474,162,320,227;496,162,794,217,761,389,474,329;1;1;generator_v1;CC-BY-4.0;day,angle,dirt
images/synthetic/synth_03580.jpg;O063MT763;type1b;536,16,436,178;557,16,972,105,952,194,536,120;1;1;generator_v1;CC-BY-4.0;day,angle,glare,dirt
images/synthetic/synth_03581.jpg;M775EP50;type1b;840,573,333,121;840,626,1159,573,1173,649,855,694;1;1;generator_v1;CC-BY-4.0;day,angle
images/synthetic/synth_03582.jpg;P721AO52;type1;705,458,378,112;705,474,1072,458,1083,539,715,570;1;1;generator_v1;CC-BY-4.0;day,angle,glare,motion_blur
images/synthetic/synth_03583.jpg;A665YA25;type1a;221,112,460,280;223,112,681,115,674,392,221,374;1;1;generator_v1;CC-BY-4.0;day,angle,glare,dirt,motion_blur
images/synthetic/synth_03584.jpg;O717KX716;type1;445,417,441,170;472,417,886,485,862,587,445,504;1;1;generator_v1;CC-BY-4.0;day,angle,glare
images/synthetic/synth_03585.jpg;P744HH774;type1;715,218,329,113;727,218,1044,240,1031,331,715,293;1;1;generator_v1;CC-BY-4.0;day,angle,dirt
images/synthetic/synth_03586.jpg;T377PT196;type1b;643,566,242,103;647,566,885,610,878,669,643,620;1;1;generator_v1;CC-BY-4.0;day,angle
images/synthetic/synth_03587.jpg;O489PX02;type1;638,31,502,157;638,80,1126,31,1140,132,649,188;1;1;generator_v1;CC-BY-4.0;day,angle
images/synthetic/synth_03588.jpg;T834EK61;type1;152,79,418,111;152,98,564,79,570,166,157,190;1;1;generator_v1;CC-BY-4.0;day,angle,dirt
images/synthetic/synth_03589.jpg;O468YC702;type1a;167,236,207,133;182,236,374,262,354,369,167,346;1;1;generator_v1;CC-BY-4.0;day,angle,motion_blur
images/synthetic/synth_03590.jpg;X060CT97;type1a;331,38,242,147;331,38,570,48,573,185,343,168;1;1;generator_v1;CC-BY-4.0;day,angle,glare,dirt,motion_blur
images/synthetic/synth_03591.jpg;P379YH797;type1;699,236,291,121;721,236,990,297,968,357,699,306;1;1;generator_v1;CC-BY-4.0;day,angle,glare,dirt
images/synthetic/synth_03592.jpg;T467HK774;type1a;814,412,195,135;832,412,1009,439,991,547,814,516;1;1;generator_v1;CC-BY-4.0;day,angle,dirt,motion_blur
images/synthetic/synth_03593.jpg;M304HT178;type1b;798,624,242,56;798,630,1038,624,1040,678,802,680;1;1;generator_v1;CC-BY-4.0;day,angle,motion_blur
images/synthetic/synth_03594.jpg;E129KH97;type1a;174,69,503,360;216,69,677,158,652,429,174,377;1;1;generator_v1;CC-BY-4.0;day,angle,dirt
images/synthetic/synth_03595.jpg;M338AE125;type1b;423,53,462,173;456,53,885,127,860,226,423,137;1;1;generator_v1;CC-BY-4.0;day,angle,glare,dirt
images/synthetic/synth_03596.jpg;T318EY66;type1a;184,129,512,338;258,129,696,209,655,467,184,370;1;1;generator_v1;CC-BY-4.0;day,angle
images/synthetic/synth_03597.jpg;A038BC193;type1a;218,347,238,144;218,353,421,347,456,471,249,491;1;1;generator_v1;CC-BY-4.0;day,angle
images/synthetic/synth_03598.jpg;C241AX154;type1;502,78,341,82;505,90,841,78,843,152,502,160;1;1;generator_v1;CC-BY-4.0;day,angle,glare
images/synthetic/synth_03599.jpg;Y128HO750;type1b;286,332,490,152;295,332,776,385,760,484,286,436;1;1;generator_v1;CC-BY-4.0;day,angle
images/synthetic/synth_03600.jpg;X887TH777;type1a;798,453,237,157;798,453,1026,467,1035,609,803,610;1;1;generator_v1;CC-BY-4.0;day,angle
images/synthetic/synth_03601.jpg;T137KP193;type1b;95,545,280,82;99,567,375,545,375,611,95,627;1;1;generator_v1;CC-BY-4.0;day,angle,dirt
images/synthetic/synth_03602.jpg;M135KY761;type1a;729,332,354,203;729,352,1071,332,1083,527,757,535;1;1;generator_v1;CC-BY-4.0;day,angle
images/synthetic/synth_03603.jpg;B562KC161;type1b;560,536,482,146;560,589,1036,536,1042,633,579,682;1;1;generator_v1;CC-BY-4.0;day,angle,glare
images/synthetic/synth_03604.jpg;T890YK797;type1a;847,166,300,194;848,181,1147,166,1132,330,847,360;1;1;generator_v1;CC-BY-4.0;day,angle,glare
images/synthetic/synth_03605.jpg;B265AT99;type1b;192,543,395,126;202,543,587,588,578,669,192,629;1;1;generator_v1;CC-BY-4.0;day,angle,dirt
images/synthetic/synth_03606.jpg;C333YX50;type1;389,22,186,58;392,22,575,43,569,80,389,58;1;1;generator_v1;CC-BY-4.0;day,angle
images/synthetic/synth_03607.jpg;X679PT154;type1a;59,267,200,124;59,277,259,267,257,378,63,391;1;1;generator_v1;CC-BY-4.0;day,angle,glare
images/synthetic/synth_03608.jpg;C587TT190;type1a;667,116,522,364;726,116,1189,208,1151,480,667,393;1;1;generator_v1;CC-BY-4.0;day,angle
images/synthetic/synth_03609.jpg;T026MA138;type1;448,252,320,117;448,297,756,252,768,337,459,369;1;1;generator_v1;CC-BY-4.0;day,angle,dirt
images/synthetic/synth_03610.jpg;T581HK797;type1b;244,391,223,75;244,422,459,391,467,436,254,466;1;1;generator_v1;CC-BY-4.0;day,angle,glare,motion_blur
images/synthetic/synth_03611.jpg;E743CP154;type1b;743,225,262,73;743,243,995,225,1005,276,750,298;1;1;generator_v1;CC-BY-4.0;day,angle
images/synthetic/synth_03612.jpg;K647CA96;type1a;570,452,315,228;570,486,873,452,885,630,590,680;1;1;generator_v1;CC-BY-4.0;day,angle
images/synthetic/synth_03613.jpg;B278XK197;type1b;319,172,193,78;319,209,503,172,512,211,327,250;1;1;generator_v1;CC-BY-4.0;day,angle,dirt
images/synthetic/synth_03614.jpg;H692OT63;type1b;128,503,263,111;128,556,386,503,391,558,136,614;1;1;generator_v1;CC-BY-4.0;day,angle,glare,dirt
images/synthetic/synth_03615.jpg;B106HH98;type1a;89,287,429,279;89,334,494,287,518,525,118,566;1;1;generator_v1;CC-BY-4.0;day,angle,glare
images/synthetic/synth_03616.jpg;P154EM23;type1b;614,39,369,145;636,39,983,107,964,184,614,109;1;1;generator_v1;CC-BY-4.0;day,angle
images/synthetic/synth_03617.jpg;E786AM777;type1b;405,554,318,94;411,554,723,581,719,648,405,625;1;1;generator_v1;CC-BY-4.0;day,angle,glare
images/synthetic/synth_03618.jpg;E454CX93;type1b;490,546,333,131;505,546,823,602,810,677,490,638;1;1;generator_v1;CC-BY-4.0;day,angle
images/synthetic/synth_03619.jpg;B444OA774;type1a;525,177,440,301;571,177,965,237,925,478,525,404;1;1;generator_v1;CC-BY-4.0;day,angle
images/synthetic/synth_03620.jpg;H464OT790;type1b;737,238,314,96;737,261,1045,238,1051,305,744,334;1;1;generator_v1;CC-BY-4.0;day,angle,motion_blur
images/synthetic/synth_03621.jpg;P920XT761;type1b;689,495,193,74;701,495,882,531,872,569,689,531;1;1;generator_v1;CC-BY-4.0;day,angle
images/synthetic/synth_03622.jpg;A836KH138;type1a;761,94,228,130;761,98,988,94,989,221,769,224;1;1;generator_v1;CC-BY-4.0;day,angle,dirt
images/synthetic/synth_03623.jpg;B924XA199;type1a;456,64,279,187;456,75,735,64,731,226,459,251;1;1;generator_v1;CC-BY-4.0;day,angle,glare,dirt
images/synthetic/synth_03624.jpg;T719OK93;type1a;799,134,309,197;813,134,1108,160,1091,331,799,305;1;1;generator_v1;CC-BY-4.0;day,angle,glare
images/synthetic/synth_03625.jpg;C245AA74;type1b;663,159,349,107;663,187,1006,159,1012,252,669,266;1;1;generator_v1;CC-BY-4.0;day,angle,glare
images/synthetic/synth_03626.jpg;H660PH761;type1b;486,465,461,174;486,526,936,465,947,561,503,639;1;1;generator_v1;CC-BY-4.0;day,angle,glare,dirt
images/synthetic/synth_03627.jpg;O409MA178;type1a;375,170,311,234;408,170,686,224,657,404,375,379;1;1;generator_v1;CC-BY-4.0;day,angle,dirt
images/synthetic/synth_03628.jpg;P972ME199;type1b;146,395,334,94;146,395,470,408,480,485,154,489;1;1;generator_v1;CC-BY-4.0;day,angle,glare
images/synthetic/synth_03629.jpg;Y335TB116;type1b;392,555,338,115;394,555,729,590,730,670,392,652;1;1;generator_v1;CC-BY-4.0;day,angle,motion_blur
images/synthetic/synth_03630.jpg;T355CE161;type1b;201,179,360,147;201,253,548,179,561,253,218,326;1;1;generator_v1;CC-BY-4.0;day,angle
images/synthetic/synth_03631.jpg;A441AE125;type1a;715,85,328,195;744,85,1043,122,1001,280,715,258;1;1;generator_v1;CC-BY-4.0;day,angle,glare,dirt
images/synthetic/synth_03632.jpg;Y834TA138;type1a;114,168,246,153;125,168,360,168,343,307,114,321;1;1;generator_v1;CC-BY-4.0;day,angle,glare
images/synthetic/synth_03633.jpg;H796PT93;type1a;260,206,333,217;260,257,561,206,593,385,300,423;1;1;generator_v1;CC-BY-4.0;day,angle
images/synthetic/synth_03634.jpg;X663CT750;type1a;576,267,334,218;581,267,910,304,888,485,576,444;1;1;generator_v1;CC-BY-4.0;day,angle,glare
images/synthetic/synth_03635.jpg;H221AB177;type1a;366,123,344,265;366,182,696,123,710,360,367,388;1;1;generator_v1;CC-BY-4.0;day,angle
images/synthetic/synth_03636.jpg;X082HP98;type1a;488,160,346,305;498,160,828,244,834,465,488,430;1;1;generator_v1;CC-BY-4.0;day,angle,dirt
images/synthetic/synth_03637.jpg;A794HC138;type1;350,389,380,119;352,433,723,389,730,469,350,508;1;1;generator_v1;CC-BY-4.0;day,angle,glare
images/synthetic/synth_03638.jpg;X754PB763;type1;550,155,395,108;560,155,945,155,937,263,550,243;1;1;generator_v1;CC-BY-4.0;day,angle,glare,dirt
images/synthetic/synth_03639.jpg;C186YP125;type1;194,329,320,88;194,329,507,336,514,417,206,399;1;1;generator_v1;CC-BY-4.0;day,angle
images/synthetic/synth_03640.jpg;P743KC116;type1b;447,543,273,86;457,543,720,575,708,629,447,601;1;1;generator_v1;CC-BY-4.0;day,angle,glare,dirt
images/synthetic/synth_03641.jpg;B433XB25;type1a;357,134,380,251;357,184,683,134,737,382,414,385;1;1;generator_v1;CC-BY-4.0;day,angle,glare,motion_blur
images/synthetic/synth_03642.jpg;Y094MT123;type1;234,385,434,105;248,385,668,400,647,486,234,490;1;1;generator_v1;CC-BY-4.0;day,angle
images/synthetic/synth_03643.jpg;X569EB77;type1;217,554,220,87;227,554,437,596,427,641,217,602;1;1;generator_v1;CC-BY-4.0;day,angle,dirt
images/synthetic/synth_03644.jpg;K428EC66;type1b;658,160,339,122;675,160,997,215,977,282,658,236;1;1;generator_v1;CC-BY-4.0;day,angle
images/synthetic/synth_03645.jpg;Y064MX774;type1a;967,175,183,116;973,175,1150,183,1144,291,967,279;1;1;generator_v1;CC-BY-4.0;day,angle
images/synthetic/synth_03646.jpg;B013XX63;type1a;549,530,226,150;549,544,764,530,775,680,561,680;1;1;generator_v1;CC-BY-4.0;day,angle
images/synthetic/synth_03647.jpg;E214YC97;type1;438,211,441,190;460,211,879,287,853,401,438,303;1;1;generator_v1;CC-BY-4.0;day,angle
images/synthetic/synth_03648.jpg;A137AM96;type1a;1048,543,187,124;1048,565,1227,543,1235,647,1051,667;1;1;generator_v1;CC-BY-4.0;day,angle
images/synthetic/synth_03649.jpg;Y889OA750;type1b;719,329,253,76;730,329,972,356,959,405,719,383;1;1;generator_v1;CC-BY-4.0;day,angle,glare
images/synthetic/synth_03650.jpg;K516TM123;type1a;781,467,205,143;781,468,983,467,986,610,786,598;1;1;generator_v1;CC-BY-4.0;day,angle
images/synthetic/synth_03651.jpg;E689XM52;type1b;119,25,413,138;119,45,526,25,532,119,128,163;1;1;generator_v1;CC-BY-4.0;day,angle
images/synthetic/synth_03652.jpg;H428CM98;type1b;675,210,391,133;675,260,1045,210,1066,285,690,343;1;1;generator_v1;CC-BY-4.0;day,angle,motion_blur
images/synthetic/synth_03653.jpg;C058TO138;type1;130,126,251,108;131,126,381,163,377,234,130,187;1;1;generator_v1;CC-BY-4.0;day,angle
images/synthetic/synth_03654.jpg;E771OX123;type1;328,30,405,126;336,40,733,30,721,121,328,156;1;1;generator_v1;CC-BY-4.0;day,angle,glare,dirt
images/synthetic/synth_03655.jpg;A374TM63;type1a;622,202,433,266;622,223,1043,202,1055,455,626,468;1;1;generator_v1;CC-BY-4.0;day,angle,glare,dirt
images/synthetic/synth_03656.jpg;Y298XY66;type1b;381,396,234,66;381,415,611,396,615,443,381,462;1;1;generator_v1;CC-BY-4.0;day,angle,glare,dirt,motion_blur
images/synthetic/synth_03657.jpg;O691EE66;type1b;887,138,258,86;899,138,1145,173,1137,224,887,187;1;1;generator_v1;CC-BY-4.0;day,angle
images/synthetic/synth_03658.jpg;B961BT774;type1a;203,260,475,292;216,260,663,296,678,552,203,539;1;1;generator_v1;CC-BY-4.0;day,angle,glare
images/synthetic/synth_03659.jpg;E025TA178;type1a;462,320,320,239;480,320,782,380,780,559,462,516;1;1;generator_v1;CC-BY-4.0;day,angle,dirt
images/synthetic/synth_03660.jpg;A097PY154;type1b;489,505,388,120;489,545,870,505,877,588,499,625;1;1;generator_v1;CC-BY-4.0;day,angle,dirt
images/synthetic/synth_03661.jpg;O481YA763;type1b;490,241,185,72;490,275,665,241,675,277,499,313;1;1;generator_v1;CC-BY-4.0;day,angle
images/synthetic/synth_03662.jpg;X226CH116;type1a;550,487,291,170;570,487,841,492,812,645,550,657;1;1;generator_v1;CC-BY-4.0;day,angle,dirt,motion_blur
images/synthetic/synth_03663.jpg;C576CC190;type1;505,495,432,169;539,495,937,561,905,664,505,578;1;1;generator_v1;CC-BY-4.0;day,angle
images/synthetic/synth_03664.jpg;E429YY77;type1b;106,243,322,91;110,243,428,266,423,334,106,310;1;1;generator_v1;CC-BY-4.0;day,angle,motion_blur
images/synthetic/synth_03665.jpg;C185PC50;type1;562,98,162,54;567,98,724,116,719,152,562,137;1;1;generator_v1;CC-BY-4.0;day,angle
images/synthetic/synth_03666.jpg;Y105OC150;type1a;795,353,218,168;795,353,1013,354,1012,521,796,500;1;1;generator_v1;CC-BY-4.0;day,angle,dirt
images/synthetic/synth_03667.jpg;O936TH52;type1a;660,143,475,341;682,143,1135,218,1086,484,660,392;1;1;generator_v1;CC-BY-4.0;day,angle,glare,dirt
images/synthetic/synth_03668.jpg;K679PK750;type1b;444,526,367,113;444,562,796,526,811,597,454,639;1;1;generator_v1;CC-BY-4.0;day,angle,glare
images/synthetic/synth_03669.jpg;O202PA761;type1a;487,126,387,267;487,186,854,126,874,328,525,393;1;1;generator_v1;CC-BY-4.0;day,angle,glare
images/synthetic/synth_03670.jpg;M818XM90;type1a;700,279,373,259;700,314,1038,279,1073,478,735,538;1;1;generator_v1;CC-BY-4.0;day,angle,glare,dirt
images/synthetic/synth_03671.jpg;M817XP797;type1a;772,143,432,293;772,207,1163,143,1204,412,817,436;1;1;generator_v1;CC-BY-4.0;day,angle,glare,dirt
images/synthetic/synth_03672.jpg;E084MX66;type1b;498,317,159,54;498,317,653,330,657,371,503,355;1;1;generator_v1;CC-BY-4.0;day,angle,motion_blur
images/synthetic/synth_03673.jpg;B686PP154;type1b;852,314,207,66;852,341,1050,314,1059,355,863,380;1;1;generator_v1;CC-BY-4.0;day,angle,glare,dirt
images/synthetic/synth_03674.jpg;B209HK78;type1a;387,103,357,267;387,104,738,103,744,370,404,323;1;1;generator_v1;CC-BY-4.0;day,angle,glare,dirt
images/synthetic/synth_03675.jpg;P225OA790;type1b;555,464,466,172;555,540,1005,464,1021,575,568,636;1;1;generator_v1;CC-BY-4.0;day,angle
images/synthetic/synth_03676.jpg;M804HC177;type1b;241,459,316,76;245,459,554,473,557,535,241,522;1;1;generator_v1;CC-BY-4.0;day,angle
images/synthetic/synth_03677.jpg;E794HT777;type1b;688,183,214,60;690,183,902,199,899,243,688,227;1;1;generator_v1;CC-BY-4.0;day,angle,glare
images/synthetic/synth_03678.jpg;T858EA198;type1b;553,453,217,84;553,453,768,484,770,537,554,514;1;1;generator_v1;CC-BY-4.0;day,angle
images/synthetic/synth_03679.jpg;P109XY97;type1a;401,85,201,153;419,85,602,98,582,238,401,210;1;1;generator_v1;CC-BY-4.0;day,angle
images/synthetic/synth_03680.jpg;T613BK702;type1b;643,314,289,95;643,348,923,314,932,374,651,409;1;1;generator_v1;CC-BY-4.0;day,angle,motion_blur
images/synthetic/synth_03681.jpg;T182CM52;type1;937,228,230,53;938,228,1167,234,1167,281,937,277;1;1;generator_v1;CC-BY-4.0;day,angle,dirt
images/synthetic/synth_03682.jpg;K535KK193;type1;479,495,375,117;496,495,854,525,841,612,479,570;1;1;generator_v1;CC-BY-4.0;day,angle
images/synthetic/synth_03683.jpg;X751BM25;type1a;181,51,430,295;181,125,566,51,611,305,230,346;1;1;generator_v1;CC-BY-4.0;day,angle
images/synthetic/synth_03684.jpg;K327XY96;type1;361,124,473,175;361,195,806,124,834,214,382,299;1;1;generator_v1;CC-BY-4.0;day,angle,motion_blur
images/synthetic/synth_03685.jpg;Y186CB16;type1b;229,399,341,144;229,471,548,399,570,484,249,543;1;1;generator_v1;CC-BY-4.0;day,angle
images/synthetic/synth_03686.jpg;K761CO150;type1a;232,181,362,290;233,245,584,181,594,455,232,471;1;1;generator_v1;CC-BY-4.0;day,angle,dirt,motion_blur
images/synthetic/synth_03687.jpg;A314PM52;type1a;74,355,236,165;74,395,294,355,310,478,97,520;1;1;generator_v1;CC-BY-4.0;day,angle,glare
images/synthetic/synth_03688.jpg;E389PA93;type1;262,325,272,75;262,335,531,325,534,400,265,399;1;1;generator_v1;CC-BY-4.0;day,angle,glare,dirt,motion_blur
images/synthetic/synth_03689.jpg;E037XP90;type1b;768,481,332,113;770,481,1100,515,1094,594,768,553;1;1;generator_v1;CC-BY-4.0;day,angle,glare
images/synthetic/synth_03690.jpg;Y636TM178;type1b;677,263,462,177;696,263,1139,342,1121,440,677,355;1;1;generator_v1;CC-BY-4.0;day,angle
images/synthetic/synth_03691.jpg;H401YP52;type1a;112,488,189,128;156,488,301,524,258,616,112,591;1;1;generator_v1;CC-BY-4.0;day,angle,motion_blur
images/synthetic/synth_03692.jpg;K560CT96;type1;718,291,243,88;719,319,960,291,961,361,718,379;1;1;generator_v1;CC-BY-4.0;day,angle
images/synthetic/synth_03693.jpg;M258MC125;type1;705,466,342,123;705,520,1035,466,1047,538,717,589;1;1;generator_v1;CC-BY-4.0;day,angle,dirt,motion_blur
images/synthetic/synth_03694.jpg;A255AP97;type1;718,175,346,85;718,184,1057,175,1064,260,728,258;1;1;generator_v1;CC-BY-4.0;day,angle,glare
images/synthetic/synth_03695.jpg;P741BT93;type1b;480,297,243,88;480,339,708,297,723,347,497,385;1;1;generator_v1;CC-BY-4.0;day,angle
images/synthetic/synth_03696.jpg;B728BH716;type1a;109,134,252,159;109,134,361,146,357,293,112,275;1;1;generator_v1;CC-BY-4.0;day,angle
images/synthetic/synth_03697.jpg;T175EP25;type1;402,418,355,125;424,418,757,475,733,543,402,499;1;1;generator_v1;CC-BY-4.0;day,angle,glare
images/synthetic/synth_03698.jpg;X185OT761;type1;675,3,500,167;675,69,1163,3,1175,107,692,170;1;1;generator_v1;CC-BY-4.0;day,angle
images/synthetic/synth_03699.jpg;Y327CE123;type1b;532,281,394,84;532,284,926,281,923,361,536,365;1;1;generator_v1;CC-BY-4.0;day,angle
images/synthetic/synth_03700.jpg;H737XX50;type1b;634,8,346,131;656,8,980,68,958,139,634,92;1;1;generator_v1;CC-BY-4.0;day,angle,motion_blur
images/synthetic/synth_03701.jpg;K157KO63;type1b;522,352,240,60;532,352,762,356,750,408,522,412;1;1;generator_v1;CC-BY-4.0;day,angle,motion_blur
images/synthetic/synth_03702.jpg;E025XO799;type1;270,526,464,150;270,583,722,526,734,629,286,676;1;1;generator_v1;CC-BY-4.0;day,angle,glare,motion_blur
images/synthetic/synth_03703.jpg;Y211MX198;type1;396,532,428,108;396,532,824,532,824,640,398,625;1;1;generator_v1;CC-BY-4.0;day,angle,glare
images/synthetic/synth_03704.jpg;O335PB90;type1b;706,44,187,72;713,44,893,78,886,116,706,82;1;1;generator_v1;CC-BY-4.0;day,angle
images/synthetic/synth_03705.jpg;A371YX138;type1a;127,239,303,207;153,239,430,288,399,446,127,400;1;1;generator_v1;CC-BY-4.0;day,angle
images/synthetic/synth_03706.jpg;Y099HT193;type1;340,83,394,112;345,83,734,92,729,195,340,169;1;1;generator_v1;CC-BY-4.0;day,angle,glare,dirt
images/synthetic/synth_03707.jpg;Y929CC97;type1a;204,146,260,155;215,161,464,146,463,293,204,301;1;1;generator_v1;CC-BY-4.0;day,angle
images/synthetic/synth_03708.jpg;X694YC154;type1b;529,531,209,64;529,548,734,531,738,575,533,595;1;1;generator_v1;CC-BY-4.0;day,angle,dirt
images/synthetic/synth_03709.jpg;M595MH16;type1b;572,76,471,103;577,76,1043,78,1026,169,572,179;1;1;generator_v1;CC-BY-4.0;day,angle,dirt,motion_blur
images/synthetic/synth_03710.jpg;B028CC190;type1;889,487,283,91;898,487,1172,506,1163,578,889,550;1;1;generator_v1;CC-BY-4.0;day,angle,motion_blur
images/synthetic/synth_03711.jpg;K026CP761;type1b;287,512,269,104;301,512,556,553,542,616,287,569;1;1;generator_v1;CC-BY-4.0;day,angle,motion_blur
images/synthetic/synth_03712.jpg;H956BO96;type1b;518,145,443,96;518,150,961,145,956,234,522,241;1;1;generator_v1;CC-BY-4.0;day,angle
images/synthetic/synth_03713.jpg;K207HA102;type1;345,133,281,66;345,143,626,133,624,189,348,199;1;1;generator_v1;CC-BY-4.0;day,angle,glare,motion_blur
images/synthetic/synth_03714.jpg;O843XB116;type1b;467,169,452,153;488,169,919,231,909,322,467,255;1;1;generator_v1;CC-BY-4.0;day,angle,motion_blur
images/synthetic/synth_03715.jpg;E118PE178;type1b;96,346,334,92;96,372,426,346,430,414,106,438;1;1;generator_v1;CC-BY-4.0;day,angle,glare
images/synthetic/synth_03716.jpg;H187OY763;type1;458,234,340,110;467,234,798,274,791,344,458,307;1;1;generator_v1;CC-BY-4.0;day,angle,glare
images/synthetic/synth_03717.jpg;O694CY50;type1b;520,634,253,85;520,663,756,634,773,687,536,719;1;1;generator_v1;CC-BY-4.0;day,angle,dirt
images/synthetic/synth_03718.jpg;Y606HX163;type1b;824,541,327,125;845,541,1151,599,1129,666,824,620;1;1;generator_v1;CC-BY-4.0;day,angle,glare
images/synthetic/synth_03719.jpg;O626BY799;type1a;831,198,375,228;859,214,1206,198,1193,426,831,416;1;1;generator_v1;CC-BY-4.0;day,angle,glare,dirt,motion_blur
images/synthetic/synth_03720.jpg;O890KT61;type1b;788,476,337,130;809,476,1125,531,1105,606,788,568;1;1;generator_v1;CC-BY-4.0;day,angle,glare
images/synthetic/synth_03721.jpg;C979OX97;type1b;704,56,395,117;710,70,1099,56,1087,141,704,173;1;1;generator_v1;CC-BY-4.0;day,angle,glare
images/synthetic/synth_03722.jpg;X683HX90;type1;825,429,268,68;839,429,1093,441,1077,497,825,494;1;1;generator_v1;CC-BY-4.0;day,angle,motion_blur
images/synthetic/synth_03723.jpg;C834YH102;type1b;438,128,354,148;438,203,776,128,792,210,452,276;1;1;generator_v1;CC-BY-4.0;day,angle,glare
images/synthetic/synth_03724.jpg;T936KY152;type1a;284,146,451,251;294,146,735,165,695,394,284,397;1;1;generator_v1;CC-BY-4.0;day,angle,glare,dirt
images/synthetic/synth_03725.jpg;T526XA774;type1b;109,4,348,157;109,67,448,4,457,83,124,161;1;1;generator_v1;CC-BY-4.0;day,angle
images/synthetic/synth_03726.jpg;K912AE763;type1;146,393,285,109;146,441,417,393,431,462,159,502;1;1;generator_v1;CC-BY-4.0;day,angle,glare
images/synthetic/synth_03727.jpg;P732OA16;type1;623,633,189,43;626,636,812,633,809,675,623,676;1;1;generator_v1;CC-BY-4.0;day,angle
images/synthetic/synth_03728.jpg;C614MA197;type1a;211,349,462,351;211,378,616,349,673,601,275,700;1;1;generator_v1;CC-BY-4.0;day,angle
images/synthetic/synth_03729.jpg;H765XK177;type1b;252,87,206,65;252,110,453,87,458,131,257,152;1;1;generator_v1;CC-BY-4.0;day,angle
images/synthetic/synth_03730.jpg;C373BC190;type1;106,399,248,90;118,399,354,435,341,489,106,461;1;1;generator_v1;CC-BY-4.0;day,angle,dirt
images/synthetic/synth_03731.jpg;X547OM50;type1;971,166,234,76;971,195,1201,166,1205,212,977,242;1;1;generator_v1;CC-BY-4.0;day,angle,glare
images/synthetic/synth_03732.jpg;A197EC761;type1b;848,357,268,79;848,378,1113,357,1116,413,853,436;1;1;generator_v1;CC-BY-4.0;day,angle
images/synthetic/synth_03733.jpg;O358TP193;type1b;169,219,445,180;180,219,611,308,614,399,169,324;1;1;generator_v1;CC-BY-4.0;day,angle,glare
images/synthetic/synth_03734.jpg;P655TC198;type1a;627,265,209,135;627,289,821,265,836,376,637,400;1;1;generator_v1;CC-BY-4.0;day,angle,glare
images/synthetic/synth_03735.jpg;T269XK123;type1;82,219,240,90;82,258,304,219,322,265,99,309;1;1;generator_v1;CC-BY-4.0;day,angle
images/synthetic/synth_03736.jpg;A416HB23;type1a;543,439,323,222;543,490,837,439,866,616,571,661;1;1;generator_v1;CC-BY-4.0;day,angle,glare,dirt,motion_blur
images/synthetic/synth_03737.jpg;T185PT102;type1b;896,154,230,58;896,164,1123,154,1126,202,897,212;1;1;generator_v1;CC-BY-4.0;day,angle,glare,dirt
images/synthetic/synth_03738.jpg;Y294CA702;type1b;725,436,166,44;732,440,891,436,884,480,725,480;1;1;generator_v1;CC-BY-4.0;day,angle
images/synthetic/synth_03739.jpg;H463XE774;type1b;316,388,315,77;324,388,631,397,620,464,316,465;1;1;generator_v1;CC-BY-4.0;day,angle
images/synthetic/synth_03740.jpg;A868PC161;type1b;801,597,207,81;801,629,1008,597,1007,643,802,678;1;1;generator_v1;CC-BY-4.0;day,angle
images/synthetic/synth_03741.jpg;H860XB99;type1;616,290,241,65;618,297,857,290,853,342,616,355;1;1;generator_v1;CC-BY-4.0;day,angle
images/synthetic/synth_03742.jpg;B617MP702;type1;146,172,387,135;159,172,533,225,521,307,146,251;1;1;generator_v1;CC-BY-4.0;day,angle,dirt,motion_blur
images/synthetic/synth_03743.jpg;X346AY190;type1a;665,114,450,342;700,114,1115,204,1099,456,665,411;1;1;generator_v1;CC-BY-4.0;day,angle,glare
images/synthetic/synth_03744.jpg;O741AY199;type1a;850,56,283,187;850,85,1114,56,1133,209,869,243;1;1;generator_v1;CC-BY-4.0;day,angle,glare,dirt
images/synthetic/synth_03745.jpg;P406PX197;type1;630,257,365,137;642,257,995,316,986,394,630,346;1;1;generator_v1;CC-BY-4.0;day,angle,dirt
images/synthetic/synth_03746.jpg;A911PK138;type1b;273,312,254,110;275,352,527,312,521,372,273,422;1;1;generator_v1;CC-BY-4.0;day,angle,glare
images/synthetic/synth_03747.jpg;T553KT77;type1a;511,344,396,260;511,349,879,344,907,604,555,563;1;1;generator_v1;CC-BY-4.0;day,angle,dirt
images/synthetic/synth_03748.jpg;H310XE77;type1b;943,432,192,57;947,432,1135,452,1129,489,943,470;1;1;generator_v1;CC-BY-4.0;day,angle
images/synthetic/synth_03749.jpg;M252CX177;type1b;626,341,293,109;642,341,919,391,902,450,626,408;1;1;generator_v1;CC-BY-4.0;day,angle
images/synthetic/synth_03750.jpg;C887KO716;type1a;118,295,234,158;144,295,352,296,327,453,118,433;1;1;generator_v1;CC-BY-4.0;day,angle,glare
images/synthetic/synth_03751.jpg;C723CX38;type1b;621,548,395,112;621,548,1015,553,1016,660,624,636;1;1;generator_v1;CC-BY-4.0;day,angle,glare,dirt
images/synthetic/synth_03752.jpg;A608KA702;type1;427,366,491,165;427,433,901,366,918,466,431,531;1;1;generator_v1;CC-BY-4.0;day,angle
images/synthetic/synth_03753.jpg;X310YY716;type1a;467,8,436,301;467,86,859,8,903,251,514,309;1;1;generator_v1;CC-BY-4.0;day,angle,motion_blur
images/synthetic/synth_03754.jpg;O859EP799;type1b;633,405,170,41;633,408,803,405,803,445,634,446;1;1;generator_v1;CC-BY-4.0;day,angle
images/synthetic/synth_03755.jpg;X842AM99;type1;338,85,392,101;352,85,730,104,724,186,338,161;1;1;generator_v1;CC-BY-4.0;day,angle
images/synthetic/synth_03756.jpg;X166CO138;type1a;751,224,324,212;751,255,1057,224,1075,401,771,436;1;1;generator_v1;CC-BY-4.0;day,angle,glare,dirt
images/synthetic/synth_03757.jpg;Y295XX197;type1a;474,245,348,218;474,271,808,245,822,449,492,463;1;1;generator_v1;CC-BY-4.0;day,angle
images/synthetic/synth_03758.jpg;A481CY178;type1;616,366,362,155;616,443,964,366,978,454,625,521;1;1;generator_v1;CC-BY-4.0;day,angle,glare,motion_blur
images/synthetic/synth_03759.jpg;O186PB98;type1a;205,350,412,277;266,356,617,350,561,627,205,576;1;1;generator_v1;CC-BY-4.0;day,angle
images/synthetic/synth_03760.jpg;T829PX38;type1b;568,406,459,166;580,406,1027,474,1020,572,568,522;1;1;generator_v1;CC-BY-4.0;day,angle,dirt
images/synthetic/synth_03761.jpg;C630KY198;type1;91,485,450,146;102,485,541,538,532,631,91,592;1;1;generator_v1;CC-BY-4.0;day,angle,dirt
images/synthetic/synth_03762.jpg;K465AT93;type1a;584,478,274,181;584,527,827,478,858,618,622,659;1;1;generator_v1;CC-BY-4.0;day,angle,glare
images/synthetic/synth_03763.jpg;E603BB23;type1a;692,398,298,222;724,398,990,446,960,620,692,601;1;1;generator_v1;CC-BY-4.0;day,angle,glare,motion_blur
images/synthetic/synth_03764.jpg;T134AY116;type1a;178,357,424,337;232,357,602,407,538,694,178,588;1;1;generator_v1;CC-BY-4.0;day,angle,glare,dirt,motion_blur
images/synthetic/synth_03765.jpg;P648EB125;type1a;771,135,309,242;771,175,1062,135,1080,313,798,377;1;1;generator_v1;CC-BY-4.0;day,angle,dirt
images/synthetic/synth_03766.jpg;B484XB16;type1b;173,483,464,109;182,483,637,490,634,592,173,578;1;1;generator_v1;CC-BY-4.0;day,angle
images/synthetic/synth_03767.jpg;C869CH763;type1;751,421,275,93;751,441,1017,421,1026,484,760,514;1;1;generator_v1;CC-BY-4.0;day,angle,glare,dirt,motion_blur
images/synthetic/synth_03768.jpg;Y907KM777;type1a;668,244,302,190;668,276,952,244,970,405,670,434;1;1;generator_v1;CC-BY-4.0;day,angle,dirt
images/synthetic/synth_03769.jpg;A323KA90;type1a;264,118,499,309;277,118,763,134,749,427,264,397;1;1;generator_v1;CC-BY-4.0;day,angle,motion_blur
images/synthetic/synth_03770.jpg;K083TB63;type1b;905,224,179,76;905,224,1084,253,1083,300,906,266;1;1;generator_v1;CC-BY-4.0;day,angle
images/synthetic/synth_03771.jpg;X945OO750;type1b;976,317,232,54;977,317,1208,322,1207,371,976,366;1;1;generator_v1;CC-BY-4.0;day,angle,glare
images/synthetic/synth_03772.jpg;A261AY77;type1a;668,258,263,185;697,258,931,297,902,443,668,422;1;1;generator_v1;CC-BY-4.0;day,angle,motion_blur
images/synthetic/synth_03773.jpg;C776KP66;type1b;332,433,404,148;332,433,735,472,736,581,340,522;1;1;generator_v1;CC-BY-4.0;day,angle,glare,motion_blur
images/synthetic/synth_03774.jpg;H128XB797;type1a;188,342,496,342;249,342,684,409,631,684,188,589;1;1;generator_v1;CC-BY-4.0;day,angle,glare,dirt
images/synthetic/synth_03775.jpg;Y826YA774;type1b;54,9,250,96;63,9,304,55,295,105,54,59;1;1;generator_v1;CC-BY-4.0;day,angle
images/synthetic/synth_03776.jpg;P603XX198;type1b;508,277,343,117;508,277,851,303,848,394,509,354;1;1;generator_v1;CC-BY-4.0;day,angle,dirt
images/synthetic/synth_03777.jpg;H240CX198;type1a;224,562,187,126;224,585,404,562,411,663,236,688;1;1;generator_v1;CC-BY-4.0;day,angle,glare
images/synthetic/synth_03778.jpg;E433KY77;type1b;227,535,416,173;260,535,643,624,611,708,227,642;1;1;generator_v1;CC-BY-4.0;day,angle,glare,dirt
images/synthetic/synth_03779.jpg;O925EC138;type1a;757,153,392,261;784,176,1149,153,1132,414,757,397;1;1;generator_v1;CC-BY-4.0;day,angle,glare
images/synthetic/synth_03780.jpg;Y825PK23;type1a;456,55,518,301;456,96,966,55,974,328,506,356;1;1;generator_v1;CC-BY-4.0;day,angle,dirt
images/synthetic/synth_03781.jpg;O251TP25;type1a;566,258,294,212;566,293,835,258,860,419,594,470;1;1;generator_v1;CC-BY-4.0;day,angle,dirt
images/synthetic/synth_03782.jpg;B444CP66;type1a;242,108,295,206;249,108,537,108,523,286,242,314;1;1;generator_v1;CC-BY-4.0;day,angle,glare,dirt
images/synthetic/synth_03783.jpg;E053OK199;type1;380,414,306,127;392,414,686,458,672,541,380,484;1;1;generator_v1;CC-BY-4.0;day,angle,dirt
images/synthetic/synth_03784.jpg;H720HP163;type1a;98,149,276,173;98,176,354,149,374,307,123,322;1;1;generator_v1;CC-BY-4.0;day,angle,dirt
images/synthetic/synth_03785.jpg;X221EM74;type1b;120,233,319,119;120,286,425,233,439,307,134,352;1;1;generator_v1;CC-BY-4.0;day,angle,motion_blur
images/synthetic/synth_03786.jpg;E523BE150;type1b;497,622,317,86;502,645,812,622,814,689,497,708;1;1;generator_v1;CC-BY-4.0;day,angle
images/synthetic/synth_03787.jpg;M333PK190;type1;443,37,455,158;443,111,870,37,898,142,478,195;1;1;generator_v1;CC-BY-4.0;day,angle
images/synthetic/synth_03788.jpg;C962XK199;type1;81,122,340,121;90,122,421,174,409,243,81,192;1;1;generator_v1;CC-BY-4.0;day,angle,dirt
images/synthetic/synth_03789.jpg;M217HB198;type1a;104,126,328,210;104,164,376,126,432,279,153,336;1;1;generator_v1;CC-BY-4.0;day,angle
images/synthetic/synth_03790.jpg;E496BX38;type1a;288,410,248,162;288,453,510,410,536,535,320,572;1;1;generator_v1;CC-BY-4.0;day,angle,dirt
images/synthetic/synth_03791.jpg;M807AA96;type1;727,376,442,158;735,376,1169,438,1155,534,727,467;1;1;generator_v1;CC-BY-4.0;day,angle,dirt
images/synthetic/synth_03792.jpg;T511OY163;type1;133,334,218,64;133,353,345,334,351,382,140,398;1;1;generator_v1;CC-BY-4.0;day,angle,glare,motion_blur
images/synthetic/synth_03793.jpg;O252KX61;type1;314,524,289,126;322,524,603,571,592,650,314,592;1;1;generator_v1;CC-BY-4.0;day,angle,dirt
images/synthetic/synth_03794.jpg;C345AA774;type1;281,586,213,55;285,586,494,599,488,641,281,630;1;1;generator_v1;CC-BY-4.0;day,angle,motion_blur
images/synthetic/synth_03795.jpg;Y369KY716;type1a;705,240,439,243;705,240,1144,248,1120,481,708,483;1;1;generator_v1;CC-BY-4.0;day,angle,glare
images/synthetic/synth_03796.jpg;P994OA763;type1a;403,61,268,168;407,61,671,87,655,229,403,202;1;1;generator_v1;CC-BY-4.0;day,angle
images/synthetic/synth_03797.jpg;Y955HT790;type1b;745,411,425,99;745,421,1169,411,1170,505,748,510;1;1;generator_v1;CC-BY-4.0;day,angle,motion_blur
images/synthetic/synth_03798.jpg;M701CX150;type1a;824,488,201,127;824,500,1017,488,1025,601,832,615;1;1;generator_v1;CC-BY-4.0;day,angle,glare
images/synthetic/synth_03799.jpg;T672HY52;type1b;188,251,363,149;188,325,538,251,551,334,196,400;1;1;generator_v1;CC-BY-4.0;day,angle
images/synthetic/synth_03800.jpg;T666OO790;type1a;373,281,418,308;415,313,791,281,756,589,373,554;1;1;generator_v1;CC-BY-4.0;day,angle,glare,dirt,motion_blur
images/synthetic/synth_03801.jpg;Y248TM98;type1b;235,500,453,115;238,500,679,526,688,615,235,596;1;1;generator_v1;CC-BY-4.0;day,angle
images/synthetic/synth_03802.jpg;M520CY702;type1a;175,402,451,275;186,402,626,421,615,677,175,659;1;1;generator_v1;CC-BY-4.0;day,angle,glare,dirt
images/synthetic/synth_03803.jpg;P135EC763;type1;996,105,206,64;996,119,1200,105,1202,152,999,169;1;1;generator_v1;CC-BY-4.0;day,angle,dirt
images/synthetic/synth_03804.jpg;C115PA99;type1a;802,125,347,237;802,174,1113,125,1149,305,833,362;1;1;generator_v1;CC-BY-4.0;day,angle,dirt
images/synthetic/synth_03805.jpg;H046TP178;type1;293,168,445,147;293,222,728,168,738,276,300,315;1;1;generator_v1;CC-BY-4.0;day,angle
images/synthetic/synth_03806.jpg;H690XX199;type1a;618,133,425,301;618,156,1039,133,1043,375,637,434;1;1;generator_v1;CC-BY-4.0;day,angle,glare,dirt
images/synthetic/synth_03807.jpg;T244BC90;type1b;185,611,319,93;190,611,504,620,499,704,185,683;1;1;generator_v1;CC-BY-4.0;day,angle
images/synthetic/synth_03808.jpg;A626PX63;type1a;608,324,440,308;670,324,1048,352,987,632,608,552;1;1;generator_v1;CC-BY-4.0;day,angle,dirt
images/synthetic/synth_03809.jpg;Y542KT777;type1a;578,369,459,320;641,369,1037,436,981,689,578,595;1;1;generator_v1;CC-BY-4.0;day,angle,glare,dirt
images/synthetic/synth_03810.jpg;Y810BY99;type1b;694,60,355,127;716,60,1049,114,1033,187,694,126;1;1;generator_v1;CC-BY-4.0;day,angle,glare,motion_blur
images/synthetic/synth_03811.jpg;Y403XA90;type1a;402,492,269,202;402,550,626,492,671,656,445,694;1;1;generator_v1;CC-BY-4.0;day,angle,dirt
images/synthetic/synth_03812.jpg;B743OO761;type1;917,24,294,112;928,24,1211,76,1201,136,917,86;1;1;generator_v1;CC-BY-4.0;day,angle,glare
images/synthetic/synth_03813.jpg;M151TA198;type1a;391,336,414,231;391,337,805,336,805,567,419,552;1;1;generator_v1;CC-BY-4.0;day,angle,dirt
images/synthetic/synth_03814.jpg;B368EY177;type1;400,445,404,113;400,474,798,445,804,530,406,558;1;1;generator_v1;CC-BY-4.0;day,angle,glare
images/synthetic/synth_03815.jpg;O430CA54;type1b;670,574,272,83;677,574,942,597,936,657,670,630;1;1;generator_v1;CC-BY-4.0;day,angle
images/synthetic/synth_03816.jpg;H729TO77;type1b;918,521,268,103;930,521,1186,564,1176,624,918,590;1;1;generator_v1;CC-BY-4.0;day,angle
images/synthetic/synth_03817.jpg;Y535BO716;type1a;263,281,185,123;263,299,442,281,448,390,266,404;1;1;generator_v1;CC-BY-4.0;day,angle,glare,dirt,motion_blur
images/synthetic/synth_03818.jpg;B880YH193;type1a;300,287,213,151;300,287,500,295,513,438,318,415;1;1;generator_v1;CC-BY-4.0;day,angle,dirt,motion_blur
images/synthetic/synth_03819.jpg;K135MO52;type1b;738,214,398,95;745,214,1135,229,1136,309,738,294;1;1;generator_v1;CC-BY-4.0;day,angle,glare
images/synthetic/synth_03820.jpg;A136AE198;type1a;519,135,497,310;519,165,1006,135,1016,411,544,445;1;1;generator_v1;CC-BY-4.0;day,angle,glare
images/synthetic/synth_03821.jpg;X131TH77;type1a;525,44,397,247;557,44,922,96,875,291,525,255;1;1;generator_v1;CC-BY-4.0;day,angle
images/synthetic/synth_03822.jpg;Y755EM61;type1b;626,537,318,67;626,537,944,539,943,604,631,600;1;1;generator_v1;CC-BY-4.0;day,angle
images/synthetic/synth_03823.jpg;B814CY174;type1b;96,487,260,81;105,487,356,513,347,568,96,549;1;1;generator_v1;CC-BY-4.0;day,angle,glare,motion_blur
images/synthetic/synth_03824.jpg;T914TM97;type1b;283,327,306,123;283,387,563,327,589,402,309,450;1;1;generator_v1;CC-BY-4.0;day,angle,dirt,motion_blur
images/synthetic/synth_03825.jpg;E829KC23;type1b;462,75,228,83;478,75,690,105,674,158,462,122;1;1;generator_v1;CC-BY-4.0;day,angle,motion_blur
images/synthetic/synth_03826.jpg;A732AH190;type1a;897,414,318,220;897,475,1187,414,1215,575,936,634;1;1;generator_v1;CC-BY-4.0;day,angle
images/synthetic/synth_03827.jpg;P801BP193;type1a;243,283,339,214;286,283,582,326,555,497,243,445;1;1;generator_v1;CC-BY-4.0;day,angle,glare,dirt
images/synthetic/synth_03828.jpg;H541YB93;type1;51,578,214,61;54,578,265,594,263,639,51,625;1;1;generator_v1;CC-BY-4.0;day,angle,glare,dirt
images/synthetic/synth_03829.jpg;E982KA93;type1a;98,233,387,266;104,233,485,250,473,477,98,499;1;1;generator_v1;CC-BY-4.0;day,angle,glare
images/synthetic/synth_03830.jpg;M069OK193;type1b;680,454,481,184;680,548,1146,454,1161,550,708,638;1;1;generator_v1;CC-BY-4.0;day,angle,glare,motion_blur
images/synthetic/synth_03831.jpg;P454HO174;type1;344,419,456,180;344,506,779,419,800,512,360,599;1;1;generator_v1;CC-BY-4.0;day,angle,glare
images/synthetic/synth_03832.jpg;M466MB777;type1a;480,438,225,126;480,450,683,438,705,562,507,564;1;1;generator_v1;CC-BY-4.0;day,angle,motion_blur
images/synthetic/synth_03833.jpg;T469TK97;type1b;913,228,278,95;926,228,1191,268,1177,323,913,289;1;1;generator_v1;CC-BY-4.0;day,angle
images/synthetic/synth_03834.jpg;A241AK78;type1b;839,20,308,89;839,44,1136,20,1147,96,852,109;1;1;generator_v1;CC-BY-4.0;day,angle
images/synthetic/synth_03835.jpg;K601KX150;type1b;57,105,189,50;57,105,244,114,246,155,57,149;1;1;generator_v1;CC-BY-4.0;day,angle,glare,dirt
images/synthetic/synth_03836.jpg;Y097PH198;type1b;222,2,277,80;222,23,494,2,499,64,226,82;1;1;generator_v1;CC-BY-4.0;day,angle,glare,dirt,motion_blur
images/synthetic/synth_03837.jpg;E497HO161;type1b;269,220,460,159;285,220,729,288,725,379,269,313;1;1;generator_v1;CC-BY-4.0;day,angle,glare
images/synthetic/synth_03838.jpg;C797KE50;type1b;47,455,184,52;47,462,228,455,231,497,50,507;1;1;generator_v1;CC-BY-4.0;day,angle,glare,dirt,motion_blur
images/synthetic/synth_03839.jpg;M820TK99;type1a;1018,527,180,117;1053,527,1198,542,1164,644,1018,620;1;1;generator_v1;CC-BY-4.0;day,angle,motion_blur
images/synthetic/synth_03840.jpg;P819EH799;type1b;267,216,402,139;267,240,665,216,669,308,274,355;1;1;generator_v1;CC-BY-4.0;day,angle,dirt
images/synthetic/synth_03841.jpg;O679HE163;type1a;525,106,388,255;607,106,913,149,835,361,525,281;1;1;generator_v1;CC-BY-4.0;day,angle,motion_blur
images/synthetic/synth_03842.jpg;C452BK93;type1a;97,151,463,283;97,175,550,151,560,416,115,434;1;1;generator_v1;CC-BY-4.0;day,angle,dirt
images/synthetic/synth_03843.jpg;Y758ME190;type1b;439,336,350,81;439,347,782,336,789,405,439,417;1;1;generator_v1;CC-BY-4.0;day,angle,glare,dirt
images/synthetic/synth_03844.jpg;O766KY90;type1;587,134,196,69;587,164,777,134,783,174,594,203;1;1;generator_v1;CC-BY-4.0;day,angle,glare
images/synthetic/synth_03845.jpg;O711MT763;type1b;916,345,292,94;922,345,1208,377,1204,439,916,412;1;1;generator_v1;CC-BY-4.0;day,angle,motion_blur
images/synthetic/synth_03846.jpg;T493EO163;type1;920,40,301,95;929,40,1221,78,1208,135,920,100;1;1;generator_v1;CC-BY-4.0;day,angle,glare
images/synthetic/synth_03847.jpg;Y247AE66;type1;496,84,237,78;502,84,733,112,727,162,496,134;1;1;generator_v1;CC-BY-4.0;day,angle,dirt
images/synthetic/synth_03848.jpg;T391BX777;type1a;108,163,367,234;145,163,475,195,448,397,108,351;1;1;generator_v1;CC-BY-4.0;day,angle,glare,motion_blur
images/synthetic/synth_03849.jpg;T435MY52;type1;597,466,418,162;603,466,1015,510,1004,628,597,560;1;1;generator_v1;CC-BY-4.0;day,angle,motion_blur
images/synthetic/synth_03850.jpg;E746YB777;type1b;426,494,344,134;426,559,756,494,770,567,440,628;1;1;generator_v1;CC-BY-4.0;day,angle
images/synthetic/synth_03851.jpg;T985HX54;type1a;948,470,198,124;953,470,1145,486,1146,594,948,581;1;1;generator_v1;CC-BY-4.0;day,angle,glare,dirt
images/synthetic/synth_03852.jpg;Y940CM797;type1b;167,190,497,167;181,190,664,256,653,357,167,301;1;1;generator_v1;CC-BY-4.0;day,angle,glare,dirt,motion_blur
images/synthetic/synth_03853.jpg;E971ME797;type1b;493,383,416,87;499,383,904,388,909,470,493,465;1;1;generator_v1;CC-BY-4.0;day,angle,glare
images/synthetic/synth_03854.jpg;O804PO125;type1b;432,384,404,142;441,384,836,431,824,526,432,469;1;1;generator_v1;CC-BY-4.0;day,angle,glare
images/synthetic/synth_03855.jpg;M079PH174;type1b;514,371,269,64;514,376,783,371,783,435,514,434;1;1;generator_v1;CC-BY-4.0;day,angle,dirt,motion_blur
images/synthetic/synth_03856.jpg;X762CB93;type1b;896,378,261,67;896,394,1153,378,1157,430,903,445;1;1;generator_v1;CC-BY-4.0;day,angle
images/synthetic/synth_03857.jpg;M643PO93;type1b;107,225,481,149;107,276,584,225,588,323,123,374;1;1;generator_v1;CC-BY-4.0;day,angle
images/synthetic/synth_03858.jpg;A783YB116;type1b;128,367,278,69;129,367,406,376,405,436,128,432;1;1;generator_v1;CC-BY-4.0;day,angle,motion_blur
images/synthetic/synth_03859.jpg;P349HX25;type1a;723,405,272,185;723,439,974,405,995,551,745,590;1;1;generator_v1;CC-BY-4.0;day,angle,glare,dirt
images/synthetic/synth_03860.jpg;K269XX23;type1;186,599,298,87;186,620,480,599,484,673,190,686;1;1;generator_v1;CC-BY-4.0;day,angle,motion_blur
images/synthetic/synth_03861.jpg;C612EX99;type1b;341,577,204,60;341,577,545,589,544,637,341,622;1;1;generator_v1;CC-BY-4.0;day,angle,glare,motion_blur
images/synthetic/synth_03862.jpg;K541KK98;type1a;520,110,463,313;551,110,983,173,956,423,520,392;1;1;generator_v1;CC-BY-4.0;day,angle
images/synthetic/synth_03863.jpg;E507PY774;type1b;556,285,498,143;556,326,1051,285,1054,388,568,428;1;1;generator_v1;CC-BY-4.0;day,angle,glare
images/synthetic/synth_03864.jpg;B928PB197;type1a;595,518,218,160;601,544,813,518,812,666,595,678;1;1;generator_v1;CC-BY-4.0;day,angle,glare
images/synthetic/synth_03865.jpg;C645PX774;type1b;751,436,309,91;751,461,1057,436,1060,500,757,527;1;1;generator_v1;CC-BY-4.0;day,angle,glare
images/synthetic/synth_03866.jpg;X318OB54;type1a;534,288,322,190;534,288,856,291,853,478,534,477;1;1;generator_v1;CC-BY-4.0;day,angle,glare
images/synthetic/synth_03867.jpg;T626AM16;type1b;671,43,285,74;671,55,952,43,956,111,676,117;1;1;generator_v1;CC-BY-4.0;day,angle,motion_blur
images/synthetic/synth_03868.jpg;X268PM102;type1a;168,536,245,147;169,536,413,539,412,681,168,683;1;1;generator_v1;CC-BY-4.0;day,angle,motion_blur
images/synthetic/synth_03869.jpg;X334KX763;type1b;500,405,394,104;500,425,885,405,894,484,505,509;1;1;generator_v1;CC-BY-4.0;day,angle,motion_blur
images/synthetic/synth_03870.jpg;O793CT96;type1;275,0,346,145;286,0,621,65,615,145,275,90;1;1;generator_v1;CC-BY-4.0;day,angle
images/synthetic/synth_03871.jpg;E924ME99;type1;444,105,245,83;444,132,679,105,689,168,453,188;1;1;generator_v1;CC-BY-4.0;day,angle,dirt
images/synthetic/synth_03872.jpg;C270YO77;type1;370,281,244,66;371,281,614,285,612,347,370,336;1;1;generator_v1;CC-BY-4.0;day,angle,glare,dirt
images/synthetic/synth_03873.jpg;M694BP25;type1a;411,431,282,167;411,431,684,434,693,598,430,583;1;1;generator_v1;CC-BY-4.0;day,angle,glare
images/synthetic/synth_03874.jpg;T411XH163;type1b;703,580,299,92;709,580,1002,609,995,672,703,649;1;1;generator_v1;CC-BY-4.0;day,angle,glare,motion_blur
images/synthetic/synth_03875.jpg;O116BB125;type1b;922,451,278,70;922,462,1188,451,1200,520,937,521;1;1;generator_v1;CC-BY-4.0;day,angle
images/synthetic/synth_03876.jpg;E485YC38;type1b;384,255,243,74;384,266,626,255,627,311,387,329;1;1;generator_v1;CC-BY-4.0;day,angle,glare,dirt
images/synthetic/synth_03877.jpg;M400OP63;type1b;310,528,419,124;310,566,718,528,729,625,324,652;1;1;generator_v1;CC-BY-4.0;day,angle,dirt
images/synthetic/synth_03878.jpg;T398CC02;type1;509,85,501,126;509,107,1007,85,1010,195,517,211;1;1;generator_v1;CC-BY-4.0;day,angle,glare,dirt
images/synthetic/synth_03879.jpg;H457MH198;type1;619,634,268,72;619,645,884,634,887,692,622,706;1;1;generator_v1;CC-BY-4.0;day,angle,motion_blur
images/synthetic/synth_03880.jpg;C842OX174;type1a;328,187,486,323;351,187,814,241,794,510,328,493;1;1;generator_v1;CC-BY-4.0;day,angle
images/synthetic/synth_03881.jpg;E097EC138;type1a;122,275,232,149;122,289,349,275,354,419,126,424;1;1;generator_v1;CC-BY-4.0;day,angle,glare
images/synthetic/synth_03882.jpg;X596YO54;type1a;333,185,444,253;345,206,756,185,777,421,333,438;1;1;generator_v1;CC-BY-4.0;day,angle,glare,motion_blur
images/synthetic/synth_03883.jpg;E321PO63;type1;187,285,427,103;193,285,614,298,614,388,187,374;1;1;generator_v1;CC-BY-4.0;day,angle,glare
images/synthetic/synth_03884.jpg;Y152AB774;type1b;123,466,232,76;123,493,352,466,355,518,124,542;1;1;generator_v1;CC-BY-4.0;day,angle,glare,dirt,motion_blur
images/synthetic/synth_03885.jpg;K448PP199;type1b;844,345,353,152;854,345,1197,409,1182,497,844,422;1;1;generator_v1;CC-BY-4.0;day,angle,glare,dirt,motion_blur
images/synthetic/synth_03886.jpg;C769MX63;type1a;238,169,293,193;251,169,531,190,516,362,238,332;1;1;generator_v1;CC-BY-4.0;day,angle,motion_blur
images/synthetic/synth_03887.jpg;C542PK116;type1;1004,517,192,55;1009,517,1196,533,1193,572,1004,555;1;1;generator_v1;CC-BY-4.0;day,angle,dirt
images/synthetic/synth_03888.jpg;E101BH02;type1a;757,399,385,229;769,413,1140,399,1142,628,757,627;1;1;generator_v1;CC-BY-4.0;day,angle
images/synthetic/synth_03889.jpg;P174PB797;type1a;770,209,411,251;770,238,1115,209,1181,400,822,460;1;1;generator_v1;CC-BY-4.0;day,angle,glare,dirt
images/synthetic/synth_03890.jpg;K484MC197;type1b;222,410,420,155;234,410,642,478,635,565,222,509;1;1;generator_v1;CC-BY-4.0;day,angle,glare,dirt
images/synthetic/synth_03891.jpg;A952TX25;type1;553,133,265,64;560,133,818,140,808,197,553,196;1;1;generator_v1;CC-BY-4.0;day,angle
images/synthetic/synth_03892.jpg;K267YK150;type1b;140,344,278,93;140,379,410,344,418,401,148,437;1;1;generator_v1;CC-BY-4.0;day,angle,glare
images/synthetic/synth_03893.jpg;Y904AY78;type1;799,189,249,81;799,217,1042,189,1048,240,805,270;1;1;generator_v1;CC-BY-4.0;day,angle,glare
images/synthetic/synth_03894.jpg;E984EB178;type1b;202,268,339,110;202,308,533,268,541,343,211,378;1;1;generator_v1;CC-BY-4.0;day,angle,glare,dirt
images/synthetic/synth_03895.jpg;Y334PP174;type1b;969,582,167,69;969,609,1130,582,1136,628,974,651;1;1;generator_v1;CC-BY-4.0;day,angle,motion_blur
images/synthetic/synth_03896.jpg;P227PE196;type1a;654,221,336,234;654,240,936,221,990,400,708,455;1;1;generator_v1;CC-BY-4.0;day,angle
images/synthetic/synth_03897.jpg;K583HO138;type1b;82,217,194,63;89,217,276,240,270,280,82,256;1;1;generator_v1;CC-BY-4.0;day,angle
images/synthetic/synth_03898.jpg;B126XC96;type1a;540,470,228,147;574,470,768,509,731,617,540,587;1;1;generator_v1;CC-BY-4.0;day,angle,dirt
images/synthetic/synth_03899.jpg;T145AC750;type1b;198,195,311,90;198,216,502,195,509,259,204,285;1;1;generator_v1;CC-BY-4.0;day,angle
images/synthetic/synth_03900.jpg;A694BK197;type1a;281,457,308,200;281,486,574,457,589,637,296,657;1;1;generator_v1;CC-BY-4.0;day,angle
images/synthetic/synth_03901.jpg;P044KM716;type1a;776,413,224,131;776,423,989,413,1000,533,780,544;1;1;generator_v1;CC-BY-4.0;day,angle,glare,dirt
images/synthetic/synth_03902.jpg;H073CA198;type1a;502,418,352,234;548,418,854,476,824,652,502,588;1;1;generator_v1;CC-BY-4.0;day,angle,glare
images/synthetic/synth_03903.jpg;Y458AH178;type1;163,278,450,112;163,294,612,278,613,372,168,390;1;1;generator_v1;CC-BY-4.0;day,angle,dirt
images/synthetic/synth_03904.jpg;Y816HH196;type1a;989,194,201,139;989,202,1171,194,1190,313,1008,333;1;1;generator_v1;CC-BY-4.0;day,angle,dirt,motion_blur
images/synthetic/synth_03905.jpg;M404ME199;type1;362,136,440,110;371,137,802,136,785,225,362,246;1;1;generator_v1;CC-BY-4.0;day,angle,dirt
images/synthetic/synth_03906.jpg;H460HB163;type1a;323,459,288,235;323,523,573,459,611,660,355,694;1;1;generator_v1;CC-BY-4.0;day,angle
images/synthetic/synth_03907.jpg;K153YT102;type1b;675,445,407,124;678,445,1082,453,1078,569,675,538;1;1;generator_v1;CC-BY-4.0;day,angle,glare,motion_blur
images/synthetic/synth_03908.jpg;E721KE99;type1a;520,80,352,229;524,112,863,80,872,292,520,309;1;1;generator_v1;CC-BY-4.0;day,angle,glare,dirt
images/synthetic/synth_03909.jpg;X309PP763;type1;283,110,310,82;283,110,585,118,593,188,289,192;1;1;generator_v1;CC-BY-4.0;day,angle,motion_blur
images/synthetic/synth_03910.jpg;M706AB25;type1b;190,497,386,113;190,497,572,513,576,610,200,579;1;1;generator_v1;CC-BY-4.0;day,angle,glare,motion_blur
images/synthetic/synth_03911.jpg;H206OY66;type1b;162,102,469,184;184,102,631,191,617,286,162,197;1;1;generator_v1;CC-BY-4.0;day,angle,glare
images/synthetic/synth_03912.jpg;C844BC125;type1a;685,33,467,330;737,33,1152,120,1114,363,685,283;1;1;generator_v1;CC-BY-4.0;day,angle
images/synthetic/synth_03913.jpg;Y170EM02;type1b;887,572,298,105;887,614,1172,572,1185,631,898,677;1;1;generator_v1;CC-BY-4.0;day,angle
images/synthetic/synth_03914.jpg;M903MM761;type1b;80,646,188,57;80,646,268,662,268,703,81,685;1;1;generator_v1;CC-BY-4.0;day,angle,dirt
images/synthetic/synth_03915.jpg;O332MM23;type1b;190,59,312,88;190,59,495,81,502,147,192,132;1;1;generator_v1;CC-BY-4.0;day,angle
images/synthetic/synth_03916.jpg;H922CK102;type1a;575,72,337,219;575,99,885,72,912,251,598,291;1;1;generator_v1;CC-BY-4.0;day,angle
images/synthetic/synth_03917.jpg;O271OX77;type1b;239,219,186,64;248,219,425,237,416,283,239,260;1;1;generator_v1;CC-BY-4.0;day,angle
images/synthetic/synth_03918.jpg;M614HM774;type1a;970,51,238,149;970,73,1198,51,1208,181,970,200;1;1;generator_v1;CC-BY-4.0;day,angle
images/synthetic/synth_03919.jpg;Y418HX161;type1b;724,448,421,130;724,448,1145,479,1145,578,735,534;1;1;generator_v1;CC-BY-4.0;day,angle,glare
images/synthetic/synth_03920.jpg;Y662KB97;type1b;549,83,282,76;549,101,827,83,831,144,554,159;1;1;generator_v1;CC-BY-4.0;day,angle
images/synthetic/synth_03921.jpg;E091YP196;type1b;360,24,171,41;360,24,525,27,531,64,366,65;1;1;generator_v1;CC-BY-4.0;day,angle,motion_blur
images/synthetic/synth_03922.jpg;T825TP161;type1b;347,417,231,75;347,445,576,417,578,462,352,492;1;1;generator_v1;CC-BY-4.0;day,angle,glare
images/synthetic/synth_03923.jpg;P038KM154;type1a;520,113,217,137;520,135,725,113,737,231,537,250;1;1;generator_v1;CC-BY-4.0;day,angle,dirt
images/synthetic/synth_03924.jpg;C363PE190;type1b;667,9,328,119;690,9,995,66,970,128,667,81;1;1;generator_v1;CC-BY-4.0;day,angle
images/synthetic/synth_03925.jpg;K769MP161;type1b;198,411,239,81;202,411,437,441,430,492,198,460;1;1;generator_v1;CC-BY-4.0;day,angle,glare
images/synthetic/synth_03926.jpg;X218BP163;type1;684,0,301,98;684,32,977,0,985,71,691,98;1;1;generator_v1;CC-BY-4.0;day,angle,glare,motion_blur
images/synthetic/synth_03927.jpg;P014KO138;type1a;241,189,430,254;241,212,667,189,671,427,267,443;1;1;generator_v1;CC-BY-4.0;day,angle,dirt,motion_blur
images/synthetic/synth_03928.jpg;B864BP98;type1a;499,272,382,242;499,341,821,272,881,472,568,514;1;1;generator_v1;CC-BY-4.0;day,angle
images/synthetic/synth_03929.jpg;Y908AY152;type1a;190,297,400,249;198,297,590,298,563,516,190,546;1;1;generator_v1;CC-BY-4.0;day,angle
images/synthetic/synth_03930.jpg;Y885EH196;type1b;832,57,175,51;832,57,1007,70,1007,108,834,93;1;1;generator_v1;CC-BY-4.0;day,angle,glare
images/synthetic/synth_03931.jpg;O293EA161;type1;702,358,260,67;707,358,962,371,955,425,702,416;1;1;generator_v1;CC-BY-4.0;day,angle,glare
images/synthetic/synth_03932.jpg;M372EK198;type1a;747,284,308,218;747,339,1002,284,1055,476,799,502;1;1;generator_v1;CC-BY-4.0;day,angle,motion_blur
images/synthetic/synth_03933.jpg;T739XM797;type1b;379,431,321,95;381,463,694,431,700,497,379,526;1;1;generator_v1;CC-BY-4.0;day,angle,dirt
images/synthetic/synth_03934.jpg;E541KM116;type1a;369,273,413,309;399,273,782,339,757,582,369,577;1;1;generator_v1;CC-BY-4.0;day,angle,dirt
images/synthetic/synth_03935.jpg;X147OO25;type1a;721,381,413,295;721,456,1095,381,1134,614,743,676;1;1;generator_v1;CC-BY-4.0;day,angle,glare
images/synthetic/synth_03936.jpg;M652CO777;type1a;615,311,377,218;615,311,992,324,979,529,624,512;1;1;generator_v1;CC-BY-4.0;day,angle
images/synthetic/synth_03937.jpg;T515PK02;type1a;114,479,277,167;148,479,391,512,351,646,114,627;1;1;generator_v1;CC-BY-4.0;day,angle,dirt
images/synthetic/synth_03938.jpg;E311EC174;type1a;258,440,339,240;258,491,570,440,597,652,283,680;1;1;generator_v1;CC-BY-4.0;day,angle,glare,dirt,motion_blur
images/synthetic/synth_03939.jpg;C664AM52;type1;669,90,162,56;669,107,830,90,831,126,671,146;1;1;generator_v1;CC-BY-4.0;day,angle
images/synthetic/synth_03940.jpg;A415XB154;type1;73,27,196,78;73,56,257,27,269,71,85,105;1;1;generator_v1;CC-BY-4.0;day,angle,glare
images/synthetic/synth_03941.jpg;P792YA178;type1a;513,79,322,200;525,79,835,103,817,279,513,259;1;1;generator_v1;CC-BY-4.0;day,angle,dirt
images/synthetic/synth_03942.jpg;P074MB93;type1b;454,530,193,73;460,530,647,566,638,603,454,568;1;1;generator_v1;CC-BY-4.0;day,angle,motion_blur
images/synthetic/synth_03943.jpg;P008AO98;type1b;148,559,475,137;160,559,621,602,623,696,148,656;1;1;generator_v1;CC-BY-4.0;day,angle,glare
images/synthetic/synth_03944.jpg;C607HB154;type1;392,215,358,114;392,254,739,215,750,287,401,329;1;1;generator_v1;CC-BY-4.0;day,angle,glare
images/synthetic/synth_03945.jpg;P326TB193;type1a;672,210,436,261;672,239,1094,210,1108,464,702,471;1;1;generator_v1;CC-BY-4.0;day,angle,glare
images/synthetic/synth_03946.jpg;A631KC777;type1b;839,458,249,69;839,475,1077,458,1088,506,847,527;1;1;generator_v1;CC-BY-4.0;day,angle
images/synthetic/synth_03947.jpg;E245TE98;type1b;953,59,237,56;953,59,1188,59,1190,111,954,115;1;1;generator_v1;CC-BY-4.0;day,angle
images/synthetic/synth_03948.jpg;P092OT197;type1a;412,31,380,277;412,98,763,31,792,266,430,308;1;1;generator_v1;CC-BY-4.0;day,angle,glare,dirt
images/synthetic/synth_03949.jpg;H667YC77;type1b;644,183,354,86;647,183,998,195,993,269,644,260;1;1;generator_v1;CC-BY-4.0;day,angle,motion_blur
images/synthetic/synth_03950.jpg;P465HA116;type1b;440,134,184,53;443,134,624,149,621,187,440,174;1;1;generator_v1;CC-BY-4.0;day,angle
images/synthetic/synth_03951.jpg;K208BY750;type1b;396,415,329,141;405,415,725,475,712,556,396,486;1;1;generator_v1;CC-BY-4.0;day,angle,glare
images/synthetic/synth_03952.jpg;Y940XA102;type1a;169,359,335,222;169,388,440,359,504,522,231,581;1;1;generator_v1;CC-BY-4.0;day,angle
images/synthetic/synth_03953.jpg;M354EY78;type1a;927,346,212,134;927,364,1126,346,1139,460,938,480;1;1;generator_v1;CC-BY-4.0;day,angle,dirt
images/synthetic/synth_03954.jpg;C798PA702;type1a;533,314,409,265;535,314,942,349,918,579,533,535;1;1;generator_v1;CC-BY-4.0;day,angle,motion_blur
images/synthetic/synth_03955.jpg;Y481XA02;type1a;75,409,341,193;75,433,394,409,416,593,112,602;1;1;generator_v1;CC-BY-4.0;day,angle,glare,dirt
images/synthetic/synth_03956.jpg;C294AT97;type1b;162,339,482,168;178,339,644,410,627,507,162,447;1;1;generator_v1;CC-BY-4.0;day,angle,glare,motion_blur
images/synthetic/synth_03957.jpg;T445BH152;type1a;578,563,223,132;584,563,801,578,788,695,578,681;1;1;generator_v1;CC-BY-4.0;day,angle,glare,motion_blur
images/synthetic/synth_03958.jpg;A819MP797;type1;243,481,286,88;243,494,527,481,529,547,246,569;1;1;generator_v1;CC-BY-4.0;day,angle,glare
images/synthetic/synth_03959.jpg;C750YM197;type1;564,256,179,50;571,256,743,264,736,306,564,302;1;1;generator_v1;CC-BY-4.0;day,angle,glare
images/synthetic/synth_03960.jpg;C311YB196;type1a;507,59,485,287;529,64,992,59,990,346,507,331;1;1;generator_v1;CC-BY-4.0;day,angle,motion_blur
images/synthetic/synth_03961.jpg;B864OA797;type1a;454,308,439,305;459,308,893,348,867,613,454,549;1;1;generator_v1;CC-BY-4.0;day,angle,glare,dirt
images/synthetic/synth_03962.jpg;B659HE799;type1a;372,150,360,290;407,150,732,223,704,440,372,418;1;1;generator_v1;CC-BY-4.0;day,angle,dirt
images/synthetic/synth_03963.jpg;Y715HP198;type1b;403,278,340,116;403,319,733,278,743,365,411,394;1;1;generator_v1;CC-BY-4.0;day,angle,glare,dirt
images/synthetic/synth_03964.jpg;B044OK99;type1b;523,237,413,160;548,237,936,283,909,397,523,326;1;1;generator_v1;CC-BY-4.0;day,angle,glare
images/synthetic/synth_03965.jpg;E228YC52;type1b;726,163,219,54;726,167,941,163,945,210,729,217;1;1;generator_v1;CC-BY-4.0;day,angle,glare,dirt
images/synthetic/synth_03966.jpg;H483BP177;type1b;455,528,482,163;455,591,919,528,937,625,466,691;1;1;generator_v1;CC-BY-4.0;day,angle
images/synthetic/synth_03967.jpg;H585AC154;type1;241,361,325,118;241,411,558,361,566,434,245,479;1;1;generator_v1;CC-BY-4.0;day,angle
images/synthetic/synth_03968.jpg;P328XE61;type1a;190,169,257,169;211,169,447,204,436,338,190,303;1;1;generator_v1;CC-BY-4.0;day,angle,glare,dirt,motion_blur
images/synthetic/synth_03969.jpg;T582MB150;type1b;361,496,358,121;363,532,718,496,719,602,361,617;1;1;generator_v1;CC-BY-4.0;day,angle,motion_blur
images/synthetic/synth_03970.jpg;B316YM125;type1a;993,61,199,130;993,80,1189,61,1192,170,1001,191;1;1;generator_v1;CC-BY-4.0;day,angle,glare,dirt
images/synthetic/synth_03971.jpg;P936BC96;type1a;135,280,264,169;135,280,399,287,396,449,138,433;1;1;generator_v1;CC-BY-4.0;day,angle
images/synthetic/synth_03972.jpg;C771PA777;type1a;156,433,270,173;194,433,426,465,394,606,156,563;1;1;generator_v1;CC-BY-4.0;day,angle,glare
images/synthetic/synth_03973.jpg;O523MY716;type1b;320,86,428,122;335,86,748,104,736,208,320,175;1;1;generator_v1;CC-BY-4.0;day,angle
images/synthetic/synth_03974.jpg;P115EX790;type1;336,560,363,144;336,619,687,560,699,636,350,704;1;1;generator_v1;CC-BY-4.0;day,angle,motion_blur
images/synthetic/synth_03975.jpg;T677CX138;type1;358,108,360,111;358,108,709,145,718,219,359,193;1;1;generator_v1;CC-BY-4.0;day,angle,glare,dirt
images/synthetic/synth_03976.jpg;T047ET716;type1a;617,342,444,268;617,396,1023,342,1061,584,675,610;1;1;generator_v1;CC-BY-4.0;day,angle,dirt
images/synthetic/synth_03977.jpg;O104MH763;type1b;406,69,217,74;420,69,623,95,609,143,406,125;1;1;generator_v1;CC-BY-4.0;day,angle,glare,dirt,motion_blur
images/synthetic/synth_03978.jpg;T261PB38;type1a;108,142,409,328;108,192,504,142,517,378,140,470;1;1;generator_v1;CC-BY-4.0;day,angle,dirt,motion_blur
images/synthetic/synth_03979.jpg;X914YX90;type1;550,305,460,105;560,320,1008,305,1010,403,550,410;1;1;generator_v1;CC-BY-4.0;day,angle,motion_blur
images/synthetic/synth_03980.jpg;X315BE78;type1a;780,323,363,241;780,358,1129,323,1143,545,786,564;1;1;generator_v1;CC-BY-4.0;day,angle
images/synthetic/synth_03981.jpg;P214EO777;type1a;407,39,443,313;407,124,782,39,850,323,474,352;1;1;generator_v1;CC-BY-4.0;day,angle,dirt
images/synthetic/synth_03982.jpg;M253YA96;type1a;484,181,265,201;503,181,749,225,735,382,484,357;1;1;generator_v1;CC-BY-4.0;day,angle,dirt
images/synthetic/synth_03983.jpg;M928XC123;type1b;437,190,433,168;437,277,853,190,870,277,462,358;1;1;generator_v1;CC-BY-4.0;day,angle
images/synthetic/synth_03984.jpg;H131YT16;type1a;400,34,299,196;423,55,699,34,684,230,400,226;1;1;generator_v1;CC-BY-4.0;day,angle,glare,dirt
images/synthetic/synth_03985.jpg;A869PO61;type1;261,629,171,67;265,629,432,658,429,696,261,668;1;1;generator_v1;CC-BY-4.0;day,angle
images/synthetic/synth_03986.jpg;H292YX790;type1;387,292,372,136;387,358,734,292,759,375,415,428;1;1;generator_v1;CC-BY-4.0;day,angle
images/synthetic/synth_03987.jpg;B374OP54;type1;177,639,180,54;177,639,355,651,357,693,181,678;1;1;generator_v1;CC-BY-4.0;day,angle
images/synthetic/synth_03988.jpg;X125CT99;type1;625,408,433,123;625,408,1058,436,1055,531,632,494;1;1;generator_v1;CC-BY-4.0;day,angle,glare,motion_blur
images/synthetic/synth_03989.jpg;M226KT198;type1b;761,304,395,115;766,304,1156,333,1149,419,761,386;1;1;generator_v1;CC-BY-4.0;day,angle
images/synthetic/synth_03990.jpg;M051HP38;type1a;60,162,250,163;61,162,306,178,310,325,60,321;1;1;generator_v1;CC-BY-4.0;day,angle,motion_blur
images/synthetic/synth_03991.jpg;P079BH54;type1b;134,482,348,94;136,490,482,482,475,557,134,576;1;1;generator_v1;CC-BY-4.0;day,angle,glare
images/synthetic/synth_03992.jpg;Y565XT763;type1a;523,393,190,119;529,393,713,403,706,512,523,500;1;1;generator_v1;CC-BY-4.0;day,angle
images/synthetic/synth_03993.jpg;O591XB198;type1b;427,125,391,164;453,125,818,204,795,289,427,234;1;1;generator_v1;CC-BY-4.0;day,angle,glare,dirt
images/synthetic/synth_03994.jpg;P363BY23;type1a;142,391,402,281;142,434,465,391,544,585,222,672;1;1;generator_v1;CC-BY-4.0;day,angle
images/synthetic/synth_03995.jpg;C823PO716;type1b;566,471,252,56;570,472,818,471,811,522,566,527;1;1;generator_v1;CC-BY-4.0;day,angle,glare
images/synthetic/synth_03996.jpg;K158AY163;type1a;164,451,262,206;168,479,426,451,425,657,164,654;1;1;generator_v1;CC-BY-4.0;day,angle,dirt
images/synthetic/synth_03997.jpg;X392EX774;type1a;166,144,244,148;166,164,394,144,410,280,186,292;1;1;generator_v1;CC-BY-4.0;day,angle,motion_blur
images/synthetic/synth_03998.jpg;P072MM154;type1a;873,264,198,147;873,288,1071,264,1067,379,875,411;1;1;generator_v1;CC-BY-4.0;day,angle
images/synthetic/synth_03999.jpg;O877TC797;type1a;152,348,396,290;152,378,533,348,548,638,172,614;1;1;generator_v1;CC-BY-4.0;day,angle,dirt
images/synthetic/synth_04000.jpg;Y029HT61;type1;218,108,349,144;240,108,567,166,545,252,218,181;1;1;generator_v1;CC-BY-4.0;day,angle
images/synthetic/synth_04001.jpg;B515PE78;type1b;579,130,421,101;588,130,1000,138,996,231,579,215;1;1;generator_v1;CC-BY-4.0;day,angle,glare,motion_blur
images/synthetic/synth_04002.jpg;Y316XP50;type1a;578,173,252,154;588,173,830,191,830,327,578,311;1;1;generator_v1;CC-BY-4.0;day,angle,glare
images/synthetic/synth_04003.jpg;T613CM797;type1;845,267,279,77;845,281,1116,267,1124,325,851,344;1;1;generator_v1;CC-BY-4.0;day,angle,glare
images/synthetic/synth_04004.jpg;P646KA797;type1;530,300,349,144;530,361,871,300,879,404,533,444;1;1;generator_v1;CC-BY-4.0;day,angle,glare
images/synthetic/synth_04005.jpg;A233XH150;type1b;399,242,421,114;399,242,809,272,820,356,399,337;1;1;generator_v1;CC-BY-4.0;day,angle,dirt
images/synthetic/synth_04006.jpg;C672MA702;type1a;375,173,393,248;392,173,768,207,746,421,375,401;1;1;generator_v1;CC-BY-4.0;day,angle,glare,dirt
images/synthetic/synth_04007.jpg;T244EY190;type1a;622,469,232,143;630,470,854,469,848,612,622,603;1;1;generator_v1;CC-BY-4.0;day,angle
images/synthetic/synth_04008.jpg;O243PT52;type1;289,480,282,98;289,480,568,498,571,578,295,547;1;1;generator_v1;CC-BY-4.0;day,angle,glare,motion_blur
images/synthetic/synth_04009.jpg;A292PO152;type1a;994,449,216,154;994,449,1207,467,1210,603,1004,574;1;1;generator_v1;CC-BY-4.0;day,angle
images/synthetic/synth_04010.jpg;T391MY23;type1b;304,146,447,146;304,201,742,146,751,239,319,292;1;1;generator_v1;CC-BY-4.0;day,angle
images/synthetic/synth_04011.jpg;A572HY161;type1b;874,481,215,55;874,485,1083,481,1089,527,880,536;1;1;generator_v1;CC-BY-4.0;day,angle,dirt
images/synthetic/synth_04012.jpg;Y545PY199;type1a;539,380,315,266;561,380,854,447,841,646,539,619;1;1;generator_v1;CC-BY-4.0;day,angle
images/synthetic/synth_04013.jpg;H667EC54;type1a;120,490,225,149;120,526,308,490,345,595,154,639;1;1;generator_v1;CC-BY-4.0;day,angle,glare
images/synthetic/synth_04014.jpg;Y922TB197;type1b;480,347,462,133;487,347,942,384,933,480,480,446;1;1;generator_v1;CC-BY-4.0;day,angle,dirt
images/synthetic/synth_04015.jpg;E381CK96;type1;88,153,287,85;88,178,368,153,375,212,93,238;1;1;generator_v1;CC-BY-4.0;day,angle,dirt,motion_blur
images/synthetic/synth_04016.jpg;A061TY174;type1b;699,635,230,77;699,661,924,635,929,690,703,712;1;1;generator_v1;CC-BY-4.0;day,angle
images/synthetic/synth_04017.jpg;P770TK93;type1a;63,198,282,209;63,228,323,198,345,359,88,407;1;1;generator_v1;CC-BY-4.0;day,angle,glare
images/synthetic/synth_04018.jpg;B365EE190;type1;253,162,220,91;253,201,469,162,473,220,255,253;1;1;generator_v1;CC-BY-4.0;day,angle,dirt
images/synthetic/synth_04019.jpg;Y850TK97;type1b;339,332,245,77;345,332,584,362,574,409,339,380;1;1;generator_v1;CC-BY-4.0;day,angle
images/synthetic/synth_04020.jpg;A511YX761;type1;122,69,191,72;122,105,303,69,313,107,134,141;1;1;generator_v1;CC-BY-4.0;day,angle
images/synthetic/synth_04021.jpg;C518PC163;type1a;153,332,315,184;159,339,465,332,468,514,153,516;1;1;generator_v1;CC-BY-4.0;day,angle,glare,dirt
images/synthetic/synth_04022.jpg;Y309EM196;type1b;845,389,214,70;850,389,1059,414,1053,459,845,434;1;1;generator_v1;CC-BY-4.0;day,angle,glare
images/synthetic/synth_04023.jpg;X065KA90;type1a;754,348,433,287;783,348,1187,401,1165,635,754,593;1;1;generator_v1;CC-BY-4.0;day,angle
images/synthetic/synth_04024.jpg;E190TA138;type1a;183,366,414,266;208,366,597,405,583,632,183,598;1;1;generator_v1;CC-BY-4.0;day,angle
images/synthetic/synth_04025.jpg;X350OB178;type1;123,57,177,75;127,57,300,86,295,132,123,100;1;1;generator_v1;CC-BY-4.0;day,angle,dirt
images/synthetic/synth_04026.jpg;M624MA66;type1;118,365,300,105;118,401,414,365,418,444,120,470;1;1;generator_v1;CC-BY-4.0;day,angle,glare
images/synthetic/synth_04027.jpg;E305CP763;type1a;142,54,356,261;142,61,492,54,498,315,156,278;1;1;generator_v1;CC-BY-4.0;day,angle
images/synthetic/synth_04028.jpg;A062XM123;type1;165,216,228,80;170,216,393,250,386,296,165,262;1;1;generator_v1;CC-BY-4.0;day,angle
images/synthetic/synth_04029.jpg;O703OB196;type1a;181,217,478,337;181,283,614,217,659,465,229,554;1;1;generator_v1;CC-BY-4.0;day,angle,glare
images/synthetic/synth_04030.jpg;B239KP716;type1b;594,251,445,154;605,251,1039,319,1020,405,594,341;1;1;generator_v1;CC-BY-4.0;day,angle,glare
images/synthetic/synth_04031.jpg;T319BE716;type1b;153,26,385,87;153,29,538,26,537,108,154,113;1;1;generator_v1;CC-BY-4.0;day,angle,glare
images/synthetic/synth_04032.jpg;C172BA177;type1b;370,112,258,77;370,112,628,127,628,189,373,168;1;1;generator_v1;CC-BY-4.0;day,angle,glare,dirt
images/synthetic/synth_04033.jpg;A722XP96;type1b;439,103,431,170;439,195,837,103,870,200,475,273;1;1;generator_v1;CC-BY-4.0;day,angle,glare
images/synthetic/synth_04034.jpg;O122HM750;type1a;673,328,460,321;720,328,1133,419,1074,649,673,569;1;1;generator_v1;CC-BY-4.0;day,angle
images/synthetic/synth_04035.jpg;H298CK96;type1a;480,298,398,268;480,354,833,298,878,499,515,566;1;1;generator_v1;CC-BY-4.0;day,angle,glare,dirt
images/synthetic/synth_04036.jpg;E768KX96;type1b;917,253,223,66;917,273,1140,253,1140,299,921,319;1;1;generator_v1;CC-BY-4.0;day,angle
images/synthetic/synth_04037.jpg;M970PO54;type1b;362,210,200,55;362,215,561,210,562,265,363,265;1;1;generator_v1;CC-BY-4.0;day,angle,glare,motion_blur
images/synthetic/synth_04038.jpg;Y510XH50;type1a;305,230,284,183;305,248,587,230,589,389,315,413;1;1;generator_v1;CC-BY-4.0;day,angle,glare,dirt
images/synthetic/synth_04039.jpg;C891CX98;type1b;954,237,241,62;954,250,1193,237,1195,286,954,299;1;1;generator_v1;CC-BY-4.0;day,angle,dirt
images/synthetic/synth_04040.jpg;A523YT90;type1b;706,0,228,88;706,31,932,0,934,57,706,88;1;1;generator_v1;CC-BY-4.0;day,angle,dirt
images/synthetic/synth_04041.jpg;C679OH161;type1a;123,243,283,200;123,243,402,244,406,419,128,443;1;1;generator_v1;CC-BY-4.0;day,angle,glare
images/synthetic/synth_04042.jpg;A839BM177;type1b;147,316,341,137;163,316,488,375,474,453,147,410;1;1;generator_v1;CC-BY-4.0;day,angle,dirt
images/synthetic/synth_04043.jpg;T721ME123;type1a;932,41,290,198;932,86,1176,41,1222,217,978,239;1;1;generator_v1;CC-BY-4.0;day,angle,glare,dirt,motion_blur
images/synthetic/synth_04044.jpg;C647TY154;type1b;711,259,214,82;713,286,925,259,921,309,711,341;1;1;generator_v1;CC-BY-4.0;day,angle,glare
images/synthetic/synth_04045.jpg;A526TE93;type1;440,97,406,112;445,97,846,105,840,196,440,209;1;1;generator_v1;CC-BY-4.0;day,angle
images/synthetic/synth_04046.jpg;E434OM152;type1a;479,330,326,216;479,371,781,330,805,507,499,546;1;1;generator_v1;CC-BY-4.0;day,angle,glare,dirt
images/synthetic/synth_04047.jpg;Y558XM50;type1b;565,92,264,82;565,119,824,92,829,147,571,174;1;1;generator_v1;CC-BY-4.0;day,angle,dirt
images/synthetic/synth_04048.jpg;M693KK99;type1a;696,65,459,253;696,65,1155,67,1133,309,705,318;1;1;generator_v1;CC-BY-4.0;day,angle,glare
images/synthetic/synth_04049.jpg;O101AY716;type1a;765,419,305,210;765,455,1053,419,1070,584,788,629;1;1;generator_v1;CC-BY-4.0;day,angle
images/synthetic/synth_04050.jpg;B185XP177;type1a;328,248,345,220;328,258,673,248,658,439,329,468;1;1;generator_v1;CC-BY-4.0;day,angle,glare,dirt
images/synthetic/synth_04051.jpg;T195AK78;type1b;165,272,457,143;165,317,604,272,622,362,176,415;1;1;generator_v1;CC-BY-4.0;day,angle
images/synthetic/synth_04052.jpg;Y362TO123;type1b;107,63,162,57;109,63,269,82,267,120,107,105;1;1;generator_v1;CC-BY-4.0;day,angle,motion_blur
images/synthetic/synth_04053.jpg;B401PX63;type1b;824,307,224,81;831,307,1048,342,1043,388,824,354;1;1;generator_v1;CC-BY-4.0;day,angle,motion_blur
images/synthetic/synth_04054.jpg;H449HC163;type1a;386,268,286,189;405,268,672,302,651,457,386,423;1;1;generator_v1;CC-BY-4.0;day,angle,dirt,motion_blur
images/synthetic/synth_04055.jpg;Y351TE799;type1;509,119,473,132;509,119,982,152,973,251,511,214;1;1;generator_v1;CC-BY-4.0;day,angle,glare,motion_blur
images/synthetic/synth_04056.jpg;P148KX125;type1;773,459,330,120;783,459,1103,497,1092,579,773,531;1;1;generator_v1;CC-BY-4.0;day,angle
images/synthetic/synth_04057.jpg;P013KH797;type1b;555,1,388,111;555,31,936,1,943,84,561,112;1;1;generator_v1;CC-BY-4.0;day,angle,glare
images/synthetic/synth_04058.jpg;A575YY197;type1b;444,116,332,99;444,116,769,139,776,215,448,208;1;1;generator_v1;CC-BY-4.0;day,angle
images/synthetic/synth_04059.jpg;A745MC177;type1b;103,93,348,105;105,93,450,120,451,198,103,185;1;1;generator_v1;CC-BY-4.0;day,angle,glare,dirt
images/synthetic/synth_04060.jpg;C789BE174;type1a;550,170,386,289;580,170,936,246,924,459,550,404;1;1;generator_v1;CC-BY-4.0;day,angle,dirt,motion_blur
images/synthetic/synth_04061.jpg;O695BP61;type1;757,0,292,123;757,41,1048,0,1049,69,762,123;1;1;generator_v1;CC-BY-4.0;day,angle
images/synthetic/synth_04062.jpg;E956YO750;type1a;726,127,239,163;761,127,965,145,930,290,726,256;1;1;generator_v1;CC-BY-4.0;day,angle,glare
images/synthetic/synth_04063.jpg;M784KO78;type1;276,253,382,136;293,253,658,299,642,389,276,331;1;1;generator_v1;CC-BY-4.0;day,angle,glare
images/synthetic/synth_04064.jpg;C199KH90;type1a;128,341,477,321;128,416,570,341,605,594,179,662;1;1;generator_v1;CC-BY-4.0;day,angle,dirt
images/synthetic/synth_04065.jpg;B782MT38;type1b;380,369,320,123;391,369,700,414,688,492,380,438;1;1;generator_v1;CC-BY-4.0;day,angle,motion_blur
images/synthetic/synth_04066.jpg;P856YO716;type1a;643,169,413,255;643,220,1022,169,1056,396,693,424;1;1;generator_v1;CC-BY-4.0;day,angle
images/synthetic/synth_04067.jpg;X685AK178;type1;923,228,254,101;940,228,1177,266,1160,329,923,283;1;1;generator_v1;CC-BY-4.0;day,angle,dirt
images/synthetic/synth_04068.jpg;B279KO50;type1a;710,392,445,305;710,450,1138,392,1155,629,749,697;1;1;generator_v1;CC-BY-4.0;day,angle
images/synthetic/synth_04069.jpg;O237AA90;type1b;618,416,359,133;622,474,973,416,977,500,618,549;1;1;generator_v1;CC-BY-4.0;day,angle
images/synthetic/synth_04070.jpg;B664BY193;type1b;258,0,213,72;265,0,471,29,465,72,258,33;1;1;generator_v1;CC-BY-4.0;day,angle,glare
images/synthetic/synth_04071.jpg;T356KP716;type1b;266,598,204,54;266,598,470,603,470,652,267,644;1;1;generator_v1;CC-BY-4.0;day,angle
images/synthetic/synth_04072.jpg;H646XB98;type1b;415,411,267,81;415,430,673,411,682,484,423,492;1;1;generator_v1;CC-BY-4.0;day,angle,motion_blur
images/synthetic/synth_04073.jpg;T150XC138;type1b;51,289,233,89;51,325,274,289,284,338,61,378;1;1;generator_v1;CC-BY-4.0;day,angle,motion_blur
images/synthetic/synth_04074.jpg;E657EP63;type1a;354,111,274,181;363,111,628,122,617,284,354,292;1;1;generator_v1;CC-BY-4.0;day,angle,glare,dirt
images/synthetic/synth_04075.jpg;Y138OP178;type1b;226,195,333,104;226,236,548,195,559,263,243,299;1;1;generator_v1;CC-BY-4.0;day,angle
images/synthetic/synth_04076.jpg;Y142AY154;type1b;602,294,284,88;602,325,877,294,886,356,614,382;1;1;generator_v1;CC-BY-4.0;day,angle,dirt
images/synthetic/synth_04077.jpg;E752MK799;type1;366,239,208,63;366,239,574,257,572,302,366,282;1;1;generator_v1;CC-BY-4.0;day,angle,dirt
images/synthetic/synth_04078.jpg;H601PB77;type1;728,413,335,123;738,413,1063,470,1048,536,728,480;1;1;generator_v1;CC-BY-4.0;day,angle,dirt
images/synthetic/synth_04079.jpg;E013BB25;type1b;312,475,202,84;319,475,514,512,508,559,312,527;1;1;generator_v1;CC-BY-4.0;day,angle
images/synthetic/synth_04080.jpg;A274CK63;type1a;412,279,266,211;433,279,678,328,663,490,412,464;1;1;generator_v1;CC-BY-4.0;day,angle,glare
images/synthetic/synth_04081.jpg;P598YX90;type1;176,440,187,62;176,456,350,440,363,481,188,502;1;1;generator_v1;CC-BY-4.0;day,angle
images/synthetic/synth_04082.jpg;P359BC123;type1b;922,292,267,91;930,292,1189,328,1184,383,922,348;1;1;generator_v1;CC-BY-4.0;day,angle,glare,motion_blur
images/synthetic/synth_04083.jpg;Y333HY96;type1a;625,116,464,302;625,183,1049,116,1089,383,677,418;1;1;generator_v1;CC-BY-4.0;day,angle,dirt
images/synthetic/synth_04084.jpg;O484KH98;type1b;676,464,415,151;676,525,1076,464,1091,548,691,615;1;1;generator_v1;CC-BY-4.0;day,angle
images/synthetic/synth_04085.jpg;B990HA199;type1b;612,434,224,68;620,434,836,447,829,502,612,484;1;1;generator_v1;CC-BY-4.0;day,angle
images/synthetic/synth_04086.jpg;B157EY77;type1a;814,197,287,180;814,227,1048,197,1101,329,862,377;1;1;generator_v1;CC-BY-4.0;day,angle,motion_blur
images/synthetic/synth_04087.jpg;O605KA750;type1b;487,97,478,160;500,97,965,160,950,257,487,199;1;1;generator_v1;CC-BY-4.0;day,angle,dirt,motion_blur
images/synthetic/synth_04088.jpg;O060KB74;type1a;153,228,452,326;153,238,601,228,605,491,170,554;1;1;generator_v1;CC-BY-4.0;day,angle
images/synthetic/synth_04089.jpg;H759XC116;type1b;752,209,275,93;752,209,1024,237,1027,302,753,285;1;1;generator_v1;CC-BY-4.0;day,angle
images/synthetic/synth_04090.jpg;Y389TB116;type1b;192,418,397,88;195,419,589,418,589,506,192,502;1;1;generator_v1;CC-BY-4.0;day,angle,glare
images/synthetic/synth_04091.jpg;O158KB797;type1b;697,438,228,89;713,438,925,479,910,527,697,491;1;1;generator_v1;CC-BY-4.0;day,angle
images/synthetic/synth_04092.jpg;Y438OO102;type1a;402,231,409,284;402,300,773,231,811,461,439,515;1;1;generator_v1;CC-BY-4.0;day,angle
images/synthetic/synth_04093.jpg;T906AM16;type1a;174,410,306,230;174,451,447,410,480,578,210,640;1;1;generator_v1;CC-BY-4.0;day,angle,glare,dirt
images/synthetic/synth_04094.jpg;A516AM750;type1b;573,0,434,154;594,0,1007,67,984,154,573,91;1;1;generator_v1;CC-BY-4.0;day,angle,dirt
images/synthetic/synth_04095.jpg;O294TA174;type1a;90,444,313,212;109,444,403,475,382,656,90,615;1;1;generator_v1;CC-BY-4.0;day,angle
images/synthetic/synth_04096.jpg;H161MC102;type1;205,467,341,129;227,467,546,528,523,596,205,547;1;1;generator_v1;CC-BY-4.0;day,angle,motion_blur
images/synthetic/synth_04097.jpg;H465MM716;type1b;223,426,365,105;223,439,579,426,588,531,232,523;1;1;generator_v1;CC-BY-4.0;day,angle,glare,dirt
images/synthetic/synth_04098.jpg;A914CH190;type1a;135,208,378,210;146,208,513,224,482,418,135,417;1;1;generator_v1;CC-BY-4.0;day,angle,dirt
images/synthetic/synth_04099.jpg;O277ET797;type1b;463,258,377,119;475,258,840,293,830,377,463,335;1;1;generator_v1;CC-BY-4.0;day,angle
images/synthetic/synth_04100.jpg;M683BM199;type1a;191,298,518,366;245,298,709,393,666,664,191,584;1;1;generator_v1;CC-BY-4.0;day,angle
images/synthetic/synth_04101.jpg;T992AY90;type1a;312,322,342,227;353,322,654,345,607,534,312,549;1;1;generator_v1;CC-BY-4.0;day,angle,glare
images/synthetic/synth_04102.jpg;B947AE125;type1a;645,245,280,173;652,245,925,258,917,418,645,405;1;1;generator_v1;CC-BY-4.0;day,angle,dirt
images/synthetic/synth_04103.jpg;O749MK152;type1b;520,115,450,122;520,129,970,115,962,208,520,237;1;1;generator_v1;CC-BY-4.0;day,angle,glare
images/synthetic/synth_04104.jpg;X306BT98;type1b;618,397,397,160;618,462,977,397,1015,471,656,557;1;1;generator_v1;CC-BY-4.0;day,angle,glare,dirt
images/synthetic/synth_04105.jpg;P002EC198;type1a;689,319,421,270;766,319,1110,388,1029,589,689,569;1;1;generator_v1;CC-BY-4.0;day,angle,glare
images/synthetic/synth_04106.jpg;A168KC96;type1a;604,378,260,182;608,378,864,409,851,560,604,522;1;1;generator_v1;CC-BY-4.0;day,angle
images/synthetic/synth_04107.jpg;X620MT54;type1b;990,301,198,62;996,316,1188,301,1182,355,990,363;1;1;generator_v1;CC-BY-4.0;day,angle
images/synthetic/synth_04108.jpg;P955CE152;type1b;610,609,253,95;610,651,854,609,863,661,619,704;1;1;generator_v1;CC-BY-4.0;day,angle,glare,dirt
images/synthetic/synth_04109.jpg;C295EA190;type1a;871,257,259,183;871,293,1104,257,1130,422,896,440;1;1;generator_v1;CC-BY-4.0;day,angle,glare,dirt
images/synthetic/synth_04110.jpg;T817YB197;type1b;651,31,413,120;651,71,1051,31,1064,121,670,151;1;1;generator_v1;CC-BY-4.0;day,angle,glare
images/synthetic/synth_04111.jpg;B999XB174;type1a;663,313,394,265;663,373,1023,313,1057,533,701,578;1;1;generator_v1;CC-BY-4.0;day,angle
images/synthetic/synth_04112.jpg;Y145MM178;type1a;722,145,472,314;747,145,1194,203,1154,459,722,398;1;1;generator_v1;CC-BY-4.0;day,angle,glare
images/synthetic/synth_04113.jpg;O629BT52;type1b;214,641,247,67;224,641,461,642,452,708,214,698;1;1;generator_v1;CC-BY-4.0;day,angle,glare,dirt
images/synthetic/synth_04114.jpg;T498MX797;type1a;405,96,464,269;413,96,869,132,827,365,405,340;1;1;generator_v1;CC-BY-4.0;day,angle,glare
images/synthetic/synth_04115.jpg;O307XY16;type1a;496,46,272,190;515,46,768,81,746,236,496,194;1;1;generator_v1;CC-BY-4.0;day,angle,glare
images/synthetic/synth_04116.jpg;B173TM178;type1b;498,386,435,170;498,468,915,386,933,483,511,556;1;1;generator_v1;CC-BY-4.0;day,angle,glare
images/synthetic/synth_04117.jpg;T860AP63;type1b;373,582,332,78;373,582,697,591,705,660,377,659;1;1;generator_v1;CC-BY-4.0;day,angle,dirt
images/synthetic/synth_04118.jpg;A187PC178;type1;838,458,299,110;849,458,1137,508,1130,568,838,521;1;1;generator_v1;CC-BY-4.0;day,angle,dirt
images/synthetic/synth_04119.jpg;C611OB16;type1a;529,152,499,273;529,168,1028,152,1026,424,566,425;1;1;generator_v1;CC-BY-4.0;day,angle,glare,dirt
images/synthetic/synth_04120.jpg;T394TH61;type1a;842,450,224,143;853,450,1066,469,1055,593,842,575;1;1;generator_v1;CC-BY-4.0;day,angle
images/synthetic/synth_04121.jpg;Y998KC799;type1b;611,267,310,76;612,267,921,277,918,343,611,333;1;1;generator_v1;CC-BY-4.0;day,angle
images/synthetic/synth_04122.jpg;O499MC199;type1a;109,304,327,208;116,304,436,306,419,492,109,512;1;1;generator_v1;CC-BY-4.0;day,angle,glare
images/synthetic/synth_04123.jpg;O069KK154;type1b;188,423,405,116;196,423,591,459,593,539,188,507;1;1;generator_v1;CC-BY-4.0;day,angle
images/synthetic/synth_04124.jpg;T176HK25;type1a;606,23,274,170;610,23,880,46,865,193,606,168;1;1;generator_v1;CC-BY-4.0;day,angle,dirt
images/synthetic/synth_04125.jpg;B652KM716;type1b;599,281,222,89;599,325,812,281,821,327,607,370;1;1;generator_v1;CC-BY-4.0;day,angle,dirt
images/synthetic/synth_04126.jpg;A073OC74;type1b;209,431,428,108;222,431,637,443,630,539,209,518;1;1;generator_v1;CC-BY-4.0;day,angle
images/synthetic/synth_04127.jpg;B618XM98;type1b;164,302,407,136;164,347,562,302,571,415,171,438;1;1;generator_v1;CC-BY-4.0;day,angle
images/synthetic/synth_04128.jpg;A538BT790;type1a;338,358,469,298;338,370,783,358,807,615,357,656;1;1;generator_v1;CC-BY-4.0;day,angle,dirt
images/synthetic/synth_04129.jpg;T015MT63;type1a;747,433,386,210;747,433,1133,433,1125,643,761,639;1;1;generator_v1;CC-BY-4.0;day,angle,glare
images/synthetic/synth_04130.jpg;X483AM750;type1b;81,318,366,113;81,358,430,318,447,386,92,431;1;1;generator_v1;CC-BY-4.0;day,angle
images/synthetic/synth_04131.jpg;E584OX25;type1a;844,451,235,166;844,495,1054,451,1079,576,870,617;1;1;generator_v1;CC-BY-4.0;day,angle,dirt
images/synthetic/synth_04132.jpg;K509OH123;type1;529,169,360,162;538,169,889,231,875,331,529,251;1;1;generator_v1;CC-BY-4.0;day,angle,glare,dirt
images/synthetic/synth_04133.jpg;E062BA774;type1b;660,547,468,172;660,615,1101,547,1128,641,685,719;1;1;generator_v1;CC-BY-4.0;day,angle,glare,motion_blur
images/synthetic/synth_04134.jpg;K260AB54;type1;289,160,183,68;289,186,467,160,472,199,294,228;1;1;generator_v1;CC-BY-4.0;day,angle,glare
images/synthetic/synth_04135.jpg;M523HC161;type1b;514,218,413,111;516,218,927,225,923,316,514,329;1;1;generator_v1;CC-BY-4.0;day,angle,dirt
images/synthetic/synth_04136.jpg;B875MM174;type1;640,275,259,115;640,330,882,275,899,346,654,390;1;1;generator_v1;CC-BY-4.0;day,angle,glare
images/synthetic/synth_04137.jpg;B515MY790;type1b;666,251,430,156;693,251,1096,317,1077,407,666,330;1;1;generator_v1;CC-BY-4.0;day,angle
images/synthetic/synth_04138.jpg;A102HP152;type1;664,345,340,77;665,345,1000,353,1004,422,664,417;1;1;generator_v1;CC-BY-4.0;day,angle,glare
images/synthetic/synth_04139.jpg;T438YT163;type1a;762,167,417,249;762,174,1165,167,1179,401,766,416;1;1;generator_v1;CC-BY-4.0;day,angle
images/synthetic/synth_04140.jpg;P244EC152;type1a;404,135,271,198;404,135,674,148,675,321,405,333;1;1;generator_v1;CC-BY-4.0;day,angle,glare
images/synthetic/synth_04141.jpg;X190OC74;type1a;135,448,234,169;135,448,369,478,360,617,136,579;1;1;generator_v1;CC-BY-4.0;day,angle
images/synthetic/synth_04142.jpg;A194AM702;type1;387,550,434,160;423,550,821,606,788,710,387,632;1;1;generator_v1;CC-BY-4.0;day,angle,dirt
images/synthetic/synth_04143.jpg;M064CH177;type1b;712,215,331,80;712,215,1042,215,1043,287,713,295;1;1;generator_v1;CC-BY-4.0;day,angle
images/synthetic/synth_04144.jpg;Y892TK163;type1b;553,18,307,99;553,56,849,18,860,78,559,117;1;1;generator_v1;CC-BY-4.0;day,angle
images/synthetic/synth_04145.jpg;Y235KH52;type1b;750,101,318,119;768,101,1068,162,1046,220,750,166;1;1;generator_v1;CC-BY-4.0;day,angle,glare
images/synthetic/synth_04146.jpg;A340XC98;type1a;555,160,242,165;574,160,797,193,778,325,555,300;1;1;generator_v1;CC-BY-4.0;day,angle,dirt
images/synthetic/synth_04147.jpg;A307MK102;type1a;376,276,492,305;376,328,825,276,868,581,436,578;1;1;generator_v1;CC-BY-4.0;day,angle
images/synthetic/synth_04148.jpg;M742XT66;type1b;656,555,343,93;667,555,999,571,986,647,656,648;1;1;generator_v1;CC-BY-4.0;day,angle
images/synthetic/synth_04149.jpg;C558YM198;type1b;202,355,225,91;202,399,420,355,427,401,211,446;1;1;generator_v1;CC-BY-4.0;day,angle
images/synthetic/synth_04150.jpg;E181OE190;type1;160,235,443,106;180,235,603,241,591,341,160,320;1;1;generator_v1;CC-BY-4.0;day,angle
images/synthetic/synth_04151.jpg;A217OA174;type1b;603,611,169,51;603,611,772,623,772,662,603,648;1;1;generator_v1;CC-BY-4.0;day,angle,glare
images/synthetic/synth_04152.jpg;A935PH02;type1b;907,141,191,68;916,141,1098,167,1090,209,907,180;1;1;generator_v1;CC-BY-4.0;day,angle,glare,dirt
images/synthetic/synth_04153.jpg;P909CT123;type1a;322,239,453,262;325,257,747,239,775,480,322,501;1;1;generator_v1;CC-BY-4.0;day,angle,glare
images/synthetic/synth_04154.jpg;T191MX190;type1a;395,107,492,323;445,107,887,204,811,430,395,356;1;1;generator_v1;CC-BY-4.0;day,angle
images/synthetic/synth_04155.jpg;T763HY02;type1;452,88,383,119;464,88,835,130,819,207,452,174;1;1;generator_v1;CC-BY-4.0;day,angle,dirt
images/synthetic/synth_04156.jpg;M465KP125;type1b;607,453,470,147;618,453,1077,505,1062,600,607,557;1;1;generator_v1;CC-BY-4.0;day,angle
images/synthetic/synth_04157.jpg;X274BB90;type1b;291,423,433,119;291,423,719,436,724,532,293,542;1;1;generator_v1;CC-BY-4.0;day,angle
images/synthetic/synth_04158.jpg;M413CC96;type1;345,475,258,94;361,475,603,515,589,569,345,525;1;1;generator_v1;CC-BY-4.0;day,angle
images/synthetic/synth_04159.jpg;T278KX98;type1b;326,188,478,123;326,211,800,188,804,303,332,311;1;1;generator_v1;CC-BY-4.0;day,angle
images/synthetic/synth_04160.jpg;C763AX52;type1;816,299,376,77;816,299,1192,299,1190,376,822,372;1;1;generator_v1;CC-BY-4.0;day,angle
images/synthetic/synth_04161.jpg;P582TO66;type1a;142,372,252,175;172,372,394,421,361,547,142,503;1;1;generator_v1;CC-BY-4.0;day,angle
images/synthetic/synth_04162.jpg;T449MA23;type1a;560,240,455,265;583,240,1015,272,970,505,560,505;1;1;generator_v1;CC-BY-4.0;day,angle,motion_blur
images/synthetic/synth_04163.jpg;H623EA90;type1a;823,22,175,115;823,22,998,24,998,137,824,129;1;1;generator_v1;CC-BY-4.0;day,angle,dirt
images/synthetic/synth_04164.jpg;H291HX93;type1;698,89,301,81;698,109,993,89,999,154,708,170;1;1;generator_v1;CC-BY-4.0;day,angle,glare,dirt
images/synthetic/synth_04165.jpg;M764AP52;type1b;728,321,182,55;728,321,910,336,910,376,730,360;1;1;generator_v1;CC-BY-4.0;day,angle,glare
images/synthetic/synth_04166.jpg;M570TY54;type1;849,655,186,56;849,672,1032,655,1035,694,853,711;1;1;generator_v1;CC-BY-4.0;day,angle,glare,dirt
images/synthetic/synth_04167.jpg;Y261TC96;type1b;439,21,393,100;439,31,832,21,830,104,440,121;1;1;generator_v1;CC-BY-4.0;day,angle,glare,dirt,motion_blur
images/synthetic/synth_04168.jpg;K391TK797;type1a;899,128,217,146;941,128,1116,163,1074,274,899,252;1;1;generator_v1;CC-BY-4.0;day,angle,motion_blur
images/synthetic/synth_04169.jpg;O834XX761;type1b;746,228,241,95;767,228,987,273,965,323,746,286;1;1;generator_v1;CC-BY-4.0;day,angle,motion_blur
images/synthetic/synth_04170.jpg;M626AK116;type1b;262,503,325,89;262,507,577,503,587,592,274,581;1;1;generator_v1;CC-BY-4.0;day,angle
images/synthetic/synth_04171.jpg;M023EA178;type1a;374,248,442,277;449,248,816,319,733,525,374,503;1;1;generator_v1;CC-BY-4.0;day,angle
images/synthetic/synth_04172.jpg;B288MK102;type1a;116,397,378,227;116,425,462,397,494,590,127,624;1;1;generator_v1;CC-BY-4.0;day,angle,glare
images/synthetic/synth_04173.jpg;K247CA777;type1;571,416,301,95;571,445,869,416,872,489,571,511;1;1;generator_v1;CC-BY-4.0;day,angle,dirt
images/synthetic/synth_04174.jpg;A563MK96;type1a;357,242,163,119;363,242,520,248,513,361,357,346;1;1;generator_v1;CC-BY-4.0;day,angle,glare,dirt
images/synthetic/synth_04175.jpg;P089HC138;type1a;949,186,186,127;966,186,1135,206,1118,313,949,301;1;1;generator_v1;CC-BY-4.0;day,angle,motion_blur
images/synthetic/synth_04176.jpg;A301CA123;type1b;239,155,274,88;247,155,513,188,509,243,239,210;1;1;generator_v1;CC-BY-4.0;day,angle,glare,motion_blur
images/synthetic/synth_04177.jpg;H086BK716;type1a;673,65,467,318;673,133,1102,65,1140,329,693,383;1;1;generator_v1;CC-BY-4.0;day,angle,glare
images/synthetic/synth_04178.jpg;H059XO197;type1b;560,299,207,65;560,318,764,299,767,350,562,364;1;1;generator_v1;CC-BY-4.0;day,angle,glare
images/synthetic/synth_04179.jpg;A559HM138;type1;383,254,281,102;392,254,664,300,653,356,383,313;1;1;generator_v1;CC-BY-4.0;day,angle,glare,dirt
images/synthetic/synth_04180.jpg;A487AP16;type1b;840,274,319,117;850,318,1159,274,1153,363,840,391;1;1;generator_v1;CC-BY-4.0;day,angle,glare
images/synthetic/synth_04181.jpg;A360XX154;type1b;714,644,236,63;714,658,944,644,950,697,720,707;1;1;generator_v1;CC-BY-4.0;day,angle,glare,dirt
images/synthetic/synth_04182.jpg;H229XM116;type1a;478,284,432,275;521,284,910,304,877,559,478,508;1;1;generator_v1;CC-BY-4.0;day,angle
images/synthetic/synth_04183.jpg;C313YB123;type1b;774,327,325,78;774,328,1099,327,1099,396,774,405;1;1;generator_v1;CC-BY-4.0;day,angle,motion_blur
images/synthetic/synth_04184.jpg;P232AH763;type1b;922,521,214,89;930,521,1136,557,1127,610,922,569;1;1;generator_v1;CC-BY-4.0;day,angle,glare
images/synthetic/synth_04185.jpg;X228BX38;type1b;693,105,337,92;700,106,1030,105,1024,197,693,182;1;1;generator_v1;CC-BY-4.0;day,angle
images/synthetic/synth_04186.jpg;M805YK50;type1a;746,135,306,204;746,191,1025,135,1052,288,784,339;1;1;generator_v1;CC-BY-4.0;day,angle,motion_blur
images/synthetic/synth_04187.jpg;K718AY77;type1b;725,471,350,93;727,490,1074,471,1075,554,725,564;1;1;generator_v1;CC-BY-4.0;day,angle
images/synthetic/synth_04188.jpg;H342CE790;type1a;88,183,281,168;99,195,369,183,368,348,88,351;1;1;generator_v1;CC-BY-4.0;day,angle,glare,dirt,motion_blur
images/synthetic/synth_04189.jpg;K617XC97;type1;766,0,226,72;766,27,986,0,992,46,770,72;1;1;generator_v1;CC-BY-4.0;day,angle,motion_blur
images/synthetic/synth_04190.jpg;B054KX152;type1b;395,250,423,140;407,250,818,303,809,390,395,342;1;1;generator_v1;CC-BY-4.0;day,angle,glare
images/synthetic/synth_04191.jpg;O980PH152;type1;552,514,363,104;552,514,915,541,909,618,553,588;1;1;generator_v1;CC-BY-4.0;day,angle
images/synthetic/synth_04192.jpg;T025HE54;type1;460,446,256,63;460,455,711,446,716,505,466,509;1;1;generator_v1;CC-BY-4.0;day,angle,glare,dirt,motion_blur
images/synthetic/synth_04193.jpg;B139XC102;type1a;784,260,312,200;784,279,1084,260,1096,433,798,460;1;1;generator_v1;CC-BY-4.0;day,angle,glare
images/synthetic/synth_04194.jpg;C268EA198;type1b;176,324,332,123;176,364,498,324,508,396,188,447;1;1;generator_v1;CC-BY-4.0;day,angle,glare
images/synthetic/synth_04195.jpg;O842TY702;type1b;543,50,303,118;567,50,846,107,822,168,543,122;1;1;generator_v1;CC-BY-4.0;day,angle,glare
images/synthetic/synth_04196.jpg;T027TY38;type1b;812,81,201,72;812,102,1012,81,1013,138,812,153;1;1;generator_v1;CC-BY-4.0;day,angle,dirt,motion_blur
images/synthetic/synth_04197.jpg;P308XO93;type1;302,311,281,90;309,311,583,346,572,401,302,369;1;1;generator_v1;CC-BY-4.0;day,angle
images/synthetic/synth_04198.jpg;P989YM150;type1b;388,0,374,140;388,62,745,0,762,71,401,140;1;1;generator_v1;CC-BY-4.0;day,angle,glare
images/synthetic/synth_04199.jpg;K825CA63;type1b;224,32,215,59;224,46,435,32,439,79,229,91;1;1;generator_v1;CC-BY-4.0;day,angle,dirt
images/synthetic/synth_04200.jpg;O001EM196;type1b;415,409,224,84;415,409,639,437,637,493,415,459;1;1;generator_v1;CC-BY-4.0;day,angle,glare,motion_blur
images/synthetic/synth_04201.jpg;E352YK797;type1a;284,204,494,339;284,271,773,204,778,462,329,543;1;1;generator_v1;CC-BY-4.0;day,angle,dirt
images/synthetic/synth_04202.jpg;E984XC177;type1b;349,293,248,92;349,338,587,293,597,342,362,385;1;1;generator_v1;CC-BY-4.0;day,angle,motion_blur
images/synthetic/synth_04203.jpg;K332CH196;type1a;584,43,349,230;584,92,876,43,933,205,632,273;1;1;generator_v1;CC-BY-4.0;day,angle
images/synthetic/synth_04204.jpg;O729YH116;type1b;240,451,336,119;240,500,568,451,576,520,251,570;1;1;generator_v1;CC-BY-4.0;day,angle,dirt
images/synthetic/synth_04205.jpg;B439KB199;type1a;927,324,293,178;959,332,1220,324,1194,502,927,489;1;1;generator_v1;CC-BY-4.0;day,angle,dirt
images/synthetic/synth_04206.jpg;B358OA52;type1b;377,217,374,147;377,287,735,217,751,293,391,364;1;1;generator_v1;CC-BY-4.0;day,angle
images/synthetic/synth_04207.jpg;C729CO152;type1a;652,206,323,245;652,232,972,206,975,398,665,451;1;1;generator_v1;CC-BY-4.0;day,angle
images/synthetic/synth_04208.jpg;T821AY174;type1b;163,639,184,56;168,639,347,653,341,695,163,678;1;1;generator_v1;CC-BY-4.0;day,angle,dirt,motion_blur
images/synthetic/synth_04209.jpg;O808MK799;type1a;583,413,204,123;583,429,774,413,787,524,600,536;1;1;generator_v1;CC-BY-4.0;day,angle,glare
images/synthetic/synth_04210.jpg;T512OA774;type1;400,268,197,60;404,268,597,288,592,328,400,308;1;1;generator_v1;CC-BY-4.0;day,angle,dirt,motion_blur
images/synthetic/synth_04211.jpg;H983CT78;type1b;567,154,259,74;568,154,826,163,826,226,567,228;1;1;generator_v1;CC-BY-4.0;day,angle,glare
images/synthetic/synth_04212.jpg;O919XO54;type1a;407,342,385,298;407,376,789,342,792,568,426,640;1;1;generator_v1;CC-BY-4.0;day,angle,glare
images/synthetic/synth_04213.jpg;Y717AT193;type1a;439,337,215,151;439,372,635,337,654,458,456,488;1;1;generator_v1;CC-BY-4.0;day,angle,dirt
images/synthetic/synth_04214.jpg;O860ET50;type1a;656,181,499,280;656,183,1155,181,1142,456,669,461;1;1;generator_v1;CC-BY-4.0;day,angle,dirt
images/synthetic/synth_04215.jpg;K791ET198;type1a;651,27,289,216;686,27,940,69,902,243,651,183;1;1;generator_v1;CC-BY-4.0;day,angle
images/synthetic/synth_04216.jpg;A092XH77;type1;418,351,321,142;421,351,739,410,731,493,418,423;1;1;generator_v1;CC-BY-4.0;day,angle,glare
images/synthetic/synth_04217.jpg;H304MM66;type1b;719,158,429,133;719,203,1138,158,1148,250,726,291;1;1;generator_v1;CC-BY-4.0;day,angle,motion_blur
images/synthetic/synth_04218.jpg;Y374ET161;type1a;326,341,517,323;393,341,843,368,798,664,326,593;1;1;generator_v1;CC-BY-4.0;day,angle,dirt
images/synthetic/synth_04219.jpg;O272KO199;type1b;742,77,336,115;761,77,1078,125,1065,192,742,139;1;1;generator_v1;CC-BY-4.0;day,angle,glare,dirt
images/synthetic/synth_04220.jpg;P929BO777;type1a;948,299,231,142;951,299,1179,307,1178,441,948,437;1;1;generator_v1;CC-BY-4.0;day,angle,glare,dirt
images/synthetic/synth_04221.jpg;O259CP77;type1;363,31,376,114;371,31,739,73,724,145,363,107;1;1;generator_v1;CC-BY-4.0;day,angle
images/synthetic/synth_04222.jpg;E484XK774;type1b;667,567,187,68;667,598,851,567,854,604,672,635;1;1;generator_v1;CC-BY-4.0;day,angle
images/synthetic/synth_04223.jpg;H111TE93;type1a;238,308,266,181;243,308,504,311,498,489,238,469;1;1;generator_v1;CC-BY-4.0;day,angle,motion_blur
images/synthetic/synth_04224.jpg;T765CX96;type1a;94,386,233,166;98,386,327,409,327,552,94,542;1;1;generator_v1;CC-BY-4.0;day,angle
images/synthetic/synth_04225.jpg;M156CT96;type1a;443,132,255,194;466,132,698,148,673,326,443,287;1;1;generator_v1;CC-BY-4.0;day,angle
images/synthetic/synth_04226.jpg;H036BH63;type1;315,177,384,143;315,242,685,177,699,259,328,320;1;1;generator_v1;CC-BY-4.0;day,angle,glare
images/synthetic/synth_04227.jpg;A993TY763;type1a;211,145,183,132;211,159,381,145,394,254,224,277;1;1;generator_v1;CC-BY-4.0;day,angle,glare,motion_blur
images/synthetic/synth_04228.jpg;T641XA161;type1b;292,154,310,77;297,154,602,165,599,231,292,219;1;1;generator_v1;CC-BY-4.0;day,angle,glare
images/synthetic/synth_04229.jpg;Y868CX177;type1b;754,621,294,83;754,644,1040,621,1048,680,757,704;1;1;generator_v1;CC-BY-4.0;day,angle,glare,motion_blur
images/synthetic/synth_04230.jpg;P959CK16;type1b;489,142,432,145;489,142,921,175,918,287,493,235;1;1;generator_v1;CC-BY-4.0;day,angle,glare,dirt,motion_blur
images/synthetic/synth_04231.jpg;X277HO799;type1;427,230,483,153;442,230,910,276,898,383,427,328;1;1;generator_v1;CC-BY-4.0;day,angle
images/synthetic/synth_04232.jpg;C340PC97;type1a;247,247,237,201;267,247,484,301,470,448,247,413;1;1;generator_v1;CC-BY-4.0;day,angle
images/synthetic/synth_04233.jpg;M512CE177;type1;781,354,324,127;800,354,1105,410,1088,481,781,418;1;1;generator_v1;CC-BY-4.0;day,angle,glare
images/synthetic/synth_04234.jpg;E395OK98;type1a;311,342,402,279;311,407,678,342,713,574,344,621;1;1;generator_v1;CC-BY-4.0;day,angle,dirt,motion_blur
images/synthetic/synth_04235.jpg;E091YY763;type1a;820,217,320,258;853,217,1140,251,1100,475,820,405;1;1;generator_v1;CC-BY-4.0;day,angle
images/synthetic/synth_04236.jpg;X606CO99;type1a;583,160,437,275;613,160,1020,172,999,435,583,395;1;1;generator_v1;CC-BY-4.0;day,angle,motion_blur
images/synthetic/synth_04237.jpg;T673PT190;type1;479,463,278,89;481,463,757,484,753,552,479,524;1;1;generator_v1;CC-BY-4.0;day,angle
images/synthetic/synth_04238.jpg;P192EO774;type1a;266,502,227,148;266,543,455,502,493,619,307,650;1;1;generator_v1;CC-BY-4.0;day,angle
images/synthetic/synth_04239.jpg;O679HA197;type1b;113,50,313,134;119,50,426,107,415,184,113,118;1;1;generator_v1;CC-BY-4.0;day,angle,glare,dirt
images/synthetic/synth_04240.jpg;B348KX98;type1a;554,138,181,123;573,138,735,161,715,261,554,245;1;1;generator_v1;CC-BY-4.0;day,angle,glare
images/synthetic/synth_04241.jpg;H776OX02;type1;569,246,376,126;582,246,945,298,940,372,569,321;1;1;generator_v1;CC-BY-4.0;day,angle,glare
images/synthetic/synth_04242.jpg;Y565PX97;type1;945,556,265,91;951,556,1210,582,1203,647,945,614;1;1;generator_v1;CC-BY-4.0;day,angle,glare
images/synthetic/synth_04243.jpg;B968YB96;type1a;114,153,365,240;114,182,467,153,479,353,134,393;1;1;generator_v1;CC-BY-4.0;day,angle,glare
images/synthetic/synth_04244.jpg;P682YC02;type1b;600,347,451,144;600,398,1041,347,1051,454,609,491;1;1;generator_v1;CC-BY-4.0;day,angle
images/synthetic/synth_04245.jpg;B974AK123;type1a;172,269,333,217;212,269,505,320,459,486,172,454;1;1;generator_v1;CC-BY-4.0;day,angle,glare,dirt
images/synthetic/synth_04246.jpg;P780MM761;type1b;716,390,284,96;716,423,997,390,1000,462,717,486;1;1;generator_v1;CC-BY-4.0;day,angle,glare,dirt
images/synthetic/synth_04247.jpg;Y599XC763;type1b;867,630,271,72;867,630,1138,636,1136,702,867,689;1;1;generator_v1;CC-BY-4.0;day,angle,motion_blur
images/synthetic/synth_04248.jpg;P309AT161;type1b;199,81,316,92;199,81,515,90,514,173,199,153;1;1;generator_v1;CC-BY-4.0;day,angle,glare,dirt,motion_blur
images/synthetic/synth_04249.jpg;K434PK125;type1a;304,198,472,311;376,198,776,266,699,506,304,509;1;1;generator_v1;CC-BY-4.0;day,angle
images/synthetic/synth_04250.jpg;E981HM702;type1b;667,537,258,70;667,537,924,547,925,607,667,605;1;1;generator_v1;CC-BY-4.0;day,angle,dirt,motion_blur
images/synthetic/synth_04251.jpg;H905YE774;type1;212,266,240,103;222,266,452,306,440,369,212,321;1;1;generator_v1;CC-BY-4.0;day,angle,dirt
images/synthetic/synth_04252.jpg;A065XA198;type1a;205,182,383,242;205,198,588,182,572,389,210,424;1;1;generator_v1;CC-BY-4.0;day,angle
images/synthetic/synth_04253.jpg;A531XA774;type1;620,590,259,90;620,626,873,590,879,644,627,680;1;1;generator_v1;CC-BY-4.0;day,angle,motion_blur
images/synthetic/synth_04254.jpg;A158BX193;type1b;553,646,267,61;553,652,820,646,816,698,553,707;1;1;generator_v1;CC-BY-4.0;day,angle
images/synthetic/synth_04255.jpg;C531CX74;type1a;263,91,237,153;263,116,486,91,500,220,271,244;1;1;generator_v1;CC-BY-4.0;day,angle,dirt
images/synthetic/synth_04256.jpg;E131OO152;type1a;639,165,347,277;639,190,986,165,983,378,648,442;1;1;generator_v1;CC-BY-4.0;day,angle,dirt
images/synthetic/synth_04257.jpg;A028BM66;type1;711,39,408,87;712,40,1112,39,1119,121,711,126;1;1;generator_v1;CC-BY-4.0;day,angle,glare,motion_blur
images/synthetic/synth_04258.jpg;P062MM16;type1;691,222,410,101;692,239,1098,222,1101,312,691,323;1;1;generator_v1;CC-BY-4.0;day,angle
images/synthetic/synth_04259.jpg;M890PK198;type1b;727,206,382,138;727,261,1101,206,1109,303,732,344;1;1;generator_v1;CC-BY-4.0;day,angle,glare
images/synthetic/synth_04260.jpg;T256TT90;type1b;729,488,188,77;729,517,917,488,917,533,731,565;1;1;generator_v1;CC-BY-4.0;day,angle,glare,motion_blur
images/synthetic/synth_04261.jpg;X134XE98;type1;933,531,220,63;933,531,1152,543,1153,594,933,587;1;1;generator_v1;CC-BY-4.0;day,angle
images/synthetic/synth_04262.jpg;P952MC716;type1;391,505,478,152;391,562,851,505,869,599,395,657;1;1;generator_v1;CC-BY-4.0;day,angle,glare
images/synthetic/synth_04263.jpg;P645XX77;type1b;747,189,211,58;752,189,958,198,954,247,747,235;1;1;generator_v1;CC-BY-4.0;day,angle,dirt
images/synthetic/synth_04264.jpg;E313HK54;type1a;104,198,466,317;157,198,570,271,533,515,104,436;1;1;generator_v1;CC-BY-4.0;day,angle,glare
images/synthetic/synth_04265.jpg;E090MA161;type1;298,47,222,77;298,79,513,47,520,93,305,124;1;1;generator_v1;CC-BY-4.0;day,angle
images/synthetic/synth_04266.jpg;M780YE763;type1a;449,188,389,324;464,188,838,268,837,512,449,494;1;1;generator_v1;CC-BY-4.0;day,angle
images/synthetic/synth_04267.jpg;A852AM154;type1a;789,396,181,134;791,397,970,396,967,517,789,530;1;1;generator_v1;CC-BY-4.0;day,angle
images/synthetic/synth_04268.jpg;P377TH25;type1b;249,170,406,100;254,177,655,170,642,251,249,270;1;1;generator_v1;CC-BY-4.0;day,angle
images/synthetic/synth_04269.jpg;A551HM38;type1b;726,451,342,109;729,487,1066,451,1068,535,726,560;1;1;generator_v1;CC-BY-4.0;day,angle
images/synthetic/synth_04270.jpg;X388TY150;type1b;632,594,326,121;632,646,934,594,958,654,653,715;1;1;generator_v1;CC-BY-4.0;day,angle,glare
images/synthetic/synth_04271.jpg;P717HY150;type1a;489,164,474,310;489,222,934,164,963,429,526,474;1;1;generator_v1;CC-BY-4.0;day,angle,glare,motion_blur
images/synthetic/synth_04272.jpg;E767MX716;type1;168,477,479,147;176,477,647,526,633,624,168,578;1;1;generator_v1;CC-BY-4.0;day,angle
images/synthetic/synth_04273.jpg;Y329HO63;type1;471,470,452,149;471,515,923,470,916,561,476,619;1;1;generator_v1;CC-BY-4.0;day,angle,glare,motion_blur
images/synthetic/synth_04274.jpg;A007OH116;type1b;389,528,285,69;393,528,674,529,671,597,389,590;1;1;generator_v1;CC-BY-4.0;day,angle,glare
images/synthetic/synth_04275.jpg;K300CC198;type1b;250,385,471,112;252,385,721,400,714,497,250,487;1;1;generator_v1;CC-BY-4.0;day,angle,glare
images/synthetic/synth_04276.jpg;K275HX152;type1a;575,234,179,126;575,247,749,234,754,357,580,360;1;1;generator_v1;CC-BY-4.0;day,angle
images/synthetic/synth_04277.jpg;K394HP25;type1;638,419,402,92;638,419,1027,426,1040,506,644,511;1;1;generator_v1;CC-BY-4.0;day,angle,dirt,motion_blur
images/synthetic/synth_04278.jpg;M638AK161;type1;828,545,318,68;836,545,1146,547,1143,613,828,608;1;1;generator_v1;CC-BY-4.0;day,angle,glare
images/synthetic/synth_04279.jpg;E627YO02;type1a;132,308,253,183;132,344,354,308,385,442,163,491;1;1;generator_v1;CC-BY-4.0;day,angle,glare,dirt,motion_blur
images/synthetic/synth_04280.jpg;B600PY93;type1a;880,165,285,201;880,217,1135,165,1165,321,909,366;1;1;generator_v1;CC-BY-4.0;day,angle,glare
images/synthetic/synth_04281.jpg;X808AX152;type1;113,46,355,85;113,54,465,46,468,121,115,131;1;1;generator_v1;CC-BY-4.0;day,angle
images/synthetic/synth_04282.jpg;E429EP799;type1a;662,280,531,326;662,352,1155,280,1193,567,732,606;1;1;generator_v1;CC-BY-4.0;day,angle
images/synthetic/synth_04283.jpg;K799OE178;type1b;757,442,226,59;760,442,983,454,981,501,757,491;1;1;generator_v1;CC-BY-4.0;day,angle
images/synthetic/synth_04284.jpg;E886XH78;type1a;558,352,367,272;585,352,925,404,900,624,558,621;1;1;generator_v1;CC-BY-4.0;day,angle,glare,dirt
images/synthetic/synth_04285.jpg;M751KT178;type1a;610,150,434,269;610,173,1044,150,1037,384,628,419;1;1;generator_v1;CC-BY-4.0;day,angle
images/synthetic/synth_04286.jpg;C324CO163;type1a;711,217,302,196;727,217,1013,241,996,413,711,382;1;1;generator_v1;CC-BY-4.0;day,angle,glare
images/synthetic/synth_04287.jpg;K995YH790;type1a;612,158,376,262;612,158,955,158,988,374,644,420;1;1;generator_v1;CC-BY-4.0;day,angle,dirt,motion_blur
images/synthetic/synth_04288.jpg;T029OE150;type1;92,226,316,94;92,256,401,226,408,295,101,320;1;1;generator_v1;CC-BY-4.0;day,angle,dirt
images/synthetic/synth_04289.jpg;X628TY25;type1a;332,251,336,228;332,273,663,251,668,479,335,473;1;1;generator_v1;CC-BY-4.0;day,angle,dirt
images/synthetic/synth_04290.jpg;Y498MM74;type1a;594,372,212,136;610,372,806,397,787,508,594,488;1;1;generator_v1;CC-BY-4.0;day,angle,dirt
images/synthetic/synth_04291.jpg;P875EB98;type1b;121,457,453,167;130,457,572,529,574,624,121,569;1;1;generator_v1;CC-BY-4.0;day,angle,glare,dirt
images/synthetic/synth_04292.jpg;O827AX199;type1a;1013,19,185,127;1013,40,1176,19,1198,118,1035,146;1;1;generator_v1;CC-BY-4.0;day,angle,dirt
images/synthetic/synth_04293.jpg;C933ET63;type1b;527,145,380,132;544,145,907,196,894,277,527,219;1;1;generator_v1;CC-BY-4.0;day,angle
images/synthetic/synth_04294.jpg;E329XP763;type1a;698,317,304,197;733,317,1002,346,963,514,698,514;1;1;generator_v1;CC-BY-4.0;day,angle,motion_blur
images/synthetic/synth_04295.jpg;A665OE152;type1;572,568,344,110;572,596,916,568,911,641,573,678;1;1;generator_v1;CC-BY-4.0;day,angle
images/synthetic/synth_04296.jpg;E074XM750;type1b;995,507,218,76;1004,507,1213,538,1203,583,995,555;1;1;generator_v1;CC-BY-4.0;day,angle
images/synthetic/synth_04297.jpg;P046HT99;type1a;618,152,383,231;666,152,1001,199,942,383,618,367;1;1;generator_v1;CC-BY-4.0;day,angle,motion_blur
images/synthetic/synth_04298.jpg;X525KX174;type1;204,420,363,82;204,420,558,421,567,495,208,502;1;1;generator_v1;CC-BY-4.0;day,angle,glare,dirt
images/synthetic/synth_04299.jpg;C398TY163;type1a;398,337,445,270;398,337,824,345,843,591,403,607;1;1;generator_v1;CC-BY-4.0;day,angle
images/synthetic/synth_04300.jpg;E216MT78;type1b;706,3,401,159;720,3,1107,75,1090,162,706,85;1;1;generator_v1;CC-BY-4.0;day,angle,motion_blur
images/synthetic/synth_04301.jpg;H883XE116;type1a;136,208,257,194;138,208,391,237,393,402,136,397;1;1;generator_v1;CC-BY-4.0;day,angle,glare
images/synthetic/synth_04302.jpg;T085AT02;type1a;358,121,445,282;396,121,803,178,752,403,358,377;1;1;generator_v1;CC-BY-4.0;day,angle,glare
images/synthetic/synth_04303.jpg;T441PH96;type1b;399,227,447,136;399,278,827,227,846,327,425,363;1;1;generator_v1;CC-BY-4.0;day,angle,motion_blur
images/synthetic/synth_04304.jpg;T723CE790;type1a;311,396,377,289;311,461,682,396,688,601,342,685;1;1;generator_v1;CC-BY-4.0;day,angle
images/synthetic/synth_04305.jpg;K614TH102;type1a;825,66,212,143;846,66,1037,100,1015,209,825,179;1;1;generator_v1;CC-BY-4.0;day,angle
images/synthetic/synth_04306.jpg;A332OM90;type1b;131,384,480,133;131,417,605,384,611,492,139,517;1;1;generator_v1;CC-BY-4.0;day,angle,dirt
images/synthetic/synth_04307.jpg;M817AA99;type1a;434,28,393,256;434,82,813,28,827,230,472,284;1;1;generator_v1;CC-BY-4.0;day,angle
images/synthetic/synth_04308.jpg;X656BC54;type1b;295,77,338,79;299,77,633,90,624,156,295,147;1;1;generator_v1;CC-BY-4.0;day,angle,glare
images/synthetic/synth_04309.jpg;K248PK54;type1b;388,475,350,151;388,532,738,475,737,554,393,626;1;1;generator_v1;CC-BY-4.0;day,angle,glare
images/synthetic/synth_04310.jpg;B064MC177;type1a;433,238,439,281;456,284,865,238,872,501,433,519;1;1;generator_v1;CC-BY-4.0;day,angle,motion_blur
images/synthetic/synth_04311.jpg;T387PX702;type1a;535,93,425,251;546,118,944,93,960,327,535,344;1;1;generator_v1;CC-BY-4.0;day,angle
images/synthetic/synth_04312.jpg;Y421OA97;type1b;367,242,248,84;367,275,606,242,615,291,374,326;1;1;generator_v1;CC-BY-4.0;day,angle
images/synthetic/synth_04313.jpg;Y742XY90;type1a;698,162,385,270;698,196,1082,162,1083,377,718,432;1;1;generator_v1;CC-BY-4.0;day,angle,dirt,motion_blur
images/synthetic/synth_04314.jpg;M904XB150;type1a;712,190,397,276;753,190,1109,259,1067,466,712,423;1;1;generator_v1;CC-BY-4.0;day,angle,dirt
images/synthetic/synth_04315.jpg;X465YP50;type1;768,519,326,87;774,519,1094,523,1085,596,768,606;1;1;generator_v1;CC-BY-4.0;day,angle,glare,dirt,motion_blur
images/synthetic/synth_04316.jpg;E610EB152;type1;742,322,366,86;742,335,1095,322,1108,408,761,408;1;1;generator_v1;CC-BY-4.0;day,angle
images/synthetic/synth_04317.jpg;X852AC123;type1b;643,537,237,60;645,537,880,547,878,597,643,587;1;1;generator_v1;CC-BY-4.0;day,angle,dirt
images/synthetic/synth_04318.jpg;K306CM198;type1b;223,58,417,167;240,58,640,139,628,225,223,156;1;1;generator_v1;CC-BY-4.0;day,angle,glare
images/synthetic/synth_04319.jpg;C497AK102;type1b;631,0,469,180;631,76,1094,0,1100,84,649,180;1;1;generator_v1;CC-BY-4.0;day,angle,glare,motion_blur
images/synthetic/synth_04320.jpg;X927PY98;type1a;587,156,385,255;634,156,972,201,921,410,587,411;1;1;generator_v1;CC-BY-4.0;day,angle
images/synthetic/synth_04321.jpg;A283CX177;type1b;117,4,188,66;117,33,293,4,305,43,130,70;1;1;generator_v1;CC-BY-4.0;day,angle,glare,dirt
images/synthetic/synth_04322.jpg;Y604KM154;type1b;794,15,204,45;794,15,992,18,998,60,799,59;1;1;generator_v1;CC-BY-4.0;day,angle
images/synthetic/synth_04323.jpg;P528YH16;type1a;785,280,309,194;785,294,1094,280,1085,449,789,474;1;1;generator_v1;CC-BY-4.0;day,angle,motion_blur
images/synthetic/synth_04324.jpg;K657HX197;type1b;211,146,238,81;223,146,449,177,436,227,211,203;1;1;generator_v1;CC-BY-4.0;day,angle,glare,motion_blur
images/synthetic/synth_04325.jpg;K126TY163;type1a;365,273,213,120;381,276,578,273,567,393,365,389;1;1;generator_v1;CC-BY-4.0;day,angle
images/synthetic/synth_04326.jpg;K354MK102;type1b;568,480,365,119;568,527,916,480,933,563,588,599;1;1;generator_v1;CC-BY-4.0;day,angle,glare,dirt
images/synthetic/synth_04327.jpg;K857EE116;type1;241,425,438,123;245,425,679,461,666,548,241,515;1;1;generator_v1;CC-BY-4.0;day,angle,dirt
images/synthetic/synth_04328.jpg;A499AC97;type1a;934,179,200,111;934,182,1122,179,1134,284,940,290;1;1;generator_v1;CC-BY-4.0;day,angle,dirt,motion_blur
images/synthetic/synth_04329.jpg;C998EO125;type1a;459,126,399,256;459,137,796,126,858,328,515,382;1;1;generator_v1;CC-BY-4.0;day,angle
images/synthetic/synth_04330.jpg;M314AK50;type1a;181,52,472,336;186,125,631,52,653,355,181,388;1;1;generator_v1;CC-BY-4.0;day,angle,dirt,motion_blur
images/synthetic/synth_04331.jpg;X966AX61;type1a;580,212,533,354;580,305,1067,212,1113,496,649,566;1;1;generator_v1;CC-BY-4.0;day,angle,glare,dirt
images/synthetic/synth_04332.jpg;X035MO38;type1a;348,285,444,304;348,330,773,285,792,525,380,589;1;1;generator_v1;CC-BY-4.0;day,angle
images/synthetic/synth_04333.jpg;H990AK125;type1a;168,291,303,211;191,291,471,303,447,502,168,466;1;1;generator_v1;CC-BY-4.0;day,angle
images/synthetic/synth_04334.jpg;X117ET750;type1b;298,4,198,75;298,37,488,4,496,44,306,79;1;1;generator_v1;CC-BY-4.0;day,angle,glare
images/synthetic/synth_04335.jpg;K032KP78;type1a;648,220,461,334;700,220,1109,283,1053,554,648,456;1;1;generator_v1;CC-BY-4.0;day,angle,glare
images/synthetic/synth_04336.jpg;K146AY761;type1a;483,375,363,261;495,375,842,429,846,636,483,608;1;1;generator_v1;CC-BY-4.0;day,angle
images/synthetic/synth_04337.jpg;X300TE163;type1b;274,334,422,148;274,397,683,334,696,424,289,482;1;1;generator_v1;CC-BY-4.0;day,angle,dirt,motion_blur
images/synthetic/synth_04338.jpg;A089YE125;type1;267,30,407,126;270,30,669,72,674,156,267,126;1;1;generator_v1;CC-BY-4.0;day,angle
images/synthetic/synth_04339.jpg;K862KK116;type1a;319,49,477,324;319,120,724,49,796,275,376,373;1;1;generator_v1;CC-BY-4.0;day,angle,motion_blur
images/synthetic/synth_04340.jpg;B758OM50;type1b;718,316,219,88;718,356,930,316,937,369,723,404;1;1;generator_v1;CC-BY-4.0;day,angle,dirt
images/synthetic/synth_04341.jpg;X131EM702;type1b;199,234,192,69;204,234,391,259,386,303,199,282;1;1;generator_v1;CC-BY-4.0;day,angle
images/synthetic/synth_04342.jpg;B741MB66;type1a;568,455,308,183;598,455,876,481,838,638,568,630;1;1;generator_v1;CC-BY-4.0;day,angle,glare
images/synthetic/synth_04343.jpg;A819CA152;type1b;137,178,390,129;140,205,527,178,518,262,137,307;1;1;generator_v1;CC-BY-4.0;day,angle,glare,dirt
images/synthetic/synth_04344.jpg;M022PP98;type1a;891,436,230,141;907,436,1121,456,1113,577,891,555;1;1;generator_v1;CC-BY-4.0;day,angle,glare,dirt
images/synthetic/synth_04345.jpg;A556MY78;type1;145,558,205,78;158,558,350,595,335,636,145,604;1;1;generator_v1;CC-BY-4.0;day,angle,glare
images/synthetic/synth_04346.jpg;P699BC90;type1a;681,118,250,167;700,118,931,149,913,285,681,253;1;1;generator_v1;CC-BY-4.0;day,angle
images/synthetic/synth_04347.jpg;X411YP38;type1a;91,147,546,361;164,147,637,228,601,508,91,413;1;1;generator_v1;CC-BY-4.0;day,angle,dirt
images/synthetic/synth_04348.jpg;E334OM750;type1a;345,346,451,287;351,346,771,393,796,633,345,615;1;1;generator_v1;CC-BY-4.0;day,angle,dirt
images/synthetic/synth_04349.jpg;H656XX66;type1b;421,289,267,89;430,289,688,323,681,378,421,343;1;1;generator_v1;CC-BY-4.0;day,angle
images/synthetic/synth_04350.jpg;C516CE16;type1b;351,365,244,94;360,365,595,407,586,459,351,415;1;1;generator_v1;CC-BY-4.0;day,angle,dirt
images/synthetic/synth_04351.jpg;T927KH777;type1b;706,359,291,94;706,394,992,359,997,418,714,453;1;1;generator_v1;CC-BY-4.0;day,angle
images/synthetic/synth_04352.jpg;K729AY152;type1a;604,180,517,341;604,233,1071,180,1121,448,640,521;1;1;generator_v1;CC-BY-4.0;day,angle,dirt
images/synthetic/synth_04353.jpg;B136TX52;type1b;877,11,299,90;877,38,1171,11,1176,77,881,101;1;1;generator_v1;CC-BY-4.0;day,angle
images/synthetic/synth_04354.jpg;H803PP90;type1a;139,234,382,276;160,234,521,296,518,510,139,469;1;1;generator_v1;CC-BY-4.0;day,angle,glare,motion_blur
images/synthetic/synth_04355.jpg;H547EK74;type1b;689,271,482,193;689,362,1160,271,1171,368,710,464;1;1;generator_v1;CC-BY-4.0;day,angle,glare,motion_blur
images/synthetic/synth_04356.jpg;B618CO52;type1a;670,326,484,304;697,326,1154,360,1140,630,670,595;1;1;generator_v1;CC-BY-4.0;day,angle
images/synthetic/synth_04357.jpg;C590CK750;type1b;600,102,287,113;608,102,887,156,876,215,600,160;1;1;generator_v1;CC-BY-4.0;day,angle
images/synthetic/synth_04358.jpg;B767KK97;type1a;325,365,243,162;355,365,568,378,539,527,325,498;1;1;generator_v1;CC-BY-4.0;day,angle
images/synthetic/synth_04359.jpg;B048TX174;type1b;689,206,429,106;703,206,1118,219,1112,312,689,291;1;1;generator_v1;CC-BY-4.0;day,angle,glare
images/synthetic/synth_04360.jpg;B573HE116;type1;721,124,287,76;721,140,1005,124,1008,187,726,200;1;1;generator_v1;CC-BY-4.0;day,angle,glare
images/synthetic/synth_04361.jpg;K118BO174;type1b;557,302,404,99;561,302,961,322,949,401,557,385;1;1;generator_v1;CC-BY-4.0;day,angle,motion_blur
images/synthetic/synth_04362.jpg;E050AY152;type1b;476,345,359,149;476,405,809,345,835,418,503,494;1;1;generator_v1;CC-BY-4.0;day,angle,motion_blur
images/synthetic/synth_04363.jpg;X042AP90;type1;264,328,421,135;274,328,685,383,666,463,264,414;1;1;generator_v1;CC-BY-4.0;day,angle,dirt
images/synthetic/synth_04364.jpg;O387TA750;type1a;188,306,386,233;206,306,574,330,544,538,188,539;1;1;generator_v1;CC-BY-4.0;day,angle,glare
images/synthetic/synth_04365.jpg;E028MM38;type1b;707,191,411,162;730,191,1118,246,1094,353,707,277;1;1;generator_v1;CC-BY-4.0;day,angle
images/synthetic/synth_04366.jpg;A721KB125;type1;463,438,484,114;463,440,944,438,947,539,465,552;1;1;generator_v1;CC-BY-4.0;day,angle,glare
images/synthetic/synth_04367.jpg;E766OC50;type1b;779,396,364,143;797,396,1143,469,1121,539,779,473;1;1;generator_v1;CC-BY-4.0;day,angle,glare
images/synthetic/synth_04368.jpg;P137EH797;type1b;868,571,304,121;878,571,1172,630,1167,692,868,636;1;1;generator_v1;CC-BY-4.0;day,angle,motion_blur
images/synthetic/synth_04369.jpg;T032PY774;type1b;960,423,207,52;960,423,1157,428,1167,474,969,475;1;1;generator_v1;CC-BY-4.0;day,angle,glare,motion_blur
images/synthetic/synth_04370.jpg;X575HE199;type1a;560,336,518,353;560,414,1027,336,1078,611,600,689;1;1;generator_v1;CC-BY-4.0;day,angle,motion_blur
images/synthetic/synth_04371.jpg;O734KE02;type1;486,21,276,88;486,49,754,21,762,78,493,109;1;1;generator_v1;CC-BY-4.0;day,angle
images/synthetic/synth_04372.jpg;H566CX125;type1b;369,211,365,155;378,211,734,280,719,366,369,288;1;1;generator_v1;CC-BY-4.0;day,angle,glare
images/synthetic/synth_04373.jpg;M771PY38;type1a;218,317,330,194;236,317,548,338,520,511,218,506;1;1;generator_v1;CC-BY-4.0;day,angle
images/synthetic/synth_04374.jpg;M296CT90;type1;89,208,310,116;89,260,389,208,399,275,95,324;1;1;generator_v1;CC-BY-4.0;day,angle
images/synthetic/synth_04375.jpg;E175OB102;type1a;115,528,206,120;129,528,321,529,302,640,115,648;1;1;generator_v1;CC-BY-4.0;day,angle,dirt,motion_blur
images/synthetic/synth_04376.jpg;C589AM93;type1;370,588,259,97;370,632,625,588,629,640,378,685;1;1;generator_v1;CC-BY-4.0;day,angle,glare
images/synthetic/synth_04377.jpg;M989KH74;type1a;692,87,459,338;752,87,1151,183,1095,425,692,383;1;1;generator_v1;CC-BY-4.0;day,angle,dirt
images/synthetic/synth_04378.jpg;A442MY790;type1b;153,324,259,78;153,345,412,324,412,378,156,402;1;1;generator_v1;CC-BY-4.0;day,angle,dirt
images/synthetic/synth_04379.jpg;O807HB196;type1b;759,326,246,77;759,351,1001,326,1005,377,765,403;1;1;generator_v1;CC-BY-4.0;day,angle
images/synthetic/synth_04380.jpg;K347MY77;type1a;94,265,361,265;94,270,450,265,455,484,105,530;1;1;generator_v1;CC-BY-4.0;day,angle,motion_blur
images/synthetic/synth_04381.jpg;A630TY174;type1;309,12,399,161;328,12,708,92,689,173,309,103;1;1;generator_v1;CC-BY-4.0;day,angle,dirt
images/synthetic/synth_04382.jpg;B307BE52;type1b;319,305,473,156;326,367,785,305,792,410,319,461;1;1;generator_v1;CC-BY-4.0;day,angle,glare
images/synthetic/synth_04383.jpg;Y417KT63;type1a;678,185,422,323;692,185,1100,192,1072,445,678,508;1;1;generator_v1;CC-BY-4.0;day,angle,motion_blur
images/synthetic/synth_04384.jpg;Y622HH198;type1a;163,338,375,292;204,338,538,409,503,630,163,613;1;1;generator_v1;CC-BY-4.0;day,angle
images/synthetic/synth_04385.jpg;M779CT174;type1b;637,197,493,127;637,216,1112,197,1130,293,645,324;1;1;generator_v1;CC-BY-4.0;day,angle,dirt
images/synthetic/synth_04386.jpg;Y632TC790;type1a;158,367,338,246;158,367,493,374,496,583,163,613;1;1;generator_v1;CC-BY-4.0;day,angle
images/synthetic/synth_04387.jpg;M118PK174;type1b;600,355,379,122;620,355,979,397,958,477,600,454;1;1;generator_v1;CC-BY-4.0;day,angle
images/synthetic/synth_04388.jpg;M272HC123;type1a;286,163,451,335;286,257,690,163,737,437,321,498;1;1;generator_v1;CC-BY-4.0;day,angle
images/synthetic/synth_04389.jpg;C888OC702;type1b;825,497,324,74;825,503,1149,497,1149,569,825,571;1;1;generator_v1;CC-BY-4.0;day,angle,dirt,motion_blur
images/synthetic/synth_04390.jpg;O489BP25;type1a;723,116,446,310;758,116,1169,173,1128,426,723,351;1;1;generator_v1;CC-BY-4.0;day,angle,glare
images/synthetic/synth_04391.jpg;E142PK161;type1;597,213,259,90;604,243,856,213,852,282,597,303;1;1;generator_v1;CC-BY-4.0;day,angle,glare,dirt
images/synthetic/synth_04392.jpg;O155PB177;type1b;592,273,428,108;600,273,1020,290,1017,381,592,361;1;1;generator_v1;CC-BY-4.0;day,angle
images/synthetic/synth_04393.jpg;A480BM797;type1a;435,97,448,263;448,113,876,97,883,358,435,360;1;1;generator_v1;CC-BY-4.0;day,angle
images/synthetic/synth_04394.jpg;K708OY799;type1a;165,282,191,137;193,282,356,315,328,419,165,397;1;1;generator_v1;CC-BY-4.0;day,angle,dirt
images/synthetic/synth_04395.jpg;P694KC716;type1a;208,506,270,171;208,544,435,506,478,629,243,677;1;1;generator_v1;CC-BY-4.0;day,angle
images/synthetic/synth_04396.jpg;O449PM116;type1;169,8,198,75;169,44,360,8,367,48,177,83;1;1;generator_v1;CC-BY-4.0;day,angle
images/synthetic/synth_04397.jpg;K419BO78;type1a;553,22,382,305;560,90,928,22,935,314,553,327;1;1;generator_v1;CC-BY-4.0;day,angle,glare
images/synthetic/synth_04398.jpg;E137YB152;type1b;571,438,481,135;580,438,1052,464,1045,573,571,537;1;1;generator_v1;CC-BY-4.0;day,angle,glare
images/synthetic/synth_04399.jpg;X932PA138;type1;443,21,357,138;443,87,777,21,800,87,460,159;1;1;generator_v1;CC-BY-4.0;day,angle,motion_blur
images/synthetic/synth_04400.jpg;T391MO138;type1;264,96,290,112;287,96,554,149,531,208,264,167;1;1;generator_v1;CC-BY-4.0;day,angle,dirt
images/synthetic/synth_04401.jpg;M867PB93;type1;817,422,240,67;817,429,1054,422,1057,476,820,489;1;1;generator_v1;CC-BY-4.0;day,angle,glare
images/synthetic/synth_04402.jpg;A343KX50;type1a;691,199,347,228;706,203,1038,199,1009,392,691,427;1;1;generator_v1;CC-BY-4.0;day,angle
images/synthetic/synth_04403.jpg;M275BH66;type1a;576,272,424,265;576,332,943,272,1000,519,643,537;1;1;generator_v1;CC-BY-4.0;day,angle,glare,dirt
images/synthetic/synth_04404.jpg;K674TH154;type1;75,21,160,52;82,21,235,37,228,73,75,60;1;1;generator_v1;CC-BY-4.0;day,angle,glare,motion_blur
images/synthetic/synth_04405.jpg;O675CB138;type1;63,176,237,73;63,198,294,176,300,231,68,249;1;1;generator_v1;CC-BY-4.0;day,angle,motion_blur
images/synthetic/synth_04406.jpg;O002KT02;type1b;475,246,433,163;475,315,898,246,908,335,490,409;1;1;generator_v1;CC-BY-4.0;day,angle
images/synthetic/synth_04407.jpg;Y988OK702;type1;886,513,207,76;886,533,1090,513,1093,563,891,589;1;1;generator_v1;CC-BY-4.0;day,angle,glare
images/synthetic/synth_04408.jpg;X482YY177;type1a;748,422,362,247;748,439,1077,422,1110,621,779,669;1;1;generator_v1;CC-BY-4.0;day,angle,glare,dirt
images/synthetic/synth_04409.jpg;H445ET16;type1b;498,167,372,144;518,167,870,238,857,311,498,236;1;1;generator_v1;CC-BY-4.0;day,angle
images/synthetic/synth_04410.jpg;O423EH777;type1a;898,148,253,160;898,151,1143,148,1151,308,911,297;1;1;generator_v1;CC-BY-4.0;day,angle,glare,motion_blur
images/synthetic/synth_04411.jpg;C930AX125;type1b;591,266,369,105;603,266,960,301,942,371,591,345;1;1;generator_v1;CC-BY-4.0;day,angle,dirt,motion_blur
images/synthetic/synth_04412.jpg;T181TK97;type1a;349,280,490,319;349,369,755,280,839,574,439,599;1;1;generator_v1;CC-BY-4.0;day,angle,motion_blur
images/synthetic/synth_04413.jpg;P606KH102;type1a;825,119,344,233;825,119,1169,147,1161,352,837,307;1;1;generator_v1;CC-BY-4.0;day,angle,glare,dirt
images/synthetic/synth_04414.jpg;T564YA138;type1b;672,510,484,192;672,595,1130,510,1156,605,695,702;1;1;generator_v1;CC-BY-4.0;day,angle
images/synthetic/synth_04415.jpg;X816ET174;type1a;207,435,284,199;222,435,491,451,473,624,207,634;1;1;generator_v1;CC-BY-4.0;day,angle
images/synthetic/synth_04416.jpg;H593KA25;type1a;791,63,286,223;799,63,1077,107,1058,286,791,227;1;1;generator_v1;CC-BY-4.0;day,angle
images/synthetic/synth_04417.jpg;A669EA197;type1b;287,268,265,99;287,311,546,268,552,323,296,367;1;1;generator_v1;CC-BY-4.0;day,angle,dirt,motion_blur
images/synthetic/synth_04418.jpg;Y959PH152;type1a;787,409,356,287;787,453,1138,409,1143,618,809,696;1;1;generator_v1;CC-BY-4.0;day,angle,glare
images/synthetic/synth_04419.jpg;H145AK97;type1b;710,211,269,101;727,211,979,255,964,312,710,263;1;1;generator_v1;CC-BY-4.0;day,angle,glare
images/synthetic/synth_04420.jpg;O051TC790;type1a;559,48,386,251;568,48,931,91,945,299,559,276;1;1;generator_v1;CC-BY-4.0;day,angle
images/synthetic/synth_04421.jpg;T311KB190;type1b;372,573,301,68;374,575,673,573,665,634,372,641;1;1;generator_v1;CC-BY-4.0;day,angle,glare,dirt,motion_blur
images/synthetic/synth_04422.jpg;T103PE774;type1a;583,61,273,178;594,61,856,89,856,239,583,216;1;1;generator_v1;CC-BY-4.0;day,angle,dirt
images/synthetic/synth_04423.jpg;A723AX90;type1b;702,453,179,72;708,453,881,484,876,525,702,496;1;1;generator_v1;CC-BY-4.0;day,angle
images/synthetic/synth_04424.jpg;A534OM98;type1;133,504,306,95;134,526,439,504,433,569,133,599;1;1;generator_v1;CC-BY-4.0;day,angle
images/synthetic/synth_04425.jpg;Y019KM702;type1;142,77,482,145;142,109,609,77,624,175,154,222;1;1;generator_v1;CC-BY-4.0;day,angle
images/synthetic/synth_04426.jpg;E611HT125;type1b;391,255,483,128;399,287,870,255,874,363,391,383;1;1;generator_v1;CC-BY-4.0;day,angle,dirt
images/synthetic/synth_04427.jpg;M122TC154;type1;435,398,233,50;435,400,668,398,668,446,437,448;1;1;generator_v1;CC-BY-4.0;day,angle,glare
images/synthetic/synth_04428.jpg;P107BC750;type1b;742,467,390,79;742,469,1132,467,1131,546,750,545;1;1;generator_v1;CC-BY-4.0;day,angle,dirt
images/synthetic/synth_04429.jpg;A523OM98;type1a;378,212,464,353;424,212,842,315,821,565,378,497;1;1;generator_v1;CC-BY-4.0;day,angle
images/synthetic/synth_04430.jpg;B775OY190;type1b;478,614,283,105;492,614,761,661,749,719,478,669;1;1;generator_v1;CC-BY-4.0;day,angle,glare,motion_blur
images/synthetic/synth_04431.jpg;A094PM66;type1b;224,468,307,85;230,468,531,480,526,553,224,534;1;1;generator_v1;CC-BY-4.0;day,angle,glare,motion_blur
images/synthetic/synth_04432.jpg;C035HM174;type1b;186,422,481,132;192,422,667,453,661,554,186,526;1;1;generator_v1;CC-BY-4.0;day,angle,motion_blur
images/synthetic/synth_04433.jpg;O101PE74;type1a;160,345,337,234;191,345,497,369,461,563,160,579;1;1;generator_v1;CC-BY-4.0;day,angle,glare
images/synthetic/synth_04434.jpg;H341CO799;type1b;108,135,498,173;108,207,576,135,606,224,126,308;1;1;generator_v1;CC-BY-4.0;day,angle
images/synthetic/synth_04435.jpg;E580CX138;type1;202,149,472,164;202,215,661,149,674,257,208,313;1;1;generator_v1;CC-BY-4.0;day,angle
images/synthetic/synth_04436.jpg;Y873XM97;type1b;121,357,252,65;125,357,373,362,369,422,121,412;1;1;generator_v1;CC-BY-4.0;day,angle,glare
images/synthetic/synth_04437.jpg;M073OA702;type1b;898,627,223,66;898,627,1118,645,1121,693,898,679;1;1;generator_v1;CC-BY-4.0;day,angle
images/synthetic/synth_04438.jpg;P950TA777;type1a;188,234,364,246;188,234,539,239,552,480,216,439;1;1;generator_v1;CC-BY-4.0;day,angle,glare
images/synthetic/synth_04439.jpg;O671YO74;type1a;426,214,325,219;426,214,717,236,751,421,453,433;1;1;generator_v1;CC-BY-4.0;day,angle,glare
images/synthetic/synth_04440.jpg;K257HE763;type1b;293,483,332,117;297,483,625,513,618,600,293,558;1;1;generator_v1;CC-BY-4.0;day,angle,dirt,motion_blur
images/synthetic/synth_04441.jpg;Y276OH98;type1a;308,16,348,253;308,86,618,16,656,209,337,269;1;1;generator_v1;CC-BY-4.0;day,angle,glare,dirt
images/synthetic/synth_04442.jpg;M084AY90;type1b;385,0,461,139;392,0,846,42,841,139,385,114;1;1;generator_v1;CC-BY-4.0;day,angle,glare,dirt
images/synthetic/synth_04443.jpg;T031BT02;type1b;80,244,190,75;89,244,270,279,263,319,80,283;1;1;generator_v1;CC-BY-4.0;day,angle,glare
images/synthetic/synth_04444.jpg;T974TA178;type1b;596,284,308,121;607,284,904,341,891,405,596,347;1;1;generator_v1;CC-BY-4.0;day,angle,glare,dirt
images/synthetic/synth_04445.jpg;A449PX63;type1a;152,203,394,302;152,271,526,203,546,483,159,505;1;1;generator_v1;CC-BY-4.0;day,angle
images/synthetic/synth_04446.jpg;K788XC74;type1a;727,339,327,214;727,339,1041,355,1054,545,733,553;1;1;generator_v1;CC-BY-4.0;day,angle,glare
images/synthetic/synth_04447.jpg;A881OP777;type1;480,441,176,41;486,441,656,444,651,482,480,477;1;1;generator_v1;CC-BY-4.0;day,angle,glare
images/synthetic/synth_04448.jpg;C562TO63;type1b;849,370,276,65;850,378,1124,370,1125,429,849,435;1;1;generator_v1;CC-BY-4.0;day,angle,glare
images/synthetic/synth_04449.jpg;P928EH38;type1b;167,601,334,112;177,601,501,641,491,713,167,684;1;1;generator_v1;CC-BY-4.0;day,angle
images/synthetic/synth_04450.jpg;O711BC25;type1;340,595,298,98;346,595,638,627,634,693,340,669;1;1;generator_v1;CC-BY-4.0;day,angle,glare
images/synthetic/synth_04451.jpg;O305CM16;type1b;578,256,465,135;578,286,1038,256,1043,353,585,391;1;1;generator_v1;CC-BY-4.0;day,angle,glare
images/synthetic/synth_04452.jpg;K380HA78;type1b;336,104,227,78;336,131,563,104,563,152,339,182;1;1;generator_v1;CC-BY-4.0;day,angle,glare
images/synthetic/synth_04453.jpg;P243XA177;type1a;269,352,449,296;275,356,718,352,688,599,269,648;1;1;generator_v1;CC-BY-4.0;day,angle,glare
images/synthetic/synth_04454.jpg;E001YH23;type1;753,204,261,61;753,204,1014,211,1013,265,756,256;1;1;generator_v1;CC-BY-4.0;day,angle,glare,dirt,motion_blur
images/synthetic/synth_04455.jpg;H024BC178;type1b;538,629,266,71;541,629,804,645,800,700,538,685;1;1;generator_v1;CC-BY-4.0;day,angle,glare,dirt,motion_blur
images/synthetic/synth_04456.jpg;A758MH98;type1b;627,106,508,179;647,106,1135,178,1121,285,627,208;1;1;generator_v1;CC-BY-4.0;day,angle,glare,motion_blur
images/synthetic/synth_04457.jpg;P561OB138;type1b;459,257,329,97;471,257,788,288,772,354,459,332;1;1;generator_v1;CC-BY-4.0;day,angle,glare
images/synthetic/synth_04458.jpg;C760XT02;type1a;560,107,371,245;560,153,904,107,931,311,571,352;1;1;generator_v1;CC-BY-4.0;day,angle
images/synthetic/synth_04459.jpg;K101BA750;type1b;813,509,338,74;813,509,1151,513,1149,583,814,579;1;1;generator_v1;CC-BY-4.0;day,angle
images/synthetic/synth_04460.jpg;E786PE125;type1b;458,297,463,164;458,368,906,297,921,399,475,461;1;1;generator_v1;CC-BY-4.0;day,angle,glare,dirt
images/synthetic/synth_04461.jpg;X042HY152;type1;173,140,374,130;181,140,547,188,536,270,173,217;1;1;generator_v1;CC-BY-4.0;day,angle
images/synthetic/synth_04462.jpg;T433TK38;type1a;808,396,381,232;823,396,1189,409,1180,628,808,608;1;1;generator_v1;CC-BY-4.0;day,angle,dirt
images/synthetic/synth_04463.jpg;O629MM197;type1a;445,44,359,306;445,127,780,44,804,315,454,350;1;1;generator_v1;CC-BY-4.0;day,angle,dirt
images/synthetic/synth_04464.jpg;Y315EH77;type1b;176,612,319,107;195,612,495,668,479,719,176,673;1;1;generator_v1;CC-BY-4.0;day,angle,motion_blur
images/synthetic/synth_04465.jpg;M964KT38;type1a;533,120,395,276;533,120,928,160,909,396,539,336;1;1;generator_v1;CC-BY-4.0;day,angle
images/synthetic/synth_04466.jpg;P285AH152;type1a;820,128,275,203;838,128,1095,172,1081,331,820,303;1;1;generator_v1;CC-BY-4.0;day,angle,glare,motion_blur
images/synthetic/synth_04467.jpg;Y542AK702;type1b;173,417,270,74;176,417,443,431,440,491,173,474;1;1;generator_v1;CC-BY-4.0;day,angle
images/synthetic/synth_04468.jpg;E070BC125;type1;639,426,303,110;653,426,942,459,928,536,639,493;1;1;generator_v1;CC-BY-4.0;day,angle,glare
images/synthetic/synth_04469.jpg;A850EE16;type1b;393,62,434,171;393,142,815,62,827,149,411,233;1;1;generator_v1;CC-BY-4.0;day,angle,glare,dirt
images/synthetic/synth_04470.jpg;T131KY774;type1a;306,439,379,264;343,439,685,511,639,703,306,636;1;1;generator_v1;CC-BY-4.0;day,angle,dirt
images/synthetic/synth_04471.jpg;B643OT38;type1a;394,416,360,244;394,487,705,416,754,608,450,660;1;1;generator_v1;CC-BY-4.0;day,angle,glare
images/synthetic/synth_04472.jpg;T031XA750;type1a;584,309,464,302;584,334,1048,309,1040,562,603,611;1;1;generator_v1;CC-BY-4.0;day,angle,motion_blur
images/synthetic/synth_04473.jpg;Y181AY750;type1a;790,267,324,192;790,272,1114,267,1110,448,796,459;1;1;generator_v1;CC-BY-4.0;day,angle,glare,motion_blur
images/synthetic/synth_04474.jpg;X175XM716;type1a;696,79,328,215;734,79,1024,125,981,294,696,268;1;1;generator_v1;CC-BY-4.0;day,angle
images/synthetic/synth_04475.jpg;M411MB102;type1;703,242,241,79;703,242,944,265,941,321,703,294;1;1;generator_v1;CC-BY-4.0;day,angle,glare,motion_blur
images/synthetic/synth_04476.jpg;B978TE102;type1b;379,298,242,107;379,338,621,298,620,356,381,405;1;1;generator_v1;CC-BY-4.0;day,angle,glare,dirt
images/synthetic/synth_04477.jpg;B221MO197;type1a;346,147,303,213;346,171,644,147,649,321,359,360;1;1;generator_v1;CC-BY-4.0;day,angle
images/synthetic/synth_04478.jpg;T132CO102;type1a;177,440,210,133;177,469,361,440,387,550,205,573;1;1;generator_v1;CC-BY-4.0;day,angle,glare,dirt
images/synthetic/synth_04479.jpg;X285PH150;type1b;394,181,394,129;402,181,788,217,779,310,394,264;1;1;generator_v1;CC-BY-4.0;day,angle
images/synthetic/synth_04480.jpg;P849PM123;type1b;954,173,211,79;954,209,1155,173,1165,219,964,252;1;1;generator_v1;CC-BY-4.0;day,angle,dirt
images/synthetic/synth_04481.jpg;H833PA161;type1a;460,46,410,283;460,104,837,46,870,308,494,329;1;1;generator_v1;CC-BY-4.0;day,angle,glare,dirt
images/synthetic/synth_04482.jpg;P082KA197;type1a;602,28,240,162;632,28,842,56,812,190,602,180;1;1;generator_v1;CC-BY-4.0;day,angle,motion_blur
images/synthetic/synth_04483.jpg;A144MC138;type1a;283,283,380,261;314,283,663,344,624,544,283,484;1;1;generator_v1;CC-BY-4.0;day,angle,motion_blur
images/synthetic/synth_04484.jpg;M471OA90;type1b;603,218,215,83;603,253,806,218,818,263,614,301;1;1;generator_v1;CC-BY-4.0;day,angle
images/synthetic/synth_04485.jpg;B892AY174;type1b;315,551,344,123;315,605,643,551,659,617,327,674;1;1;generator_v1;CC-BY-4.0;day,angle
images/synthetic/synth_04486.jpg;H683YK790;type1a;640,427,181,122;640,427,805,434,821,544,654,549;1;1;generator_v1;CC-BY-4.0;day,angle
images/synthetic/synth_04487.jpg;P787YX750;type1b;722,371,469,132;742,371,1191,400,1180,503,722,461;1;1;generator_v1;CC-BY-4.0;day,angle,dirt
images/synthetic/synth_04488.jpg;C523YX74;type1b;236,434,418,135;237,434,645,484,654,569,236,533;1;1;generator_v1;CC-BY-4.0;day,angle
images/synthetic/synth_04489.jpg;B804BC790;type1b;322,543,322,127;342,543,644,595,626,670,322,608;1;1;generator_v1;CC-BY-4.0;day,angle,glare,dirt
images/synthetic/synth_04490.jpg;X398MK78;type1b;198,312,293,101;198,329,486,312,491,382,204,413;1;1;generator_v1;CC-BY-4.0;day,angle,dirt
images/synthetic/synth_04491.jpg;K261YB138;type1a;879,347,285,176;879,372,1120,347,1164,483,917,523;1;1;generator_v1;CC-BY-4.0;day,angle,glare,dirt
images/synthetic/synth_04492.jpg;H445CH799;type1b;619,553,392,148;619,615,995,553,1011,660,633,701;1;1;generator_v1;CC-BY-4.0;day,angle,glare,dirt
images/synthetic/synth_04493.jpg;H080XE199;type1b;682,448,236,73;683,448,918,457,917,521,682,504;1;1;generator_v1;CC-BY-4.0;day,angle
images/synthetic/synth_04494.jpg;X213KC93;type1a;153,297,337,256;153,321,484,297,490,498,169,553;1;1;generator_v1;CC-BY-4.0;day,angle,glare,dirt
images/synthetic/synth_04495.jpg;C250TY150;type1b;864,554,275,64;874,554,1139,556,1132,618,864,610;1;1;generator_v1;CC-BY-4.0;day,angle,dirt
images/synthetic/synth_04496.jpg;E595MX138;type1;556,475,222,60;566,475,778,489,766,535,556,526;1;1;generator_v1;CC-BY-4.0;day,angle
images/synthetic/synth_04497.jpg;E893TE797;type1a;812,162,226,173;832,162,1038,210,1023,335,812,296;1;1;generator_v1;CC-BY-4.0;day,angle,motion_blur
images/synthetic/synth_04498.jpg;B177MC154;type1;835,151,289,107;855,151,1124,195,1105,258,835,225;1;1;generator_v1;CC-BY-4.0;day,angle,glare,dirt,motion_blur
images/synthetic/synth_04499.jpg;A793AX78;type1b;432,167,304,81;437,167,736,184,731,248,432,236;1;1;generator_v1;CC-BY-4.0;day,angle,glare,dirt
images/synthetic/synth_04500.jpg;B575MP774;type1b;697,563,436,156;697,625,1129,563,1133,652,710,719;1;1;generator_v1;CC-BY-4.0;day,angle,motion_blur
images/synthetic/synth_04501.jpg;A695XO702;type1a;324,444,219,124;324,450,543,444,543,562,331,568;1;1;generator_v1;CC-BY-4.0;day,angle
images/synthetic/synth_04502.jpg;Y090CA163;type1a;266,302,460,267;280,302,723,307,726,569,266,560;1;1;generator_v1;CC-BY-4.0;day,angle
images/synthetic/synth_04503.jpg;M428HO797;type1b;759,58,334,72;764,58,1093,58,1092,130,759,127;1;1;generator_v1;CC-BY-4.0;day,angle,dirt
images/synthetic/synth_04504.jpg;X008MH25;type1;324,461,349,133;324,518,663,461,673,533,337,594;1;1;generator_v1;CC-BY-4.0;day,angle,dirt
images/synthetic/synth_04505.jpg;M887MP138;type1;258,373,471,154;269,373,729,432,729,527,258,477;1;1;generator_v1;CC-BY-4.0;day,angle
images/synthetic/synth_04506.jpg;P838OA66;type1a;314,290,221,143;333,290,535,317,513,433,314,413;1;1;generator_v1;CC-BY-4.0;day,angle,glare,motion_blur
images/synthetic/synth_04507.jpg;H379PM154;type1a;340,232,489,341;388,232,829,318,786,573,340,504;1;1;generator_v1;CC-BY-4.0;day,angle,dirt
images/synthetic/synth_04508.jpg;O174OA178;type1b;127,147,404,164;127,230,513,147,531,232,145,311;1;1;generator_v1;CC-BY-4.0;day,angle,glare,motion_blur
images/synthetic/synth_04509.jpg;C879PY38;type1b;303,129,334,132;316,129,637,192,626,261,303,202;1;1;generator_v1;CC-BY-4.0;day,angle,dirt,motion_blur
images/synthetic/synth_04510.jpg;B787PM77;type1b;399,210,272,64;399,215,670,210,671,273,399,274;1;1;generator_v1;CC-BY-4.0;day,angle,dirt
images/synthetic/synth_04511.jpg;C571ME78;type1a;832,199,216,145;841,199,1048,218,1039,344,832,335;1;1;generator_v1;CC-BY-4.0;day,angle,dirt
images/synthetic/synth_04512.jpg;Y210TB125;type1b;882,468,231,70;892,468,1113,486,1103,538,882,526;1;1;generator_v1;CC-BY-4.0;day,angle,dirt
images/synthetic/synth_04513.jpg;T225PK763;type1b;724,573,389,89;730,581,1113,573,1111,662,724,662;1;1;generator_v1;CC-BY-4.0;day,angle,glare
images/synthetic/synth_04514.jpg;O268YC54;type1;582,55,329,113;582,104,900,55,911,123,596,168;1;1;generator_v1;CC-BY-4.0;day,angle,glare,motion_blur
images/synthetic/synth_04515.jpg;C564YM761;type1b;151,521,294,126;151,566,439,521,445,590,161,647;1;1;generator_v1;CC-BY-4.0;day,angle,dirt
images/synthetic/synth_04516.jpg;A828TC78;type1b;533,404,205,61;533,404,736,414,738,465,536,451;1;1;generator_v1;CC-BY-4.0;day,angle,glare
images/synthetic/synth_04517.jpg;X648XY74;type1;307,598,332,121;307,655,621,598,639,670,327,719;1;1;generator_v1;CC-BY-4.0;day,angle
images/synthetic/synth_04518.jpg;K514YE54;type1;560,592,175,71;566,592,735,625,728,663,560,629;1;1;generator_v1;CC-BY-4.0;day,angle
images/synthetic/synth_04519.jpg;C734BY716;type1a;98,51,215,145;98,73,297,51,313,169,114,196;1;1;generator_v1;CC-BY-4.0;day,angle,glare,motion_blur
images/synthetic/synth_04520.jpg;O501MY790;type1a;409,193,303,193;409,231,678,193,712,342,432,386;1;1;generator_v1;CC-BY-4.0;day,angle,glare,dirt,motion_blur
images/synthetic/synth_04521.jpg;O541CE78;type1b;818,385,241,58;821,391,1059,385,1058,441,818,443;1;1;generator_v1;CC-BY-4.0;day,angle
images/synthetic/synth_04522.jpg;T786HE90;type1a;293,230,338,211;304,230,628,254,631,441,293,425;1;1;generator_v1;CC-BY-4.0;day,angle
images/synthetic/synth_04523.jpg;O183KO763;type1a;507,63,501,316;507,75,994,63,1008,342,522,379;1;1;generator_v1;CC-BY-4.0;day,angle,motion_blur
images/synthetic/synth_04524.jpg;C763PT97;type1;643,580,248,67;646,580,891,594,887,647,643,635;1;1;generator_v1;CC-BY-4.0;day,angle
images/synthetic/synth_04525.jpg;B066AH790;type1a;85,179,349,236;105,179,434,220,415,415,85,395;1;1;generator_v1;CC-BY-4.0;day,angle,dirt
images/synthetic/synth_04526.jpg;Y473KB161;type1b;434,360,369,104;434,360,796,374,803,464,448,436;1;1;generator_v1;CC-BY-4.0;day,angle,glare
images/synthetic/synth_04527.jpg;X165EY93;type1a;608,377,197,137;620,377,805,381,793,514,608,498;1;1;generator_v1;CC-BY-4.0;day,angle,glare
images/synthetic/synth_04528.jpg;O997CT174;type1;150,618,259,93;150,657,401,618,409,673,155,711;1;1;generator_v1;CC-BY-4.0;day,angle,dirt,motion_blur
images/synthetic/synth_04529.jpg;C995BB152;type1a;412,307,367,242;418,336,776,307,779,548,412,549;1;1;generator_v1;CC-BY-4.0;day,angle,motion_blur
images/synthetic/synth_04530.jpg;B053HK78;type1b;595,490,347,112;595,522,917,490,942,557,618,602;1;1;generator_v1;CC-BY-4.0;day,angle
images/synthetic/synth_04531.jpg;M201AM52;type1b;764,257,397,120;764,288,1154,257,1161,369,770,377;1;1;generator_v1;CC-BY-4.0;day,angle,glare,motion_blur
images/synthetic/synth_04532.jpg;M020OB52;type1a;690,365,484,314;690,391,1158,365,1174,632,713,679;1;1;generator_v1;CC-BY-4.0;day,angle,glare
images/synthetic/synth_04533.jpg;C319PX174;type1b;249,114,419,114;250,133,666,114,668,228,249,227;1;1;generator_v1;CC-BY-4.0;day,angle,glare
images/synthetic/synth_04534.jpg;Y271CA197;type1b;424,539,487,155;424,598,892,539,911,635,428,694;1;1;generator_v1;CC-BY-4.0;day,angle,glare
images/synthetic/synth_04535.jpg;T022BO161;type1b;440,84,310,67;440,85,749,84,750,149,440,151;1;1;generator_v1;CC-BY-4.0;day,angle
images/synthetic/synth_04536.jpg;T738AY196;type1a;593,335,465,328;593,335,1058,359,1038,663,593,598;1;1;generator_v1;CC-BY-4.0;day,angle,dirt
images/synthetic/synth_04537.jpg;X312MY716;type1b;688,377,248,95;701,377,936,420,924,472,688,426;1;1;generator_v1;CC-BY-4.0;day,angle,glare
images/synthetic/synth_04538.jpg;B188OE190;type1a;877,81,283,201;901,115,1160,81,1145,274,877,282;1;1;generator_v1;CC-BY-4.0;day,angle,glare
images/synthetic/synth_04539.jpg;A661BE54;type1a;400,122,211,148;409,122,611,152,609,270,400,246;1;1;generator_v1;CC-BY-4.0;day,angle
images/synthetic/synth_04540.jpg;M445HE790;type1a;545,130,419,303;580,130,964,190,930,431,545,433;1;1;generator_v1;CC-BY-4.0;day,angle
images/synthetic/synth_04541.jpg;B329EE66;type1;217,661,181,58;217,679,389,661,398,698,225,719;1;1;generator_v1;CC-BY-4.0;day,angle,glare,dirt
images/synthetic/synth_04542.jpg;H244PM177;type1b;672,305,482,175;672,383,1142,305,1154,402,693,480;1;1;generator_v1;CC-BY-4.0;day,angle,dirt
images/synthetic/synth_04543.jpg;H140OY174;type1b;376,215,220,83;380,215,596,247,590,298,376,263;1;1;generator_v1;CC-BY-4.0;day,angle,dirt
images/synthetic/synth_04544.jpg;H272CK154;type1a;286,260,217,164;289,260,503,295,492,424,286,383;1;1;generator_v1;CC-BY-4.0;day,angle,glare,motion_blur
images/synthetic/synth_04545.jpg;T843XH102;type1a;684,110,410,296;707,110,1094,173,1054,406,684,328;1;1;generator_v1;CC-BY-4.0;day,angle
images/synthetic/synth_04546.jpg;A676AM197;type1b;226,567,174,71;241,567,400,598,384,638,226,604;1;1;generator_v1;CC-BY-4.0;day,angle,dirt
images/synthetic/synth_04547.jpg;A803CK97;type1b;580,443,347,139;587,443,927,482,916,582,580,524;1;1;generator_v1;CC-BY-4.0;day,angle,motion_blur
images/synthetic/synth_04548.jpg;K281CT102;type1a;102,103,495,337;102,142,574,103,597,371,135,440;1;1;generator_v1;CC-BY-4.0;day,angle,glare
images/synthetic/synth_04549.jpg;H682TT102;type1a;363,308,267,205;380,308,630,357,620,513,363,481;1;1;generator_v1;CC-BY-4.0;day,angle,motion_blur
images/synthetic/synth_04550.jpg;O098EE125;type1b;249,310,481,108;249,317,730,310,726,409,253,418;1;1;generator_v1;CC-BY-4.0;day,angle
images/synthetic/synth_04551.jpg;M409XA23;type1a;512,182,340,207;512,182,811,194,852,373,542,389;1;1;generator_v1;CC-BY-4.0;day,angle
images/synthetic/synth_04552.jpg;M729KK77;type1b;537,386,354,127;548,386,891,434,881,513,537,479;1;1;generator_v1;CC-BY-4.0;day,angle,glare
images/synthetic/synth_04553.jpg;H864EK50;type1a;504,360,354,270;540,360,858,433,832,630,504,583;1;1;generator_v1;CC-BY-4.0;day,angle,glare,dirt
images/synthetic/synth_04554.jpg;H238OK74;type1b;574,410,376,169;593,410,950,492,936,579,574,519;1;1;generator_v1;CC-BY-4.0;day,angle,glare,dirt
images/synthetic/synth_04555.jpg;K913OY16;type1a;656,270,358,287;687,270,1014,345,992,557,656,522;1;1;generator_v1;CC-BY-4.0;day,angle,dirt
images/synthetic/synth_04556.jpg;H268TT116;type1b;296,420,240,64;306,420,536,432,528,484,296,469;1;1;generator_v1;CC-BY-4.0;day,angle
images/synthetic/synth_04557.jpg;P003EC178;type1a;245,89,435,264;258,89,680,103,672,353,245,335;1;1;generator_v1;CC-BY-4.0;day,angle,glare,dirt
images/synthetic/synth_04558.jpg;P646BE777;type1a;483,565,220,127;483,565,695,565,703,688,487,692;1;1;generator_v1;CC-BY-4.0;day,angle,glare
images/synthetic/synth_04559.jpg;X082CB102;type1a;719,525,216,136;719,544,925,525,935,644,732,661;1;1;generator_v1;CC-BY-4.0;day,angle
images/synthetic/synth_04560.jpg;B707AK154;type1a;634,40,211,140;638,40,845,56,844,180,634,170;1;1;generator_v1;CC-BY-4.0;day,angle
images/synthetic/synth_04561.jpg;T944TX125;type1;277,52,203,63;277,71,476,52,480,100,281,115;1;1;generator_v1;CC-BY-4.0;day,angle,glare
images/synthetic/synth_04562.jpg;K128PM193;type1b;878,378,240,82;881,401,1118,378,1111,431,878,460;1;1;generator_v1;CC-BY-4.0;day,angle,glare
images/synthetic/synth_04563.jpg;K431AE799;type1a;599,243,391,234;615,243,990,255,984,477,599,460;1;1;generator_v1;CC-BY-4.0;day,angle,glare,dirt
images/synthetic/synth_04564.jpg;A934TO154;type1a;109,272,286,181;126,272,395,300,373,453,109,435;1;1;generator_v1;CC-BY-4.0;day,angle,glare,dirt,motion_blur
images/synthetic/synth_04565.jpg;Y442OT97;type1b;100,532,243,72;101,532,341,554,343,604,100,586;1;1;generator_v1;CC-BY-4.0;day,angle,motion_blur
images/synthetic/synth_04566.jpg;O408BX25;type1b;323,581,405,138;323,640,725,581,728,666,334,719;1;1;generator_v1;CC-BY-4.0;day,angle,dirt
images/synthetic/synth_04567.jpg;C373HA193;type1;154,88,336,99;154,117,473,88,490,152,166,187;1;1;generator_v1;CC-BY-4.0;day,angle
images/synthetic/synth_04568.jpg;H554PT90;type1b;557,200,344,130;568,200,901,259,888,330,557,271;1;1;generator_v1;CC-BY-4.0;day,angle
images/synthetic/synth_04569.jpg;K211OH750;type1;255,308,231,56;255,308,483,310,486,364,259,358;1;1;generator_v1;CC-BY-4.0;day,angle,glare,dirt
images/synthetic/synth_04570.jpg;P827TA90;type1a;152,273,401,262;179,273,553,320,549,535,152,495;1;1;generator_v1;CC-BY-4.0;day,angle
images/synthetic/synth_04571.jpg;P095TA777;type1a;781,248,296,196;831,248,1077,272,1030,444,781,398;1;1;generator_v1;CC-BY-4.0;day,angle,glare,motion_blur
images/synthetic/synth_04572.jpg;M538CH174;type1b;870,32,268,81;876,32,1138,57,1132,113,870,87;1;1;generator_v1;CC-BY-4.0;day,angle,dirt,motion_blur
images/synthetic/synth_04573.jpg;C195EB23;type1;159,227,422,92;162,227,581,237,568,319,159,314;1;1;generator_v1;CC-BY-4.0;day,angle,glare
images/synthetic/synth_04574.jpg;Y692MC161;type1b;149,298,474,173;166,298,623,370,607,471,149,395;1;1;generator_v1;CC-BY-4.0;day,angle,motion_blur
images/synthetic/synth_04575.jpg;O708HA54;type1b;549,167,242,60;558,167,791,172,780,225,549,227;1;1;generator_v1;CC-BY-4.0;day,angle
images/synthetic/synth_04576.jpg;K847MA116;type1b;347,333,253,88;347,368,591,333,600,384,355,421;1;1;generator_v1;CC-BY-4.0;day,angle,motion_blur
images/synthetic/synth_04577.jpg;P333TT190;type1a;812,23,210,149;812,47,1011,23,1022,158,822,172;1;1;generator_v1;CC-BY-4.0;day,angle,glare,dirt
images/synthetic/synth_04578.jpg;O733PX790;type1b;600,423,280,96;600,423,872,458,880,519,604,493;1;1;generator_v1;CC-BY-4.0;day,angle,glare,dirt
images/synthetic/synth_04579.jpg;H314YY63;type1;793,86,268,80;797,86,1061,105,1056,166,793,143;1;1;generator_v1;CC-BY-4.0;day,angle,glare
images/synthetic/synth_04580.jpg;Y770YC154;type1;793,203,243,75;793,216,1028,203,1036,258,800,278;1;1;generator_v1;CC-BY-4.0;day,angle,dirt
images/synthetic/synth_04581.jpg;B288MO197;type1a;173,455,209,127;175,455,382,460,382,582,173,580;1;1;generator_v1;CC-BY-4.0;day,angle,glare
images/synthetic/synth_04582.jpg;B706AH178;type1a;530,77,489,293;571,77,1019,88,1000,370,530,331;1;1;generator_v1;CC-BY-4.0;day,angle,dirt
images/synthetic/synth_04583.jpg;O327EH98;type1a;939,53,185,117;939,53,1124,57,1124,168,939,170;1;1;generator_v1;CC-BY-4.0;day,angle
images/synthetic/synth_04584.jpg;X078HE190;type1;851,350,285,113;873,350,1136,392,1113,463,851,410;1;1;generator_v1;CC-BY-4.0;day,angle
images/synthetic/synth_04585.jpg;E993ME74;type1;216,624,295,89;221,624,511,654,503,713,216,684;1;1;generator_v1;CC-BY-4.0;day,angle
images/synthetic/synth_04586.jpg;C526HC77;type1a;649,341,459,351;649,389,1047,341,1108,583,719,692;1;1;generator_v1;CC-BY-4.0;day,angle,dirt
images/synthetic/synth_04587.jpg;C456XB50;type1b;362,373,409,158;362,449,755,373,771,459,379,531;1;1;generator_v1;CC-BY-4.0;day,angle,dirt
images/synthetic/synth_04588.jpg;O646CT99;type1b;276,330,465,126;286,330,741,361,741,456,276,426;1;1;generator_v1;CC-BY-4.0;day,angle,glare
images/synthetic/synth_04589.jpg;B704CO16;type1b;255,340,470,158;279,340,725,409,695,498,255,449;1;1;generator_v1;CC-BY-4.0;day,angle,dirt,motion_blur
images/synthetic/synth_04590.jpg;B207OK790;type1a;321,379,322,217;321,415,627,379,643,574,332,596;1;1;generator_v1;CC-BY-4.0;day,angle,glare
images/synthetic/synth_04591.jpg;Y060TH38;type1a;654,197,375,298;654,269,1007,197,1029,469,663,495;1;1;generator_v1;CC-BY-4.0;day,angle,glare,dirt,motion_blur
images/synthetic/synth_04592.jpg;M695PH178;type1;638,138,189,66;648,138,827,163,818,204,638,177;1;1;generator_v1;CC-BY-4.0;day,angle
images/synthetic/synth_04593.jpg;A470MY116;type1a;346,265,460,319;379,265,801,342,806,584,346,526;1;1;generator_v1;CC-BY-4.0;day,angle,glare,dirt
images/synthetic/synth_04594.jpg;M586CT123;type1a;902,412,212,163;902,445,1089,412,1114,559,925,575;1;1;generator_v1;CC-BY-4.0;day,angle
images/synthetic/synth_04595.jpg;E278BM90;type1b;108,560,382,117;108,599,481,560,490,640,111,677;1;1;generator_v1;CC-BY-4.0;day,angle,dirt
images/synthetic/synth_04596.jpg;A458TC190;type1a;425,395,310,213;425,419,692,395,735,559,466,608;1;1;generator_v1;CC-BY-4.0;day,angle,motion_blur
images/synthetic/synth_04597.jpg;T571HE66;type1;681,48,187,77;690,48,868,86,859,125,681,88;1;1;generator_v1;CC-BY-4.0;day,angle,dirt,motion_blur
images/synthetic/synth_04598.jpg;O905XA198;type1a;87,197,318,198;87,233,389,197,405,363,115,395;1;1;generator_v1;CC-BY-4.0;day,angle,glare
images/synthetic/synth_04599.jpg;B261TK177;type1a;303,204,434,277;334,204,737,241,719,481,303,438;1;1;generator_v1;CC-BY-4.0;day,angle,motion_blur
images/synthetic/synth_04600.jpg;A975CO799;type1a;809,433,236,143;822,433,1045,442,1036,576,809,563;1;1;generator_v1;CC-BY-4.0;day,angle,glare
images/synthetic/synth_04601.jpg;P913XT154;type1a;447,207,526,348;483,207,973,261,938,555,447,489;1;1;generator_v1;CC-BY-4.0;day,angle
images/synthetic/synth_04602.jpg;C242TC54;type1b;280,48,339,105;283,82,616,48,619,126,280,153;1;1;generator_v1;CC-BY-4.0;day,angle,dirt
images/synthetic/synth_04603.jpg;X017EK63;type1a;223,81,380,229;259,84,603,81,579,310,223,285;1;1;generator_v1;CC-BY-4.0;day,angle,glare
images/synthetic/synth_04604.jpg;P290EA02;type1a;383,166,352,250;383,227,690,166,735,388,428,416;1;1;generator_v1;CC-BY-4.0;day,angle,dirt
images/synthetic/synth_04605.jpg;C539OT777;type1b;644,366,494,195;644,455,1126,366,1138,466,665,561;1;1;generator_v1;CC-BY-4.0;day,angle,dirt
images/synthetic/synth_04606.jpg;T699CB123;type1;651,118,335,84;651,118,972,125,986,196,662,202;1;1;generator_v1;CC-BY-4.0;day,angle,motion_blur
images/synthetic/synth_04607.jpg;K101BB116;type1b;576,487,285,104;576,534,851,487,861,546,588,591;1;1;generator_v1;CC-BY-4.0;day,angle
images/synthetic/synth_04608.jpg;H477PM702;type1;702,403,413,141;702,459,1103,403,1115,490,714,544;1;1;generator_v1;CC-BY-4.0;day,angle,glare,dirt
images/synthetic/synth_04609.jpg;E731BK152;type1a;328,459,302,199;328,508,602,459,630,616,364,658;1;1;generator_v1;CC-BY-4.0;day,angle,glare
images/synthetic/synth_04610.jpg;Y914KK63;type1b;632,231,257,96;632,277,879,231,889,283,645,327;1;1;generator_v1;CC-BY-4.0;day,angle
images/synthetic/synth_04611.jpg;C541TP74;type1a;243,356,155,121;247,356,398,364,394,477,243,460;1;1;generator_v1;CC-BY-4.0;day,angle,glare
images/synthetic/synth_04612.jpg;C663BA02;type1b;721,441,174,67;734,441,895,468,883,508,721,477;1;1;generator_v1;CC-BY-4.0;day,angle,glare
images/synthetic/synth_04613.jpg;O701OE23;type1a;453,228,419,270;492,228,872,267,845,498,453,445;1;1;generator_v1;CC-BY-4.0;day,angle
images/synthetic/synth_04614.jpg;T384TE196;type1a;342,129,272,218;342,179,599,129,614,323,351,347;1;1;generator_v1;CC-BY-4.0;day,angle,dirt
images/synthetic/synth_04615.jpg;M773BK61;type1;592,455,211,72;602,455,803,482,794,527,592,498;1;1;generator_v1;CC-BY-4.0;day,angle,glare,dirt
images/synthetic/synth_04616.jpg;E023AM50;type1b;267,383,454,117;267,405,716,383,721,483,270,500;1;1;generator_v1;CC-BY-4.0;day,angle,glare
images/synthetic/synth_04617.jpg;P173CM150;type1a;738,398,368,209;738,398,1083,400,1106,596,744,607;1;1;generator_v1;CC-BY-4.0;day,angle,glare,dirt,motion_blur
images/synthetic/synth_04618.jpg;B642KE193;type1a;116,75,180,117;118,75,296,84,292,192,116,179;1;1;generator_v1;CC-BY-4.0;day,angle,motion_blur
images/synthetic/synth_04619.jpg;T742CB93;type1a;190,180,273,175;227,180,463,217,434,355,190,310;1;1;generator_v1;CC-BY-4.0;day,angle,motion_blur
images/synthetic/synth_04620.jpg;A248XA77;type1a;723,227,453,288;765,227,1176,258,1147,515,723,461;1;1;generator_v1;CC-BY-4.0;day,angle,glare,dirt
images/synthetic/synth_04621.jpg;C278KA790;type1b;223,118,337,96;232,118,560,141,553,214,223,186;1;1;generator_v1;CC-BY-4.0;day,angle
images/synthetic/synth_04622.jpg;B367TB790;type1b;504,25,195,69;504,25,696,46,699,94,506,78;1;1;generator_v1;CC-BY-4.0;day,angle,dirt,motion_blur
images/synthetic/synth_04623.jpg;K955TH763;type1a;68,473,252,169;68,504,303,473,320,616,83,642;1;1;generator_v1;CC-BY-4.0;day,angle,glare
images/synthetic/synth_04624.jpg;A271ME123;type1;666,120,470,146;666,159,1136,120,1130,215,672,266;1;1;generator_v1;CC-BY-4.0;day,angle
images/synthetic/synth_04625.jpg;H629PB163;type1a;568,498,227,159;568,523,777,498,795,624,587,657;1;1;generator_v1;CC-BY-4.0;day,angle,glare,dirt
images/synthetic/synth_04626.jpg;A775OM77;type1a;783,265,340,248;810,265,1123,325,1105,513,783,470;1;1;generator_v1;CC-BY-4.0;day,angle,dirt
images/synthetic/synth_04627.jpg;P660BB61;type1a;731,113,366,212;731,123,1072,113,1097,305,740,325;1;1;generator_v1;CC-BY-4.0;day,angle,glare,dirt
images/synthetic/synth_04628.jpg;M583BM716;type1;374,541,329,75;374,547,700,541,703,609,374,616;1;1;generator_v1;CC-BY-4.0;day,angle,glare,dirt
images/synthetic/synth_04629.jpg;Y691KA98;type1a;412,307,180,115;420,307,592,318,584,422,412,416;1;1;generator_v1;CC-BY-4.0;day,angle,motion_blur
images/synthetic/synth_04630.jpg;X374AA38;type1a;477,269,356,236;499,269,833,312,823,505,477,471;1;1;generator_v1;CC-BY-4.0;day,angle,glare,dirt
images/synthetic/synth_04631.jpg;O959YA77;type1;162,325,448,101;162,325,607,327,610,426,175,413;1;1;generator_v1;CC-BY-4.0;day,angle
images/synthetic/synth_04632.jpg;K739OT198;type1a;663,317,192,136;664,317,855,326,852,453,663,435;1;1;generator_v1;CC-BY-4.0;day,angle,glare,motion_blur
images/synthetic/synth_04633.jpg;M802EM63;type1b;360,167,327,88;360,167,684,186,687,255,360,243;1;1;generator_v1;CC-BY-4.0;day,angle,motion_blur
images/synthetic/synth_04634.jpg;C433HB99;type1a;598,204,502,328;691,204,1100,265,1023,532,598,426;1;1;generator_v1;CC-BY-4.0;day,angle,glare,motion_blur
images/synthetic/synth_04635.jpg;X726HT799;type1b;230,289,424,167;230,339,637,289,654,382,250,456;1;1;generator_v1;CC-BY-4.0;day,angle,motion_blur
images/synthetic/synth_04636.jpg;E706YY163;type1b;460,381,407,124;460,381,864,395,867,505,469,471;1;1;generator_v1;CC-BY-4.0;day,angle,glare
images/synthetic/synth_04637.jpg;K050XX777;type1;135,475,434,126;135,519,563,475,569,561,151,601;1;1;generator_v1;CC-BY-4.0;day,angle,dirt
images/synthetic/synth_04638.jpg;H170EO125;type1b;860,334,310,100;860,370,1162,334,1170,401,866,434;1;1;generator_v1;CC-BY-4.0;day,angle
images/synthetic/synth_04639.jpg;P767TC790;type1a;762,157,236,175;762,182,986,157,998,295,778,332;1;1;generator_v1;CC-BY-4.0;day,angle
images/synthetic/synth_04640.jpg;Y447YA774;type1;672,395,241,51;675,395,913,395,907,443,672,446;1;1;generator_v1;CC-BY-4.0;day,angle
images/synthetic/synth_04641.jpg;B943CK161;type1b;84,484,298,100;104,484,382,525,361,584,84,553;1;1;generator_v1;CC-BY-4.0;day,angle,dirt
images/synthetic/synth_04642.jpg;P345AK716;type1;546,296,465,139;546,326,1011,296,1006,391,550,435;1;1;generator_v1;CC-BY-4.0;day,angle,dirt
images/synthetic/synth_04643.jpg;A172BM02;type1b;296,124,347,82;296,133,632,124,643,206,312,203;1;1;generator_v1;CC-BY-4.0;day,angle,dirt
images/synthetic/synth_04644.jpg;H431BE702;type1b;403,580,347,117;403,632,738,580,750,651,420,697;1;1;generator_v1;CC-BY-4.0;day,angle,dirt
images/synthetic/synth_04645.jpg;X254XK102;type1b;422,133,498,117;424,133,920,142,918,250,422,239;1;1;generator_v1;CC-BY-4.0;day,angle
images/synthetic/synth_04646.jpg;H582HT702;type1b;96,226,256,81;96,242,346,226,352,283,101,307;1;1;generator_v1;CC-BY-4.0;day,angle,glare
images/synthetic/synth_04647.jpg;X772TY77;type1b;70,395,275,106;70,447,333,395,345,451,84,501;1;1;generator_v1;CC-BY-4.0;day,angle
images/synthetic/synth_04648.jpg;O454TC54;type1a;333,333,471,308;342,333,782,387,804,641,333,622;1;1;generator_v1;CC-BY-4.0;day,angle,glare,dirt
images/synthetic/synth_04649.jpg;A989AB154;type1a;625,70,398,279;629,81,1023,70,1016,349,625,317;1;1;generator_v1;CC-BY-4.0;day,angle,glare
images/synthetic/synth_04650.jpg;M981EB161;type1a;262,28,319,263;275,28,581,75,556,291,262,217;1;1;generator_v1;CC-BY-4.0;day,angle,dirt
images/synthetic/synth_04651.jpg;M018MK761;type1;223,504,355,111;237,504,578,543,571,615,223,572;1;1;generator_v1;CC-BY-4.0;day,angle,dirt
images/synthetic/synth_04652.jpg;H893EC702;type1;722,530,354,116;722,565,1071,530,1076,605,730,646;1;1;generator_v1;CC-BY-4.0;day,angle,glare
images/synthetic/synth_04653.jpg;H652HA761;type1a;97,183,192,129;97,196,286,183,289,306,100,312;1;1;generator_v1;CC-BY-4.0;day,angle
images/synthetic/synth_04654.jpg;E987BE74;type1b;808,108,304,102;808,145,1105,108,1112,178,814,210;1;1;generator_v1;CC-BY-4.0;day,angle
images/synthetic/synth_04655.jpg;A092OC102;type1;782,345,241,69;782,350,1016,345,1023,401,790,414;1;1;generator_v1;CC-BY-4.0;day,angle,glare,dirt
images/synthetic/synth_04656.jpg;P582TE761;type1;386,159,471,183;401,159,857,244,852,342,386,270;1;1;generator_v1;CC-BY-4.0;day,angle,glare
images/synthetic/synth_04657.jpg;E208YB138;type1a;213,107,308,204;213,144,498,107,521,275,233,311;1;1;generator_v1;CC-BY-4.0;day,angle,dirt
images/synthetic/synth_04658.jpg;T827CM777;type1b;484,164,354,148;484,234,819,164,838,258,501,312;1;1;generator_v1;CC-BY-4.0;day,angle
images/synthetic/synth_04659.jpg;P133OY93;type1b;763,539,178,76;763,572,937,539,941,587,766,615;1;1;generator_v1;CC-BY-4.0;day,angle,motion_blur
images/synthetic/synth_04660.jpg;X803YC98;type1a;353,19,517,354;353,114,813,19,870,325,417,373;1;1;generator_v1;CC-BY-4.0;day,angle,dirt
images/synthetic/synth_04661.jpg;Y211BA97;type1a;423,337,444,253;423,345,816,337,867,555,449,590;1;1;generator_v1;CC-BY-4.0;day,angle,glare
images/synthetic/synth_04662.jpg;A670TA199;type1a;284,52,501,354;284,158,725,52,785,328,350,406;1;1;generator_v1;CC-BY-4.0;day,angle,glare
images/synthetic/synth_04663.jpg;B250KA797;type1a;419,177,226,156;419,187,629,177,645,310,435,333;1;1;generator_v1;CC-BY-4.0;day,angle,motion_blur
images/synthetic/synth_04664.jpg;E164HT190;type1a;597,277,476,312;597,337,1024,277,1073,523,624,589;1;1;generator_v1;CC-BY-4.0;day,angle
images/synthetic/synth_04665.jpg;E921EX799;type1a;873,47,337,242;873,94,1159,47,1210,218,924,289;1;1;generator_v1;CC-BY-4.0;day,angle
images/synthetic/synth_04666.jpg;M896OY78;type1b;567,310,246,93;575,310,813,347,806,403,567,372;1;1;generator_v1;CC-BY-4.0;day,angle,dirt
images/synthetic/synth_04667.jpg;M381BK54;type1b;798,481,181,76;805,481,979,517,974,557,798,523;1;1;generator_v1;CC-BY-4.0;day,angle,dirt
images/synthetic/synth_04668.jpg;K155HK761;type1;591,219,459,145;591,219,1050,254,1043,364,592,315;1;1;generator_v1;CC-BY-4.0;day,angle,dirt
images/synthetic/synth_04669.jpg;K319YC138;type1;447,533,331,86;453,533,777,554,778,619,447,599;1;1;generator_v1;CC-BY-4.0;day,angle,glare
images/synthetic/synth_04670.jpg;B402TY96;type1b;786,323,234,61;786,327,1012,323,1020,374,793,384;1;1;generator_v1;CC-BY-4.0;day,angle,dirt
images/synthetic/synth_04671.jpg;P463PH78;type1a;82,298,443,290;82,369,485,298,525,537,137,588;1;1;generator_v1;CC-BY-4.0;day,angle,dirt
images/synthetic/synth_04672.jpg;P375KP98;type1;905,529,183,55;908,529,1088,544,1085,584,905,567;1;1;generator_v1;CC-BY-4.0;day,angle,glare,dirt
images/synthetic/synth_04673.jpg;K688XC123;type1a;304,308,225,151;331,308,529,339,504,459,304,422;1;1;generator_v1;CC-BY-4.0;day,angle,motion_blur
images/synthetic/synth_04674.jpg;E116CE174;type1b;109,317,236,69;109,336,339,317,345,365,113,386;1;1;generator_v1;CC-BY-4.0;day,angle,motion_blur
images/synthetic/synth_04675.jpg;P115YP790;type1;605,558,355,150;605,616,940,558,960,634,627,708;1;1;generator_v1;CC-BY-4.0;day,angle
images/synthetic/synth_04676.jpg;A629KP790;type1b;398,82,301,111;411,82,699,132,689,193,398,142;1;1;generator_v1;CC-BY-4.0;day,angle,glare
images/synthetic/synth_04677.jpg;O823ET193;type1a;98,199,204,130;98,201,300,199,302,319,101,329;1;1;generator_v1;CC-BY-4.0;day,angle
images/synthetic/synth_04678.jpg;M793OH02;type1b;361,462,474,147;361,496,822,462,835,560,373,609;1;1;generator_v1;CC-BY-4.0;day,angle
images/synthetic/synth_04679.jpg;K777HH96;type1b;507,593,306,99;507,634,800,593,813,657,524,692;1;1;generator_v1;CC-BY-4.0;day,angle
images/synthetic/synth_04680.jpg;Y327TB66;type1a;260,316,261,182;289,316,521,362,497,498,260,451;1;1;generator_v1;CC-BY-4.0;day,angle
images/synthetic/synth_04681.jpg;A167OO716;type1a;548,114,331,237;574,140,879,114,859,351,548,337;1;1;generator_v1;CC-BY-4.0;day,angle,glare
images/synthetic/synth_04682.jpg;E228KP98;type1b;521,125,152,64;522,125,673,148,671,189,521,163;1;1;generator_v1;CC-BY-4.0;day,angle
images/synthetic/synth_04683.jpg;C901OT77;type1a;402,129,311,182;402,149,691,129,713,288,408,311;1;1;generator_v1;CC-BY-4.0;day,angle,dirt,motion_blur
images/synthetic/synth_04684.jpg;E262ME174;type1;210,324,372,151;222,324,582,384,567,475,210,403;1;1;generator_v1;CC-BY-4.0;day,angle,motion_blur
images/synthetic/synth_04685.jpg;A851CY178;type1a;381,118,255,215;394,118,636,177,633,333,381,292;1;1;generator_v1;CC-BY-4.0;day,angle
images/synthetic/synth_04686.jpg;B114CB99;type1a;419,20,246,171;419,50,650,20,665,173,432,191;1;1;generator_v1;CC-BY-4.0;day,angle,glare,motion_blur
images/synthetic/synth_04687.jpg;P796OH797;type1b;442,335,343,110;454,335,785,375,771,445,442,413;1;1;generator_v1;CC-BY-4.0;day,angle,dirt
images/synthetic/synth_04688.jpg;P304TM63;type1b;531,213,496,171;531,285,1010,213,1027,317,536,384;1;1;generator_v1;CC-BY-4.0;day,angle,motion_blur
images/synthetic/synth_04689.jpg;P873PA96;type1a;476,37,401,257;476,73,847,37,877,252,496,294;1;1;generator_v1;CC-BY-4.0;day,angle,glare,dirt
images/synthetic/synth_04690.jpg;A610AA38;type1b;566,169,253,95;566,209,811,169,819,230,573,264;1;1;generator_v1;CC-BY-4.0;day,angle
images/synthetic/synth_04691.jpg;K642EA702;type1;218,351,349,114;218,393,556,351,567,431,231,465;1;1;generator_v1;CC-BY-4.0;day,angle
images/synthetic/synth_04692.jpg;A634TC54;type1;462,19,412,90;462,25,874,19,868,101,466,109;1;1;generator_v1;CC-BY-4.0;day,angle
images/synthetic/synth_04693.jpg;K405AE190;type1b;303,451,334,76;306,452,637,451,636,527,303,523;1;1;generator_v1;CC-BY-4.0;day,angle
images/synthetic/synth_04694.jpg;C801KT78;type1b;798,529,237,67;802,529,1035,539,1031,596,798,595;1;1;generator_v1;CC-BY-4.0;day,angle,motion_blur
images/synthetic/synth_04695.jpg;T258HX178;type1;641,275,190,43;643,278,831,275,830,317,641,318;1;1;generator_v1;CC-BY-4.0;day,angle,dirt
images/synthetic/synth_04696.jpg;C558BO102;type1;429,535,400,112;429,565,829,535,829,615,437,647;1;1;generator_v1;CC-BY-4.0;day,angle,glare
images/synthetic/synth_04697.jpg;H575XP799;type1a;139,247,367,252;139,247,471,281,506,489,164,499;1;1;generator_v1;CC-BY-4.0;day,angle,glare
images/synthetic/synth_04698.jpg;A025TY97;type1b;778,37,364,136;792,37,1142,98,1131,173,778,114;1;1;generator_v1;CC-BY-4.0;day,angle
images/synthetic/synth_04699.jpg;K370KB102;type1a;203,160,327,235;203,205,506,160,530,337,233,395;1;1;generator_v1;CC-BY-4.0;day,angle,glare,motion_blur
images/synthetic/synth_04700.jpg;O478PY193;type1a;629,53,543,367;629,131,1102,53,1172,320,678,420;1;1;generator_v1;CC-BY-4.0;day,angle
images/synthetic/synth_04701.jpg;K089XT16;type1b;71,555,260,66;71,555,331,568,328,621,72,607;1;1;generator_v1;CC-BY-4.0;day,angle,glare
images/synthetic/synth_04702.jpg;T192HO63;type1a;257,172,453,329;257,252,661,172,710,483,304,501;1;1;generator_v1;CC-BY-4.0;day,angle
images/synthetic/synth_04703.jpg;Y547PK196;type1a;537,363,464,318;539,431,972,363,1001,636,537,681;1;1;generator_v1;CC-BY-4.0;day,angle,motion_blur
images/synthetic/synth_04704.jpg;M092TA16;type1a;773,40,390,288;814,40,1163,118,1130,328,773,277;1;1;generator_v1;CC-BY-4.0;day,angle,dirt
images/synthetic/synth_04705.jpg;E758HO54;type1a;663,205,476,293;688,205,1139,205,1126,498,663,466;1;1;generator_v1;CC-BY-4.0;day,angle
images/synthetic/synth_04706.jpg;O593MX198;type1a;850,247,274,184;875,247,1124,285,1105,431,850,392;1;1;generator_v1;CC-BY-4.0;day,angle,dirt
images/synthetic/synth_04707.jpg;X692XE97;type1a;246,89,346,238;271,89,592,141,582,327,246,284;1;1;generator_v1;CC-BY-4.0;day,angle,glare
images/synthetic/synth_04708.jpg;H306EY93;type1b;317,516,234,56;319,516,551,523,548,572,317,568;1;1;generator_v1;CC-BY-4.0;day,angle
images/synthetic/synth_04709.jpg;O421TP125;type1b;231,123,442,175;249,123,673,208,657,298,231,223;1;1;generator_v1;CC-BY-4.0;day,angle,glare
images/synthetic/synth_04710.jpg;Y933CY77;type1b;431,241,202,68;436,241,633,266,630,309,431,287;1;1;generator_v1;CC-BY-4.0;day,angle,dirt
images/synthetic/synth_04711.jpg;H267CA54;type1;188,124,188,57;188,124,374,129,376,181,191,170;1;1;generator_v1;CC-BY-4.0;day,angle
images/synthetic/synth_04712.jpg;P588MT78;type1;718,379,289,89;718,407,1001,379,1007,445,722,468;1;1;generator_v1;CC-BY-4.0;day,angle,glare,dirt
images/synthetic/synth_04713.jpg;M014EX174;type1a;934,135,230,140;934,142,1164,135,1162,265,938,275;1;1;generator_v1;CC-BY-4.0;day,angle,dirt
images/synthetic/synth_04714.jpg;X215XK799;type1b;558,291,250,73;558,306,805,291,808,358,561,364;1;1;generator_v1;CC-BY-4.0;day,angle,dirt
images/synthetic/synth_04715.jpg;P478OA98;type1;214,175,381,109;215,175,592,200,595,284,214,275;1;1;generator_v1;CC-BY-4.0;day,angle
images/synthetic/synth_04716.jpg;A823XA154;type1b;687,244,250,93;689,274,937,244,932,300,687,337;1;1;generator_v1;CC-BY-4.0;day,angle,glare
images/synthetic/synth_04717.jpg;C410YO61;type1a;571,230,496,342;571,338,986,230,1067,519,656,572;1;1;generator_v1;CC-BY-4.0;day,angle
images/synthetic/synth_04718.jpg;A554YE38;type1;818,159,245,79;818,159,1063,180,1062,238,819,213;1;1;generator_v1;CC-BY-4.0;day,angle,glare,dirt,motion_blur
images/synthetic/synth_04719.jpg;H422KM78;type1;793,239,270,87;802,239,1063,273,1058,326,793,291;1;1;generator_v1;CC-BY-4.0;day,angle,glare
images/synthetic/synth_04720.jpg;M179HM66;type1a;215,210,198,122;215,220,403,210,413,328,227,332;1;1;generator_v1;CC-BY-4.0;day,angle
images/synthetic/synth_04721.jpg;Y258AP63;type1;532,164,442,120;532,164,974,190,967,284,534,253;1;1;generator_v1;CC-BY-4.0;day,angle,dirt,motion_blur
images/synthetic/synth_04722.jpg;H633HH97;type1b;146,523,352,118;146,566,492,523,498,595,156,641;1;1;generator_v1;CC-BY-4.0;day,angle,dirt,motion_blur
images/synthetic/synth_04723.jpg;Y663TH761;type1;984,45,185,56;992,45,1169,58,1162,101,984,85;1;1;generator_v1;CC-BY-4.0;day,angle,glare
images/synthetic/synth_04724.jpg;M975MY750;type1a;765,129,300,210;765,181,1031,129,1065,283,797,339;1;1;generator_v1;CC-BY-4.0;day,angle,dirt
images/synthetic/synth_04725.jpg;B539AX702;type1b;504,169,372,164;512,169,876,230,863,333,504,254;1;1;generator_v1;CC-BY-4.0;day,angle
images/synthetic/synth_04726.jpg;H012TC750;type1b;783,157,273,104;795,157,1056,203,1045,261,783,222;1;1;generator_v1;CC-BY-4.0;day,angle,glare
images/synthetic/synth_04727.jpg;H859YY50;type1b;556,265,421,142;568,265,977,327,956,407,556,351;1;1;generator_v1;CC-BY-4.0;day,angle
images/synthetic/synth_04728.jpg;K293BM774;type1;720,258,350,105;729,258,1070,288,1063,363,720,329;1;1;generator_v1;CC-BY-4.0;day,angle
images/synthetic/synth_04729.jpg;P136EE23;type1;268,280,184,51;268,284,449,280,452,322,271,331;1;1;generator_v1;CC-BY-4.0;day,angle,dirt
images/synthetic/synth_04730.jpg;C052EC74;type1a;589,181,396,269;609,181,985,228,954,450,589,394;1;1;generator_v1;CC-BY-4.0;day,angle,glare,dirt,motion_blur
images/synthetic/synth_04731.jpg;O529EY54;type1;664,90,412,153;683,90,1076,167,1049,243,664,175;1;1;generator_v1;CC-BY-4.0;day,angle
images/synthetic/synth_04732.jpg;O683PO138;type1b;832,295,359,105;832,327,1180,295,1191,377,846,400;1;1;generator_v1;CC-BY-4.0;day,angle,motion_blur
images/synthetic/synth_04733.jpg;M005BB125;type1;139,438,215,52;139,444,353,438,354,484,140,490;1;1;generator_v1;CC-BY-4.0;day,angle,glare
images/synthetic/synth_04734.jpg;C519KP23;type1a;99,64,189,129;99,72,276,64,288,176,111,193;1;1;generator_v1;CC-BY-4.0;day,angle,glare,motion_blur
images/synthetic/synth_04735.jpg;B556HH190;type1a;347,224,249,152;347,238,582,224,596,359,355,376;1;1;generator_v1;CC-BY-4.0;day,angle,dirt
images/synthetic/synth_04736.jpg;M949KY197;type1a;576,320,212,139;576,339,749,320,788,427,615,459;1;1;generator_v1;CC-BY-4.0;day,angle,glare
images/synthetic/synth_04737.jpg;X335KM77;type1a;116,360,384,256;116,360,469,373,500,589,139,616;1;1;generator_v1;CC-BY-4.0;day,angle,dirt
images/synthetic/synth_04738.jpg;C532CM98;type1b;399,465,226,74;399,465,625,490,624,539,401,512;1;1;generator_v1;CC-BY-4.0;day,angle,dirt
images/synthetic/synth_04739.jpg;E562XT77;type1b;625,250,358,135;625,250,974,303,983,385,629,351;1;1;generator_v1;CC-BY-4.0;day,angle,glare,dirt
images/synthetic/synth_04740.jpg;P868OH123;type1b;200,579,201,76;200,612,392,579,401,620,208,655;1;1;generator_v1;CC-BY-4.0;day,angle,glare,dirt
images/synthetic/synth_04741.jpg;P869AE02;type1a;440,81,360,231;440,126,761,81,800,260,463,312;1;1;generator_v1;CC-BY-4.0;day,angle,dirt,motion_blur
images/synthetic/synth_04742.jpg;P571AM74;type1b;229,409,401,140;235,409,630,464,617,549,229,491;1;1;generator_v1;CC-BY-4.0;day,angle
images/synthetic/synth_04743.jpg;M049KY99;type1a;268,171,347,230;268,221,588,171,615,357,301,401;1;1;generator_v1;CC-BY-4.0;day,angle,glare,dirt
images/synthetic/synth_04744.jpg;C727PO78;type1b;344,213,184,49;344,222,525,213,528,251,347,262;1;1;generator_v1;CC-BY-4.0;day,angle,glare
images/synthetic/synth_04745.jpg;A870KA74;type1;484,392,390,152;484,464,858,392,874,475,496,544;1;1;generator_v1;CC-BY-4.0;day,angle,glare,motion_blur
images/synthetic/synth_04746.jpg;T837BC152;type1b;229,374,258,104;235,374,487,419,482,478,229,440;1;1;generator_v1;CC-BY-4.0;day,angle,glare
images/synthetic/synth_04747.jpg;B965YK138;type1a;210,119,217,143;238,119,427,156,396,262,210,231;1;1;generator_v1;CC-BY-4.0;day,angle
images/synthetic/synth_04748.jpg;O812YY150;type1;167,418,360,154;167,474,527,418,524,499,171,572;1;1;generator_v1;CC-BY-4.0;day,angle
images/synthetic/synth_04749.jpg;H799XE198;type1b;616,424,374,150;616,499,974,424,990,505,633,574;1;1;generator_v1;CC-BY-4.0;day,angle,glare
images/synthetic/synth_04750.jpg;E629XC61;type1a;785,284,374,233;839,284,1159,346,1095,517,785,480;1;1;generator_v1;CC-BY-4.0;day,angle,dirt
images/synthetic/synth_04751.jpg;H921XM716;type1b;539,158,317,79;541,158,856,164,853,233,539,237;1;1;generator_v1;CC-BY-4.0;day,angle
images/synthetic/synth_04752.jpg;K752YB90;type1b;755,561,278,70;755,571,1033,561,1031,618,756,631;1;1;generator_v1;CC-BY-4.0;day,angle,dirt
images/synthetic/synth_04753.jpg;T552XK774;type1b;711,367,457,124;711,397,1160,367,1168,465,712,491;1;1;generator_v1;CC-BY-4.0;day,angle,glare
images/synthetic/synth_04754.jpg;A547HT163;type1a;722,330,291,202;751,330,1013,371,984,532,722,483;1;1;generator_v1;CC-BY-4.0;day,angle,dirt
images/synthetic/synth_04755.jpg;P028KO777;type1a;354,343,371,258;354,386,700,343,725,543,384,601;1;1;generator_v1;CC-BY-4.0;day,angle,dirt
images/synthetic/synth_04756.jpg;T981OP66;type1;257,188,417,113;257,188,670,212,674,301,257,293;1;1;generator_v1;CC-BY-4.0;day,angle,motion_blur
images/synthetic/synth_04757.jpg;Y453TO102;type1;412,140,434,181;413,232,833,140,846,241,412,321;1;1;generator_v1;CC-BY-4.0;day,angle,glare
images/synthetic/synth_04758.jpg;C876MA174;type1b;282,406,343,109;284,445,620,406,625,480,282,515;1;1;generator_v1;CC-BY-4.0;day,angle
images/synthetic/synth_04759.jpg;M553OO161;type1;232,1,324,135;232,49,536,1,556,73,253,136;1;1;generator_v1;CC-BY-4.0;day,angle,dirt
images/synthetic/synth_04760.jpg;H565AE150;type1;570,11,417,137;570,36,987,11,981,103,570,148;1;1;generator_v1;CC-BY-4.0;day,angle
images/synthetic/synth_04761.jpg;P873XX63;type1b;283,48,424,134;283,96,696,48,707,140,294,182;1;1;generator_v1;CC-BY-4.0;day,angle
images/synthetic/synth_04762.jpg;M493HE63;type1b;827,327,266,74;830,327,1093,345,1089,401,827,383;1;1;generator_v1;CC-BY-4.0;day,angle,glare,dirt
images/synthetic/synth_04763.jpg;X235YP790;type1;523,325,387,106;533,325,910,350,906,431,523,404;1;1;generator_v1;CC-BY-4.0;day,angle,glare,dirt
images/synthetic/synth_04764.jpg;E688BT150;type1a;634,411,403,256;634,450,1027,411,1037,626,664,667;1;1;generator_v1;CC-BY-4.0;day,angle
images/synthetic/synth_04765.jpg;C137XM178;type1b;515,640,226,68;526,640,741,661,732,708,515,684;1;1;generator_v1;CC-BY-4.0;day,angle
images/synthetic/synth_04766.jpg;H723PP177;type1b;381,327,362,130;395,327,743,387,725,457,381,403;1;1;generator_v1;CC-BY-4.0;day,angle,glare
images/synthetic/synth_04767.jpg;X845CE123;type1a;412,369,472,284;412,398,818,369,884,592,455,653;1;1;generator_v1;CC-BY-4.0;day,angle,glare
images/synthetic/synth_04768.jpg;Y758TH38;type1b;247,182,258,101;247,220,487,182,505,237,265,283;1;1;generator_v1;CC-BY-4.0;day,angle,dirt
images/synthetic/synth_04769.jpg;A655OX178;type1a;624,433,319,217;680,433,943,491,886,650,624,618;1;1;generator_v1;CC-BY-4.0;day,angle
images/synthetic/synth_04770.jpg;B091YT25;type1b;764,105,333,110;764,135,1097,105,1097,177,769,215;1;1;generator_v1;CC-BY-4.0;day,angle
images/synthetic/synth_04771.jpg;C723XK799;type1b;396,384,325,88;403,384,721,401,717,472,396,452;1;1;generator_v1;CC-BY-4.0;day,angle,glare,motion_blur
images/synthetic/synth_04772.jpg;E812TT161;type1a;797,187,371,243;797,201,1109,187,1168,377,852,430;1;1;generator_v1;CC-BY-4.0;day,angle,glare,dirt,motion_blur
images/synthetic/synth_04773.jpg;O775MX763;type1a;160,246,499,335;160,330,617,246,659,515,219,581;1;1;generator_v1;CC-BY-4.0;day,angle
images/synthetic/synth_04774.jpg;Y701MY102;type1a;88,305,348,251;88,335,435,305,436,504,103,556;1;1;generator_v1;CC-BY-4.0;day,angle,glare,dirt,motion_blur
images/synthetic/synth_04775.jpg;Y867OO54;type1;896,625,221,78;896,651,1104,625,1117,672,909,703;1;1;generator_v1;CC-BY-4.0;day,angle,dirt
images/synthetic/synth_04776.jpg;Y081YE38;type1a;585,69,539,334;661,69,1124,117,1080,403,585,320;1;1;generator_v1;CC-BY-4.0;day,angle,motion_blur
images/synthetic/synth_04777.jpg;E079PY777;type1b;722,235,412,152;737,235,1134,304,1119,387,722,325;1;1;generator_v1;CC-BY-4.0;day,angle,dirt
images/synthetic/synth_04778.jpg;M804HT99;type1;143,387,506,196;143,490,631,387,649,488,173,583;1;1;generator_v1;CC-BY-4.0;day,angle,glare
images/synthetic/synth_04779.jpg;M407CB63;type1;379,447,399,128;379,460,767,447,778,537,391,575;1;1;generator_v1;CC-BY-4.0;day,angle
images/synthetic/synth_04780.jpg;E300CP196;type1;680,278,496,175;680,354,1163,278,1176,380,701,453;1;1;generator_v1;CC-BY-4.0;day,angle,glare
images/synthetic/synth_04781.jpg;X998XM750;type1b;422,372,391,148;422,440,799,372,813,459,433,520;1;1;generator_v1;CC-BY-4.0;day,angle
images/synthetic/synth_04782.jpg;P182PT125;type1b;612,125,414,92;612,125,1026,126,1025,217,614,212;1;1;generator_v1;CC-BY-4.0;day,angle
images/synthetic/synth_04783.jpg;M471HA750;type1b;400,212,477,122;400,228,875,212,877,311,405,334;1;1;generator_v1;CC-BY-4.0;day,angle
images/synthetic/synth_04784.jpg;O357MP790;type1a;917,210,276,192;942,210,1193,256,1165,402,917,355;1;1;generator_v1;CC-BY-4.0;day,angle,dirt
images/synthetic/synth_04785.jpg;H120AC02;type1b;731,160,289,76;734,160,1020,176,1018,236,731,223;1;1;generator_v1;CC-BY-4.0;day,angle,glare,dirt
images/synthetic/synth_04786.jpg;T179CB38;type1;341,582,319,104;341,614,645,582,660,669,357,686;1;1;generator_v1;CC-BY-4.0;day,angle,glare
images/synthetic/synth_04787.jpg;T626EM138;type1;521,537,334,125;529,537,855,570,846,662,521,614;1;1;generator_v1;CC-BY-4.0;day,angle,glare,dirt
images/synthetic/synth_04788.jpg;M023AT774;type1a;380,354,401,315;380,394,773,354,781,587,406,669;1;1;generator_v1;CC-BY-4.0;day,angle
images/synthetic/synth_04789.jpg;M554OC790;type1b;790,94,240,100;795,94,1030,142,1022,194,790,143;1;1;generator_v1;CC-BY-4.0;day,angle,motion_blur
images/synthetic/synth_04790.jpg;K800OX150;type1b;397,94,361,76;397,94,758,97,753,170,399,169;1;1;generator_v1;CC-BY-4.0;day,angle
images/synthetic/synth_04791.jpg;C990CO97;type1a;139,141,313,201;154,172,451,141,452,325,139,342;1;1;generator_v1;CC-BY-4.0;day,angle,glare,dirt
images/synthetic/synth_04792.jpg;A609PC93;type1b;888,74,309,86;905,74,1197,86,1184,160,888,138;1;1;generator_v1;CC-BY-4.0;day,angle
images/synthetic/synth_04793.jpg;X726ME177;type1b;406,613,255,94;406,655,648,613,661,663,416,707;1;1;generator_v1;CC-BY-4.0;day,angle,glare,dirt,motion_blur
images/synthetic/synth_04794.jpg;B185CY98;type1b;234,131,210,86;234,169,435,131,444,184,242,217;1;1;generator_v1;CC-BY-4.0;day,angle,glare
images/synthetic/synth_04795.jpg;A408AO197;type1a;330,212,429,279;354,212,759,257,735,491,330,454;1;1;generator_v1;CC-BY-4.0;day,angle,glare
images/synthetic/synth_04796.jpg;T374TP90;type1b;558,315,320,100;562,315,878,336,873,415,558,385;1;1;generator_v1;CC-BY-4.0;day,angle,motion_blur
images/synthetic/synth_04797.jpg;C917HT125;type1a;315,202,476,311;343,202,791,232,765,513,315,459;1;1;generator_v1;CC-BY-4.0;day,angle,glare,dirt
images/synthetic/synth_04798.jpg;P938EY154;type1b;732,70,407,126;732,114,1139,70,1139,151,743,196;1;1;generator_v1;CC-BY-4.0;day,angle,glare
images/synthetic/synth_04799.jpg;H596KX763;type1a;484,232,532,378;484,317,969,232,1016,507,542,610;1;1;generator_v1;CC-BY-4.0;day,angle,glare,dirt
images/synthetic/synth_04800.jpg;H974BX138;type1a;442,463,295,199;442,475,718,463,737,662,466,647;1;1;generator_v1;CC-BY-4.0;day,angle,dirt
images/synthetic/synth_04801.jpg;T324BO190;type1b;133,18,199,59;139,18,332,30,327,77,133,71;1;1;generator_v1;CC-BY-4.0;day,angle,glare,dirt
images/synthetic/synth_04802.jpg;E690AX174;type1;534,575,312,78;546,575,846,582,831,648,534,653;1;1;generator_v1;CC-BY-4.0;day,angle,dirt
images/synthetic/synth_04803.jpg;C816KP763;type1a;211,417,273,189;237,417,484,465,469,606,211,560;1;1;generator_v1;CC-BY-4.0;day,angle,glare
images/synthetic/synth_04804.jpg;B441MT52;type1;385,511,383,122;385,553,762,511,768,600,385,633;1;1;generator_v1;CC-BY-4.0;day,angle,glare
images/synthetic/synth_04805.jpg;E799OH90;type1;402,474,410,144;402,536,799,474,812,559,405,618;1;1;generator_v1;CC-BY-4.0;day,angle
images/synthetic/synth_04806.jpg;O294BT161;type1a;230,388,347,195;255,391,577,388,568,583,230,573;1;1;generator_v1;CC-BY-4.0;day,angle
images/synthetic/synth_04807.jpg;T414XB761;type1;236,598,329,110;242,598,565,639,564,708,236,672;1;1;generator_v1;CC-BY-4.0;day,angle,dirt
images/synthetic/synth_04808.jpg;P893CT150;type1;397,449,381,133;397,490,753,449,778,525,420,582;1;1;generator_v1;CC-BY-4.0;day,angle
images/synthetic/synth_04809.jpg;B580BY761;type1;1043,220,180,69;1045,220,1223,250,1218,289,1043,258;1;1;generator_v1;CC-BY-4.0;day,angle,dirt
images/synthetic/synth_04810.jpg;X423MK38;type1a;400,341,223,196;406,341,623,373,612,537,400,486;1;1;generator_v1;CC-BY-4.0;day,angle
images/synthetic/synth_04811.jpg;O722EP99;type1a;133,529,200,132;133,545,325,529,333,641,143,661;1;1;generator_v1;CC-BY-4.0;day,angle,glare
images/synthetic/synth_04812.jpg;M930EY123;type1b;614,70,167,43;614,70,781,73,781,113,614,108;1;1;generator_v1;CC-BY-4.0;day,angle,glare
images/synthetic/synth_04813.jpg;A887HO102;type1;297,94,322,115;305,94,619,142,614,209,297,165;1;1;generator_v1;CC-BY-4.0;day,angle,glare
images/synthetic/synth_04814.jpg;X760EP163;type1a;112,299,335,266;112,352,431,299,447,489,142,565;1;1;generator_v1;CC-BY-4.0;day,angle,glare
images/synthetic/synth_04815.jpg;H862HM96;type1;628,344,268,94;633,344,896,362,890,438,628,408;1;1;generator_v1;CC-BY-4.0;day,angle,glare,dirt
images/synthetic/synth_04816.jpg;X298MP777;type1a;812,348,362,225;832,348,1174,372,1162,573,812,546;1;1;generator_v1;CC-BY-4.0;day,angle
images/synthetic/synth_04817.jpg;C421KM197;type1a;262,284,386,255;281,284,648,294,616,509,262,539;1;1;generator_v1;CC-BY-4.0;day,angle,dirt
images/synthetic/synth_04818.jpg;K085HP90;type1;729,166,422,137;729,218,1137,166,1151,250,734,303;1;1;generator_v1;CC-BY-4.0;day,angle,glare,motion_blur
images/synthetic/synth_04819.jpg;A510KY761;type1b;60,274,201,81;60,315,257,274,261,313,67,355;1;1;generator_v1;CC-BY-4.0;day,angle,glare,dirt
images/synthetic/synth_04820.jpg;E004YC38;type1b;516,262,303,116;516,311,806,262,819,324,529,378;1;1;generator_v1;CC-BY-4.0;day,angle
images/synthetic/synth_04821.jpg;Y062YC66;type1b;851,543,196,61;851,557,1046,543,1047,594,851,604;1;1;generator_v1;CC-BY-4.0;day,angle
images/synthetic/synth_04822.jpg;H046AC98;type1b;803,308,381,122;809,348,1183,308,1184,403,803,430;1;1;generator_v1;CC-BY-4.0;day,angle,glare
images/synthetic/synth_04823.jpg;K188EM193;type1b;139,193,240,88;139,229,368,193,379,250,149,281;1;1;generator_v1;CC-BY-4.0;day,angle
images/synthetic/synth_04824.jpg;T390OH02;type1a;670,244,459,313;707,244,1129,268,1075,515,670,557;1;1;generator_v1;CC-BY-4.0;day,angle,glare
images/synthetic/synth_04825.jpg;Y114MM125;type1a;625,123,407,267;668,123,1032,130,995,390,625,342;1;1;generator_v1;CC-BY-4.0;day,angle,dirt
images/synthetic/synth_04826.jpg;P097CX193;type1b;203,45,216,50;203,45,419,50,418,95,203,90;1;1;generator_v1;CC-BY-4.0;day,angle,glare,dirt
images/synthetic/synth_04827.jpg;H829OM763;type1a;154,542,208,165;165,542,362,581,357,707,154,678;1;1;generator_v1;CC-BY-4.0;day,angle
images/synthetic/synth_04828.jpg;H384CC90;type1b;797,314,282,75;797,331,1073,314,1079,377,805,389;1;1;generator_v1;CC-BY-4.0;day,angle,glare
images/synthetic/synth_04829.jpg;M649KH50;type1b;639,45,380,147;671,45,1019,97,987,192,639,120;1;1;generator_v1;CC-BY-4.0;day,angle,glare
images/synthetic/synth_04830.jpg;O436AY196;type1a;509,142,514,348;509,230,998,142,1023,403,572,490;1;1;generator_v1;CC-BY-4.0;day,angle
images/synthetic/synth_04831.jpg;E529KE23;type1a;542,432,393,234;546,432,924,448,935,666,542,665;1;1;generator_v1;CC-BY-4.0;day,angle
images/synthetic/synth_04832.jpg;B993KC799;type1b;836,129,365,136;861,129,1201,187,1179,265,836,197;1;1;generator_v1;CC-BY-4.0;day,angle,glare
images/synthetic/synth_04833.jpg;X768CK790;type1b;299,17,381,90;303,17,677,30,680,107,299,95;1;1;generator_v1;CC-BY-4.0;day,angle,dirt
images/synthetic/synth_04834.jpg;B586TM38;type1a;501,155,418,261;501,179,909,155,919,408,503,416;1;1;generator_v1;CC-BY-4.0;day,angle,dirt
images/synthetic/synth_04835.jpg;B074KE78;type1a;329,34,475,327;329,115,752,34,804,283,351,361;1;1;generator_v1;CC-BY-4.0;day,angle,dirt
images/synthetic/synth_04836.jpg;P294AX750;type1b;95,472,201,53;99,485,296,472,295,514,95,525;1;1;generator_v1;CC-BY-4.0;day,angle,dirt
images/synthetic/synth_04837.jpg;H035OX61;type1;669,326,344,92;679,326,1013,354,997,418,669,398;1;1;generator_v1;CC-BY-4.0;day,angle,motion_blur
images/synthetic/synth_04838.jpg;K343PP102;type1b;431,514,435,150;443,514,866,576,862,664,431,608;1;1;generator_v1;CC-BY-4.0;day,angle,glare,dirt
images/synthetic/synth_04839.jpg;B678CO16;type1;819,630,207,58;819,642,1016,630,1026,682,830,688;1;1;generator_v1;CC-BY-4.0;day,angle,glare,dirt
images/synthetic/synth_04840.jpg;P893HP150;type1b;360,352,444,92;361,352,804,356,791,441,360,444;1;1;generator_v1;CC-BY-4.0;day,angle,glare,dirt
images/synthetic/synth_04841.jpg;C410TK163;type1b;394,276,483,149;394,311,870,276,877,376,403,425;1;1;generator_v1;CC-BY-4.0;day,angle,glare
images/synthetic/synth_04842.jpg;X482TE93;type1a;554,102,481,321;578,102,1035,130,1008,423,554,365;1;1;generator_v1;CC-BY-4.0;day,angle
images/synthetic/synth_04843.jpg;O427HY174;type1;572,498,250,65;578,498,822,509,819,563,572,550;1;1;generator_v1;CC-BY-4.0;day,angle
images/synthetic/synth_04844.jpg;Y684OB66;type1a;512,393,210,128;532,393,722,420,697,521,512,497;1;1;generator_v1;CC-BY-4.0;day,angle,dirt
images/synthetic/synth_04845.jpg;E581XX52;type1a;93,438,294,249;107,438,387,501,382,687,93,657;1;1;generator_v1;CC-BY-4.0;day,angle
images/synthetic/synth_04846.jpg;X251BY77;type1a;898,16,183,129;898,34,1071,16,1081,136,908,145;1;1;generator_v1;CC-BY-4.0;day,angle,glare
images/synthetic/synth_04847.jpg;X737OC52;type1;290,84,203,56;298,84,493,100,483,140,290,127;1;1;generator_v1;CC-BY-4.0;day,angle,glare
images/synthetic/synth_04848.jpg;T442XB98;type1;353,382,260,76;353,406,608,382,613,434,354,458;1;1;generator_v1;CC-BY-4.0;day,angle
images/synthetic/synth_04849.jpg;A945TT52;type1b;639,304,323,128;654,304,962,367,951,432,639,369;1;1;generator_v1;CC-BY-4.0;day,angle,glare,dirt
images/synthetic/synth_04850.jpg;K838YC750;type1a;804,198,247,156;804,200,1036,198,1051,354,825,340;1;1;generator_v1;CC-BY-4.0;day,angle,dirt
images/synthetic/synth_04851.jpg;E710MY50;type1;743,52,234,87;758,52,977,83,962,139,743,102;1;1;generator_v1;CC-BY-4.0;day,angle
images/synthetic/synth_04852.jpg;T513AM174;type1b;451,318,292,76;451,332,740,318,743,386,454,394;1;1;generator_v1;CC-BY-4.0;day,angle,glare
images/synthetic/synth_04853.jpg;C741OT125;type1b;103,110,434,176;121,110,537,197,518,286,103,199;1;1;generator_v1;CC-BY-4.0;day,angle,glare
images/synthetic/synth_04854.jpg;A107CM99;type1a;290,16,265,174;290,58,537,16,555,150,317,190;1;1;generator_v1;CC-BY-4.0;day,angle,glare
images/synthetic/synth_04855.jpg;T812PE125;type1b;457,163,386,125;469,163,843,207,834,288,457,242;1;1;generator_v1;CC-BY-4.0;day,angle,glare
images/synthetic/synth_04856.jpg;E432OC97;type1b;623,574,307,77;624,574,930,576,928,643,623,651;1;1;generator_v1;CC-BY-4.0;day,angle,dirt
images/synthetic/synth_04857.jpg;T153CP178;type1a;592,194,387,280;592,194,976,206,979,474,612,420;1;1;generator_v1;CC-BY-4.0;day,angle,motion_blur
images/synthetic/synth_04858.jpg;X088HY54;type1b;494,29,447,176;494,111,923,29,941,142,507,205;1;1;generator_v1;CC-BY-4.0;day,angle,motion_blur
images/synthetic/synth_04859.jpg;O254OB702;type1a;829,349,350,218;853,349,1179,398,1139,567,829,526;1;1;generator_v1;CC-BY-4.0;day,angle,motion_blur
images/synthetic/synth_04860.jpg;E955TT152;type1;743,0,415,146;752,0,1158,61,1143,146,743,84;1;1;generator_v1;CC-BY-4.0;day,angle
images/synthetic/synth_04861.jpg;K177XH93;type1b;285,327,420,135;299,370,705,327,698,444,285,462;1;1;generator_v1;CC-BY-4.0;day,angle,motion_blur
images/synthetic/synth_04862.jpg;H935OH198;type1a;297,348,463,306;297,399,737,348,760,628,310,654;1;1;generator_v1;CC-BY-4.0;day,angle,dirt
images/synthetic/synth_04863.jpg;P284HM93;type1b;484,600,277,99;484,638,746,600,761,655,498,699;1;1;generator_v1;CC-BY-4.0;day,angle,dirt
images/synthetic/synth_04864.jpg;T551KX38;type1a;503,325,304,212;504,362,798,325,807,516,503,537;1;1;generator_v1;CC-BY-4.0;day,angle,glare,dirt
images/synthetic/synth_04865.jpg;Y070XA96;type1;370,399,181,52;370,415,543,399,551,438,379,451;1;1;generator_v1;CC-BY-4.0;day,angle,glare
images/synthetic/synth_04866.jpg;H712OK193;type1b;674,353,428,116;674,372,1088,353,1102,469,692,463;1;1;generator_v1;CC-BY-4.0;day,angle
images/synthetic/synth_04867.jpg;O693MA702;type1a;877,188,225,136;877,199,1069,188,1102,302,907,324;1;1;generator_v1;CC-BY-4.0;day,angle,glare,dirt
images/synthetic/synth_04868.jpg;C160AK123;type1b;722,550,442,150;732,550,1164,599,1152,700,722,641;1;1;generator_v1;CC-BY-4.0;day,angle,glare,dirt,motion_blur
images/synthetic/synth_04869.jpg;B023OT23;type1a;626,263,318,225;626,300,883,263,944,422,689,488;1;1;generator_v1;CC-BY-4.0;day,angle,glare,dirt
images/synthetic/synth_04870.jpg;X065AT716;type1;425,286,320,90;425,306,743,286,745,353,429,376;1;1;generator_v1;CC-BY-4.0;day,angle,glare
images/synthetic/synth_04871.jpg;O940BK50;type1a;394,226,243,157;394,249,624,226,637,365,408,383;1;1;generator_v1;CC-BY-4.0;day,angle,motion_blur
images/synthetic/synth_04872.jpg;M688YE93;type1a;587,110,361,237;611,110,948,163,911,347,587,299;1;1;generator_v1;CC-BY-4.0;day,angle
images/synthetic/synth_04873.jpg;C939CT763;type1b;526,457,262,97;531,457,788,498,786,554,526,517;1;1;generator_v1;CC-BY-4.0;day,angle,dirt
images/synthetic/synth_04874.jpg;H325CM52;type1;196,400,332,134;218,400,528,461,508,534,196,465;1;1;generator_v1;CC-BY-4.0;day,angle,glare,dirt
images/synthetic/synth_04875.jpg;O568XK799;type1;499,299,472,104;499,312,964,299,971,403,518,403;1;1;generator_v1;CC-BY-4.0;day,angle,dirt
images/synthetic/synth_04876.jpg;B124KE150;type1b;416,242,388,146;429,242,804,316,783,388,416,318;1;1;generator_v1;CC-BY-4.0;day,angle,motion_blur
images/synthetic/synth_04877.jpg;C955PB123;type1a;565,287,274,175;573,287,839,307,836,462,565,447;1;1;generator_v1;CC-BY-4.0;day,angle
images/synthetic/synth_04878.jpg;K734YE97;type1b;504,97,400,131;507,145,899,97,904,190,504,228;1;1;generator_v1;CC-BY-4.0;day,angle
images/synthetic/synth_04879.jpg;X447EK774;type1b;765,538,341,129;765,579,1090,538,1106,612,781,667;1;1;generator_v1;CC-BY-4.0;day,angle,glare
images/synthetic/synth_04880.jpg;E936XA198;type1b;103,450,460,155;103,497,531,450,563,538,129,605;1;1;generator_v1;CC-BY-4.0;day,angle,motion_blur
images/synthetic/synth_04881.jpg;O501YE61;type1b;220,95,458,129;220,137,668,95,678,190,241,224;1;1;generator_v1;CC-BY-4.0;day,angle,dirt
images/synthetic/synth_04882.jpg;X464BA23;type1;183,3,377,118;185,3,560,45,549,121,183,78;1;1;generator_v1;CC-BY-4.0;day,angle,glare,dirt
images/synthetic/synth_04883.jpg;C552TO761;type1b;357,367,336,100;369,393,693,367,685,455,357,467;1;1;generator_v1;CC-BY-4.0;day,angle
images/synthetic/synth_04884.jpg;T911TP750;type1a;581,217,347,222;626,217,928,262,877,439,581,422;1;1;generator_v1;CC-BY-4.0;day,angle,glare
images/synthetic/synth_04885.jpg;E922OX198;type1a;796,211,316,209;796,222,1080,211,1112,420,835,399;1;1;generator_v1;CC-BY-4.0;day,angle
images/synthetic/synth_04886.jpg;K009HH125;type1;120,399,490,168;120,467,592,399,610,499,129,567;1;1;generator_v1;CC-BY-4.0;day,angle
images/synthetic/synth_04887.jpg;O553HB154;type1;511,421,290,69;511,428,801,421,800,482,513,490;1;1;generator_v1;CC-BY-4.0;day,angle,glare,dirt
images/synthetic/synth_04888.jpg;E376PH702;type1;864,70,198,67;876,70,1062,92,1050,137,864,111;1;1;generator_v1;CC-BY-4.0;day,angle,glare
images/synthetic/synth_04889.jpg;Y520OY197;type1b;735,462,393,132;735,462,1127,494,1128,594,743,546;1;1;generator_v1;CC-BY-4.0;day,angle,glare,dirt
images/synthetic/synth_04890.jpg;C715TY54;type1b;924,127,180,68;924,156,1095,127,1104,164,933,195;1;1;generator_v1;CC-BY-4.0;day,angle,glare,dirt
images/synthetic/synth_04891.jpg;M745EC763;type1a;55,255,243,173;55,303,270,255,298,384,83,428;1;1;generator_v1;CC-BY-4.0;day,angle,glare
images/synthetic/synth_04892.jpg;M640CH774;type1a;453,209,483,312;453,238,932,209,936,475,478,521;1;1;generator_v1;CC-BY-4.0;day,angle
images/synthetic/synth_04893.jpg;E460MH77;type1a;410,149,261,208;410,188,651,149,671,301,436,357;1;1;generator_v1;CC-BY-4.0;day,angle
images/synthetic/synth_04894.jpg;T806TM777;type1b;418,248,459,169;431,248,877,322,873,417,418,357;1;1;generator_v1;CC-BY-4.0;day,angle
images/synthetic/synth_04895.jpg;Y965HX154;type1b;617,42,457,129;617,76,1067,42,1074,145,625,171;1;1;generator_v1;CC-BY-4.0;day,angle,glare,dirt
images/synthetic/synth_04896.jpg;E023KT193;type1b;618,306,212,54;618,317,828,306,830,350,618,360;1;1;generator_v1;CC-BY-4.0;day,angle,glare
images/synthetic/synth_04897.jpg;P262OO150;type1b;105,408,396,130;117,408,501,459,496,538,105,490;1;1;generator_v1;CC-BY-4.0;day,angle,dirt
images/synthetic/synth_04898.jpg;H255MX93;type1a;189,164,493,306;189,198,667,164,682,450,210,470;1;1;generator_v1;CC-BY-4.0;day,angle
images/synthetic/synth_04899.jpg;O916YM61;type1b;766,308,282,108;778,308,1048,359,1035,416,766,370;1;1;generator_v1;CC-BY-4.0;day,angle,glare,dirt,motion_blur
images/synthetic/synth_04900.jpg;P899BE23;type1b;584,509,245,64;596,520,829,509,819,570,584,573;1;1;generator_v1;CC-BY-4.0;day,angle,glare
images/synthetic/synth_04901.jpg;B841PA90;type1a;633,38,447,293;653,38,1080,83,1068,331,633,309;1;1;generator_v1;CC-BY-4.0;day,angle
images/synthetic/synth_04902.jpg;A388XC190;type1b;840,244,259,84;840,267,1093,244,1099,315,846,328;1;1;generator_v1;CC-BY-4.0;day,angle,glare,motion_blur
images/synthetic/synth_04903.jpg;M902BX52;type1a;466,71,404,269;466,109,853,71,870,339,484,340;1;1;generator_v1;CC-BY-4.0;day,angle,dirt
images/synthetic/synth_04904.jpg;X213AH99;type1a;164,286,197,125;174,286,361,304,349,411,164,394;1;1;generator_v1;CC-BY-4.0;day,angle
images/synthetic/synth_04905.jpg;P476BB177;type1b;752,88,262,82;764,88,1014,114,1004,170,752,139;1;1;generator_v1;CC-BY-4.0;day,angle,glare
images/synthetic/synth_04906.jpg;O777HT52;type1b;827,490,212,83;827,530,1035,490,1039,532,834,573;1;1;generator_v1;CC-BY-4.0;day,angle
images/synthetic/synth_04907.jpg;C152XP199;type1b;611,476,343,102;611,508,944,476,954,553,624,578;1;1;generator_v1;CC-BY-4.0;day,angle,motion_blur
images/synthetic/synth_04908.jpg;P419BA716;type1a;391,204,339,225;391,244,710,204,730,388,416,429;1;1;generator_v1;CC-BY-4.0;day,angle
images/synthetic/synth_04909.jpg;K609EC98;type1a;217,120,516,348;274,120,733,161,683,468,217,382;1;1;generator_v1;CC-BY-4.0;day,angle
images/synthetic/synth_04910.jpg;B951EC98;type1b;497,431,348,129;499,431,845,487,835,560,497,500;1;1;generator_v1;CC-BY-4.0;day,angle,dirt,motion_blur
images/synthetic/synth_04911.jpg;P638XE74;type1a;154,53,272,172;163,53,426,69,415,225,154,222;1;1;generator_v1;CC-BY-4.0;day,angle,dirt
images/synthetic/synth_04912.jpg;A869HO99;type1;111,314,347,76;113,314,458,319,451,390,111,388;1;1;generator_v1;CC-BY-4.0;day,angle,glare
images/synthetic/synth_04913.jpg;H318OK63;type1a;436,194,178,151;436,194,610,224,614,345,436,329;1;1;generator_v1;CC-BY-4.0;day,angle,glare,motion_blur
images/synthetic/synth_04914.jpg;X636AE96;type1b;284,45,275,86;284,75,548,45,559,99,291,131;1;1;generator_v1;CC-BY-4.0;day,angle,glare,dirt,motion_blur
images/synthetic/synth_04915.jpg;M683BT761;type1a;785,157,375,266;793,157,1160,215,1129,423,785,354;1;1;generator_v1;CC-BY-4.0;day,angle
images/synthetic/synth_04916.jpg;E771YM54;type1;156,574,429,138;161,574,585,605,577,712,156,666;1;1;generator_v1;CC-BY-4.0;day,angle
images/synthetic/synth_04917.jpg;P039PB190;type1a;817,417,338,203;817,417,1155,418,1153,620,824,608;1;1;generator_v1;CC-BY-4.0;day,angle,glare,dirt
images/synthetic/synth_04918.jpg;B461EP93;type1;322,387,339,112;327,387,661,429,650,499,322,456;1;1;generator_v1;CC-BY-4.0;day,angle,dirt
images/synthetic/synth_04919.jpg;X815BE797;type1a;84,347,506,338;121,347,590,405,553,685,84,618;1;1;generator_v1;CC-BY-4.0;day,angle,glare
images/synthetic/synth_04920.jpg;A483KO198;type1a;436,377,431,236;436,380,867,377,858,613,452,613;1;1;generator_v1;CC-BY-4.0;day,angle,dirt
images/synthetic/synth_04921.jpg;A575BK190;type1b;327,329,476,137;342,329,803,354,792,466,327,425;1;1;generator_v1;CC-BY-4.0;day,angle,dirt
images/synthetic/synth_04922.jpg;A689OE174;type1a;171,443,204,146;186,443,375,467,359,589,171,558;1;1;generator_v1;CC-BY-4.0;day,angle,dirt
images/synthetic/synth_04923.jpg;H108AM190;type1b;592,144,362,107;599,144,952,179,954,251,592,218;1;1;generator_v1;CC-BY-4.0;day,angle
images/synthetic/synth_04924.jpg;E568PT790;type1b;625,122,407,104;625,140,1022,122,1032,225,639,226;1;1;generator_v1;CC-BY-4.0;day,angle,dirt,motion_blur
images/synthetic/synth_04925.jpg;T535AH66;type1a;479,68,454,292;479,68,899,85,933,332,499,360;1;1;generator_v1;CC-BY-4.0;day,angle,dirt
images/synthetic/synth_04926.jpg;K656BH799;type1a;300,274,348,221;312,274,648,300,648,495,300,477;1;1;generator_v1;CC-BY-4.0;day,angle,glare,dirt
images/synthetic/synth_04927.jpg;Y910CY52;type1b;355,34,476,125;367,34,831,56,826,159,355,130;1;1;generator_v1;CC-BY-4.0;day,angle
images/synthetic/synth_04928.jpg;H872PX25;type1a;422,338,431,284;422,380,793,338,853,549,472,622;1;1;generator_v1;CC-BY-4.0;day,angle,motion_blur
images/synthetic/synth_04929.jpg;K035EY163;type1;445,88,290,103;445,88,735,123,733,191,448,149;1;1;generator_v1;CC-BY-4.0;day,angle,glare,motion_blur
images/synthetic/synth_04930.jpg;A271BM799;type1a;542,196,207,126;547,196,749,204,744,322,542,314;1;1;generator_v1;CC-BY-4.0;day,angle,glare
images/synthetic/synth_04931.jpg;B986HA154;type1a;471,289,278,198;482,307,749,289,728,448,471,487;1;1;generator_v1;CC-BY-4.0;day,angle,glare
images/synthetic/synth_04932.jpg;K452KK61;type1a;707,343,251,152;718,343,958,356,953,495,707,482;1;1;generator_v1;CC-BY-4.0;day,angle,dirt,motion_blur
images/synthetic/synth_04933.jpg;T253MP77;type1b;927,649,198,69;927,678,1120,649,1125,690,931,718;1;1;generator_v1;CC-BY-4.0;day,angle,dirt
images/synthetic/synth_04934.jpg;A668MB177;type1a;689,339,413,257;689,355,1098,339,1102,596,695,591;1;1;generator_v1;CC-BY-4.0;day,angle
images/synthetic/synth_04935.jpg;A051TE174;type1a;510,191,424,267;539,191,934,238,894,458,510,437;1;1;generator_v1;CC-BY-4.0;day,angle
images/synthetic/synth_04936.jpg;M768OA797;type1b;308,119,449,130;308,143,753,119,757,213,315,249;1;1;generator_v1;CC-BY-4.0;day,angle,glare
images/synthetic/synth_04937.jpg;T852XC123;type1a;229,307,405,266;229,364,604,307,634,528,269,573;1;1;generator_v1;CC-BY-4.0;day,angle,dirt,motion_blur
images/synthetic/synth_04938.jpg;E940TT123;type1b;501,454,344,78;504,462,844,454,845,529,501,532;1;1;generator_v1;CC-BY-4.0;day,angle,glare
images/synthetic/synth_04939.jpg;P147XT25;type1;111,71,439,132;111,100,550,71,548,162,115,203;1;1;generator_v1;CC-BY-4.0;day,angle,glare
images/synthetic/synth_04940.jpg;X276CK152;type1a;462,144,484,321;545,144,946,193,873,465,462,369;1;1;generator_v1;CC-BY-4.0;day,angle
images/synthetic/synth_04941.jpg;T101HH102;type1;883,33,288,90;883,62,1158,33,1171,89,894,123;1;1;generator_v1;CC-BY-4.0;day,angle
images/synthetic/synth_04942.jpg;K869CK25;type1a;724,184,266,153;724,191,990,184,979,325,725,337;1;1;generator_v1;CC-BY-4.0;day,angle
images/synthetic/synth_04943.jpg;H706AY763;type1a;818,457,381,240;818,498,1146,457,1199,638,857,697;1;1;generator_v1;CC-BY-4.0;day,angle,glare
images/synthetic/synth_04944.jpg;T668AK54;type1;248,441,197,49;248,444,437,441,445,490,257,488;1;1;generator_v1;CC-BY-4.0;day,angle,dirt
images/synthetic/synth_04945.jpg;H130TC97;type1;123,457,481,193;143,457,604,550,584,650,123,554;1;1;generator_v1;CC-BY-4.0;day,angle,dirt
images/synthetic/synth_04946.jpg;X144BX54;type1a;93,47,294,174;93,51,386,47,387,221,94,221;1;1;generator_v1;CC-BY-4.0;day,angle,glare
images/synthetic/synth_04947.jpg;A688BY799;type1b;674,179,333,105;695,179,1007,217,984,284,674,258;1;1;generator_v1;CC-BY-4.0;day,angle,glare
images/synthetic/synth_04948.jpg;T532ET102;type1a;677,352,245,180;689,352,922,383,913,532,677,519;1;1;generator_v1;CC-BY-4.0;day,angle,glare
images/synthetic/synth_04949.jpg;H329EK98;type1a;564,126,466,289;564,126,1030,131,1026,415,586,379;1;1;generator_v1;CC-BY-4.0;day,angle
images/synthetic/synth_04950.jpg;Y843XP777;type1b;554,563,357,88;554,581,910,563,911,635,563,651;1;1;generator_v1;CC-BY-4.0;day,angle
images/synthetic/synth_04951.jpg;P824CA199;type1;597,301,392,119;597,301,984,314,989,420,608,388;1;1;generator_v1;CC-BY-4.0;day,angle,motion_blur
images/synthetic/synth_04952.jpg;B035AA702;type1b;691,55,277,114;691,112,956,55,968,116,702,169;1;1;generator_v1;CC-BY-4.0;day,angle
images/synthetic/synth_04953.jpg;X254TC61;type1a;207,270,266,179;229,270,473,308,450,449,207,415;1;1;generator_v1;CC-BY-4.0;day,angle
images/synthetic/synth_04954.jpg;T866OT750;type1b;641,211,494,166;670,211,1135,276,1119,377,641,301;1;1;generator_v1;CC-BY-4.0;day,angle,glare,dirt
images/synthetic/synth_04955.jpg;X480XK774;type1b;203,167,202,64;205,188,405,167,405,213,203,231;1;1;generator_v1;CC-BY-4.0;day,angle,glare,dirt,motion_blur
images/synthetic/synth_04956.jpg;P255KE38;type1;296,346,210,73;302,346,506,377,501,419,296,390;1;1;generator_v1;CC-BY-4.0;day,angle,dirt
images/synthetic/synth_04957.jpg;P199OP99;type1a;735,184,184,113;735,192,915,184,919,292,736,297;1;1;generator_v1;CC-BY-4.0;day,angle
images/synthetic/synth_04958.jpg;K939YA198;type1b;202,482,495,124;202,502,695,482,697,586,209,606;1;1;generator_v1;CC-BY-4.0;day,angle,glare
images/synthetic/synth_04959.jpg;O657AE716;type1a;550,192,421,297;550,208,938,192,971,489,597,443;1;1;generator_v1;CC-BY-4.0;day,angle
images/synthetic/synth_04960.jpg;X138YH761;type1a;751,365,392,258;819,365,1143,389,1079,623,751,558;1;1;generator_v1;CC-BY-4.0;day,angle,dirt,motion_blur
images/synthetic/synth_04961.jpg;H180AB90;type1;428,473,354,102;428,473,781,493,782,575,436,546;1;1;generator_v1;CC-BY-4.0;day,angle,glare
images/synthetic/synth_04962.jpg;E579EE199;type1b;572,471,214,64;572,471,783,490,786,535,573,519;1;1;generator_v1;CC-BY-4.0;day,angle,glare
images/synthetic/synth_04963.jpg;M198MA163;type1;94,163,419,105;94,171,513,163,509,251,95,268;1;1;generator_v1;CC-BY-4.0;day,angle
images/synthetic/synth_04964.jpg;B579BP178;type1;411,502,354,117;428,502,765,551,744,619,411,580;1;1;generator_v1;CC-BY-4.0;day,angle,glare
images/synthetic/synth_04965.jpg;P055XE161;type1a;287,258,528,377;349,258,815,370,752,635,287,560;1;1;generator_v1;CC-BY-4.0;day,angle
images/synthetic/synth_04966.jpg;K662XM38;type1a;724,346,180,113;728,346,904,350,898,456,724,459;1;1;generator_v1;CC-BY-4.0;day,angle,dirt
images/synthetic/synth_04967.jpg;C584KM116;type1a;657,494,294,177;657,517,917,494,951,638,681,671;1;1;generator_v1;CC-BY-4.0;day,angle,glare,dirt
images/synthetic/synth_04968.jpg;B366BO178;type1a;284,296,259,182;284,330,535,296,543,437,301,478;1;1;generator_v1;CC-BY-4.0;day,angle,glare
images/synthetic/synth_04969.jpg;T817HY152;type1a;565,276,388,250;565,302,950,276,953,490,584,526;1;1;generator_v1;CC-BY-4.0;day,angle,glare,motion_blur
images/synthetic/synth_04970.jpg;M226EM797;type1b;155,132,451,160;155,199,579,132,606,216,172,292;1;1;generator_v1;CC-BY-4.0;day,angle
images/synthetic/synth_04971.jpg;H629XA102;type1a;458,429,337,193;460,429,795,437,780,622,458,620;1;1;generator_v1;CC-BY-4.0;day,angle,dirt,motion_blur
images/synthetic/synth_04972.jpg;H910AT02;type1;498,213,280,97;498,247,773,213,778,284,502,310;1;1;generator_v1;CC-BY-4.0;day,angle,glare,motion_blur
images/synthetic/synth_04973.jpg;E920BP150;type1a;255,263,253,190;255,306,487,263,508,400,281,453;1;1;generator_v1;CC-BY-4.0;day,angle,dirt
images/synthetic/synth_04974.jpg;K755CC196;type1b;766,249,375,87;766,249,1127,262,1141,336,772,334;1;1;generator_v1;CC-BY-4.0;day,angle,motion_blur
images/synthetic/synth_04975.jpg;M016BX163;type1b;377,446,496,184;377,533,856,446,873,549,401,630;1;1;generator_v1;CC-BY-4.0;day,angle
images/synthetic/synth_04976.jpg;P200AY138;type1a;383,394,375,283;400,394,752,466,758,677,383,633;1;1;generator_v1;CC-BY-4.0;day,angle,motion_blur
images/synthetic/synth_04977.jpg;T121BX797;type1b;91,201,458,164;110,201,549,273,540,365,91,294;1;1;generator_v1;CC-BY-4.0;day,angle
images/synthetic/synth_04978.jpg;K672MC198;type1b;680,169,238,68;680,188,915,169,918,218,685,237;1;1;generator_v1;CC-BY-4.0;day,angle,glare,dirt
images/synthetic/synth_04979.jpg;M692PE716;type1a;219,85,224,146;244,85,443,118,424,231,219,195;1;1;generator_v1;CC-BY-4.0;day,angle,glare
images/synthetic/synth_04980.jpg;P513PK193;type1b;378,49,202,45;379,49,580,52,579,94,378,93;1;1;generator_v1;CC-BY-4.0;day,angle,dirt
images/synthetic/synth_04981.jpg;C952PT761;type1;389,271,421,153;395,271,810,327,798,424,389,359;1;1;generator_v1;CC-BY-4.0;day,angle
images/synthetic/synth_04982.jpg;P483MP52;type1b;462,381,319,120;473,381,781,430,772,501,462,462;1;1;generator_v1;CC-BY-4.0;day,angle,dirt
images/synthetic/synth_04983.jpg;X643HT25;type1b;809,65,325,79;809,81,1129,65,1134,132,819,144;1;1;generator_v1;CC-BY-4.0;day,angle,glare
images/synthetic/synth_04984.jpg;H084CC163;type1a;876,235,307,211;910,235,1183,277,1147,446,876,429;1;1;generator_v1;CC-BY-4.0;day,angle
images/synthetic/synth_04985.jpg;K346BY102;type1a;468,307,227,158;488,307,695,346,672,465,468,426;1;1;generator_v1;CC-BY-4.0;day,angle,dirt,motion_blur
images/synthetic/synth_04986.jpg;Y153TK61;type1;725,28,334,117;735,28,1059,75,1050,145,725,105;1;1;generator_v1;CC-BY-4.0;day,angle,dirt
images/synthetic/synth_04987.jpg;M929AC50;type1;240,218,194,88;240,218,434,257,432,306,240,263;1;1;generator_v1;CC-BY-4.0;day,angle
images/synthetic/synth_04988.jpg;C881MA716;type1;648,344,459,100;648,346,1107,344,1105,441,650,444;1;1;generator_v1;CC-BY-4.0;day,angle,glare
images/synthetic/synth_04989.jpg;E560TE77;type1b;145,325,490,191;171,325,635,416,618,516,145,420;1;1;generator_v1;CC-BY-4.0;day,angle
images/synthetic/synth_04990.jpg;H377EO02;type1b;450,461,307,115;478,461,757,504,729,576,450,521;1;1;generator_v1;CC-BY-4.0;day,angle,glare
images/synthetic/synth_04991.jpg;H945TT197;type1;616,95,245,90;616,127,856,95,861,161,619,185;1;1;generator_v1;CC-BY-4.0;day,angle,dirt
images/synthetic/synth_04992.jpg;A366AE16;type1b;322,117,364,115;325,117,686,130,682,232,322,201;1;1;generator_v1;CC-BY-4.0;day,angle,dirt
images/synthetic/synth_04993.jpg;P240XP197;type1;646,326,385,128;646,370,1031,326,1030,404,653,454;1;1;generator_v1;CC-BY-4.0;day,angle
images/synthetic/synth_04994.jpg;T605XH197;type1a;557,126,395,242;557,147,952,126,938,334,568,368;1;1;generator_v1;CC-BY-4.0;day,angle,glare
images/synthetic/synth_04995.jpg;H222BC190;type1a;790,355,218,142;790,376,998,355,1008,480,798,497;1;1;generator_v1;CC-BY-4.0;day,angle,glare
images/synthetic/synth_04996.jpg;X279YX23;type1a;209,166,242,162;209,191,438,166,451,311,220,328;1;1;generator_v1;CC-BY-4.0;day,angle
images/synthetic/synth_04997.jpg;B753MB161;type1a;326,176,323,211;326,230,605,176,649,352,376,387;1;1;generator_v1;CC-BY-4.0;day,angle,glare
images/synthetic/synth_04998.jpg;X015PE138;type1;731,17,395,129;731,59,1100,17,1126,91,752,146;1;1;generator_v1;CC-BY-4.0;day,angle
images/synthetic/synth_04999.jpg;K652OM702;type1;673,115,360,103;686,115,1033,146,1016,218,673,200;1;1;generator_v1;CC-BY-4.0;day,angle,glare,motion_blur
